# www.neaspec.com
# Scan:	 	Fourier Scan
# Project:	 	nanoFTIR-QualityControl
# Description:	 	NeaSpec-Slow-Arrowhead-Clean-PSPVAC2-45avg
# Date:	 	05/17/2024 18:07:36
# Reference:	 	05/17/2024 17:03:07 NeaSpec-Slow-Arrowhead-Clean-GoldRef
# Scanner Center Position (X, Y):	[µm]	50.36	49.78	 
# Rotation:	[°]	0	 	 
# Scan Area (X, Y, Z):	[µm]	0.000	0.000	0.000
# Pixel Area (X, Y, Z):	[px]	1	1	1024
# Interferometer Center/Distance:	[µm]	470.000	490.000	 
# Averaging:	 	45	 	 
# Integration time:	[ms]	20	 	 
# Wavenumber Scaling:	 	1.003656	 	 
# Laser Source:	 	Synchrotron B
# Detector:	 	R
# Target Wavelength:	[µm]		 	 
# Demodulation Mode:	 	Fourier
# Tip Frequency:	[Hz]	68,263.500	 	 
# Tip Amplitude:	[mV]	277.800	 	 
# Tapping Amplitude:	[nm]	78.196	 	 
# Modulation Frequency:	[Hz]	0.000	 	 
# Modulation Amplitude:	[mV]	0.000	 	 
# Modulation Offset:	[mV]	0.000	 	 
# Setpoint:	[%]	80.49	 	 
# Regulator (P, I, D):	 	3.672227	6.589351	1.000000
# Tip Potential:	[mV]	0.000	 	 
# M1A Scaling:	[nm/V]	1.520	 	 
# M1A Cantilever Factor:	 	2.355	 	 
# Q-Factor:	 	221.1	 	 
# Version:	 	2.1.11508.0
Row	Column	Omega	Wavenumber	O0A	O0P	O1A	O1P	O2A	O2P	O3A	O3P	O4A	O4P	O5A	O5P	
0	0	0	0	0.33798736	-8.742278E-08	0.4013357	8.159596E-06	2.0529764	-1.3488116E-06	0.8219125	5.387307E-07	1.8386145	4.488223E-09	1.2808671	-7.699527E-08	
0	0	1	2.560346956632653	0.25545624	-1.3043382	0.32606083	0.32069078	0.9046385	-2.0519094	0.39404392	-0.3417273	0.72770864	-2.2651885	0.3301555	2.77863	
0	0	2	5.120693913265306	0.15171134	-1.9922727	0.25477573	0.4544083	0.48280972	-2.9472594	0.40682185	-0.2948638	0.64858955	-2.9126952	0.36667755	3.008096	
0	0	3	7.681040869897961	0.06812486	-1.9718707	0.18590055	0.6084194	0.27508515	2.8928113	0.4783277	-0.4913308	0.71277833	2.891904	0.43789676	2.9851873	
0	0	4	10.241387826530612	0.08303221	-0.90387297	0.11000511	0.72695744	0.16245331	2.6884835	0.47493374	-0.9790157	0.8188544	2.270459	0.51350075	2.8009596	
0	0	5	12.801734783163266	0.17351483	-0.8719247	0.04905343	0.49246782	0.093300276	2.5826154	0.3170972	-1.3879482	0.7051572	1.4099352	0.5514349	2.4838607	
0	0	6	15.362081739795922	0.26994282	-1.1211284	0.038199577	-0.45587844	0.045748066	2.47805	0.19687277	-1.5122957	0.40305698	0.7236079	0.515758	2.077903	
0	0	7	17.922428696428575	0.371759	-1.4855887	0.054196343	-0.80001026	0.012315409	1.9541458	0.13294932	-1.508819	0.21086162	0.260402	0.43116987	1.6106646	
0	0	8	20.482775653061225	0.5009302	-2.0438852	0.064038806	-0.84414953	0.020128239	-0.04687178	0.09934465	-1.4972756	0.110246636	-0.25667924	0.37298045	1.0539882	
0	0	9	23.04312260969388	0.6469515	-3.1152904	0.06674624	-0.8392045	0.04178362	-0.25313684	0.08510866	-1.5428935	0.07962133	-1.0919727	0.41750836	0.5223168	
0	0	10	25.60346956632653	0.47902218	1.583833	0.064670354	-0.8569229	0.06198491	-0.31720126	0.08938953	-1.6091595	0.10891524	-1.6600221	0.5574501	0.2819556	
0	0	11	28.163816522959188	0.34474143	0.4399923	0.061797105	-0.96598405	0.08536686	-0.34455657	0.11133884	-1.5633534	0.15946229	-1.7378693	0.67693937	0.32063612	
0	0	12	30.724163479591844	0.33417627	-0.23990838	0.07003642	-1.1618054	0.11779648	-0.28896713	0.14255145	-1.3566021	0.21154644	-1.5024828	0.6604869	0.4448984	
0	0	13	33.284510436224494	0.36097366	-0.66427606	0.09573938	-1.1347907	0.15519899	-0.08786829	0.16959663	-1.0462465	0.22901356	-0.990362	0.5344771	0.47884038	
0	0	14	35.84485739285715	0.41320097	-0.9644137	0.11400014	-0.89369124	0.17618677	0.21663728	0.18371633	-0.7058653	0.17720819	-0.3434843	0.37644625	0.2843857	
0	0	15	38.40520434948981	0.51410997	-1.1869974	0.11807757	-0.64227176	0.17064866	0.5184529	0.18555543	-0.37215444	0.10945907	0.3140896	0.28783202	-0.5192598	
0	0	16	40.96555130612245	0.768481	-1.2861832	0.11471599	-0.39912418	0.14713609	0.7776007	0.17788783	-0.04271399	0.06945772	1.150394	0.65943694	-1.6086369	
0	0	17	43.525898262755106	1.2270265	-0.56291455	0.10352282	-0.14139858	0.11200228	0.98267657	0.15971039	0.2903922	0.06830425	2.194843	2.4415715	-3.0527854	
0	0	18	46.08624521938776	0.55578315	-0.5996045	0.081639096	0.09302985	0.071193025	1.0345755	0.13058102	0.60197866	0.09816901	3.1269705	1.1128724	1.8387606	
0	0	19	48.64659217602042	0.77577484	-0.81954783	0.055935726	0.15769751	0.04483006	0.5983256	0.09765338	0.8366863	0.13189629	-2.1755073	0.5889071	1.4920955	
0	0	20	51.20693913265306	1.0090032	-0.43852586	0.041034143	-0.083043024	0.055761907	0.06631848	0.06992378	0.95356613	0.122125074	-1.2495857	0.35940444	1.1880912	
0	0	21	53.76728608928572	0.8881557	0.008545816	0.04196217	-0.41122654	0.07649009	-0.00134179	0.05115262	0.941244	0.09992311	-0.6760408	0.24139449	0.7121499	
0	0	22	56.327633045918375	0.69732696	0.27350283	0.05133832	-0.5618933	0.09094976	0.09442788	0.04160705	0.8390186	0.089910716	-0.3736477	0.22501832	0.043379933	
0	0	23	58.88798000255103	0.567622	0.4534525	0.064118445	-0.5655961	0.09635577	0.26088795	0.039073404	0.79729444	0.08982488	-0.23985322	0.3098501	-0.47333726	
0	0	24	61.44832695918369	0.48292482	0.6249987	0.07888807	-0.45374104	0.08788342	0.5017174	0.03669773	1.0433648	0.097588636	-0.21470062	0.50902754	-0.7301976	
0	0	25	64.00867391581633	0.42178425	0.8266675	0.089209765	-0.21310237	0.05384317	0.79373574	0.024574386	2.0760045	0.11795795	-0.26319024	1.0105973	-0.6109769	
0	0	26	66.56902087244899	0.36730078	1.0840933	0.080682874	0.03770039	0.018792914	-0.6845962	0.041216515	-2.1547785	0.15388723	-0.09441033	1.1414677	0.29012614	
0	0	27	69.12936782908164	0.30127573	1.417105	0.06624691	0.057612274	0.072357066	-0.911049	0.079940416	-1.337883	0.15851468	-0.09166805	0.63980293	0.49982506	
0	0	28	71.6897147857143	0.2048635	1.8251477	0.06295784	-0.062363017	0.10826944	-0.6557622	0.11279762	-0.90465206	0.1829282	-0.12571248	0.464106	0.3779834	
0	0	29	74.25006174234696	0.077541105	2.2377622	0.067880146	-0.14767627	0.12986486	-0.43306226	0.14234878	-0.5851546	0.21509318	-0.124579325	0.38997024	0.23753943	
0	0	30	76.81040869897961	0.05578014	-0.30829006	0.07599754	-0.15919976	0.1432382	-0.22389422	0.16848643	-0.28884846	0.2513018	-0.07741761	0.33935073	0.12885846	
0	0	31	79.37075565561224	0.17570275	0.03062672	0.08369424	-0.10961536	0.14920522	-0.0021532727	0.1850146	0.030283362	0.284581	0.041992623	0.2738366	0.008650444	
0	0	32	81.9311026122449	0.25970125	0.44558328	0.08767852	-0.029094324	0.14468518	0.2398234	0.177111	0.39034817	0.2922485	0.2744231	0.21624789	-0.51597494	
0	0	33	84.49144956887756	0.26201472	0.71606696	0.08692952	0.039717495	0.12753634	0.474601	0.12965038	0.7182179	0.228989	0.62062603	0.38473293	-0.81231755	
0	0	34	87.05179652551021	0.25799894	0.7132407	0.08355825	0.06922388	0.1028149	0.6536584	0.06796755	0.6050982	0.09603855	0.9018478	0.48413295	-0.6062773	
0	0	35	89.61214348214287	0.27891818	0.63460976	0.07994892	0.05492668	0.07761038	0.7534539	0.07173125	-0.09704916	0.042261813	-1.4567819	0.5125765	-0.45189828	
0	0	36	92.17249043877553	0.3112654	0.527874	0.07790141	-0.0029314577	0.053241838	0.7474694	0.103233516	-0.1452626	0.15113887	-1.5398158	0.5270888	-0.31241652	
0	0	37	94.73283739540818	0.3539003	0.35897323	0.08047374	-0.091860324	0.031765874	0.36046687	0.113192335	0.00915757	0.25198144	-1.419625	0.53348124	-0.13634193	
0	0	38	97.29318435204084	0.4278318	0.06826488	0.090547495	-0.1360381	0.042419393	-0.5013779	0.09597279	0.13390146	0.3584925	-1.21352	0.5112227	0.12456749	
0	0	39	99.8535313086735	0.6453444	-0.44595692	0.10156568	-0.067745104	0.0797853	-0.56270623	0.06534333	-0.09612953	0.4487163	-0.8369479	0.40719712	0.5012638	
0	0	40	102.41387826530612	1.9636831	-1.6371455	0.10491469	0.045976277	0.11185977	-0.36429772	0.08125414	-0.7175745	0.4220644	-0.32930073	0.19729069	0.8953004	
0	0	41	104.97422522193878	1.2035899	2.3564546	0.10229696	0.14399585	0.13139364	-0.15415749	0.13080435	-0.74399424	0.30659568	0.086601175	0.036008462	-1.1423405	
0	0	42	107.53457217857144	0.6839437	1.7212955	0.09704324	0.22178173	0.14197174	0.025492135	0.1667406	-0.5503675	0.21045248	0.4345437	0.2152861	-1.4177889	
0	0	43	110.0949191352041	0.51915085	1.3020414	0.09003916	0.28796676	0.14743061	0.18631634	0.18107213	-0.3055158	0.15227203	0.9246365	0.3917221	-1.2624011	
0	0	44	112.65526609183675	0.42272356	0.8990146	0.08024748	0.33890086	0.1471383	0.3587548	0.17105573	-0.0019338869	0.14441013	1.7306777	0.6267103	-1.0314627	
0	0	45	115.21561304846941	0.3563247	0.4178469	0.06769974	0.29591492	0.12961787	0.5308493	0.12023135	0.44944033	0.20091288	2.608686	0.92002755	-0.52638537	
0	0	46	117.77596000510206	0.3378765	-0.19547139	0.0674954	0.138165	0.10742015	0.49032587	0.009139751	2.124425	0.2652582	-2.927848	0.80370283	0.128149	
0	0	47	120.33630696173472	0.41143715	-0.8415082	0.07195679	0.15347472	0.10500598	0.4074162	0.11219922	-1.6033952	0.27704194	-2.3663697	0.5389455	0.38228235	
0	0	48	122.89665391836738	0.6267337	-1.3621005	0.07057939	0.20532773	0.10430887	0.38335478	0.16695295	-1.2047995	0.26019943	-1.9791723	0.39024433	0.41139302	
0	0	49	125.457000875	1.2221407	-1.764593	0.06663973	0.23618244	0.10082947	0.3606104	0.18871559	-0.9814763	0.24178411	-1.6708655	0.29308477	0.36152858	
0	0	50	128.01734783163266	28.966995	-0.7715686	0.062066916	0.23594211	0.09580059	0.29875815	0.19865178	-0.83386105	0.22857119	-1.358836	0.20179965	0.18301685	
0	0	51	130.57769478826532	0.89374584	0.3012191	0.058552317	0.19723773	0.09405508	0.16878642	0.20310053	-0.7061479	0.22034113	-0.98726517	0.154337	-0.5911749	
0	0	52	133.13804174489798	0.45306158	-0.5249311	0.058085453	0.14157574	0.10377911	0.029497068	0.197598	-0.57120675	0.2137289	-0.5330545	0.3178173	-1.1090043	
0	0	53	135.69838870153063	0.44833672	-1.222608	0.06001577	0.12427065	0.12138371	0.009091016	0.17795749	-0.48012388	0.20281927	-0.028745333	0.5098817	-0.9786724	
0	0	54	138.2587356581633	0.5095805	-1.6614445	0.061157055	0.14574172	0.13313757	0.068832204	0.16064964	-0.4801821	0.18337378	0.44099548	0.58874035	-0.8542441	
0	0	55	140.81908261479595	0.5526483	-2.0196075	0.060837254	0.16622502	0.13794601	0.128312	0.15452985	-0.5077419	0.15624721	0.7887678	0.57938457	-0.9118789	
0	0	56	143.3794295714286	0.5344819	-2.424545	0.060263373	0.1682281	0.14075345	0.17758475	0.15670018	-0.5036696	0.12848966	0.93345827	0.51030165	-1.3099705	
0	0	57	145.93977652806126	0.3910597	-2.993274	0.060387775	0.15510237	0.14344518	0.2417476	0.16349348	-0.42497367	0.118475616	0.8580852	0.531134	-2.4413242	
0	0	58	148.50012348469392	0.13120486	2.0920103	0.06136447	0.1355048	0.14304745	0.34454712	0.16656259	-0.22016492	0.13246612	0.7941013	0.9862465	2.676608	
0	0	59	151.06047044132657	0.24729308	-0.17086218	0.06284247	0.10926825	0.13451262	0.48079225	0.14720307	0.14155439	0.14922474	0.85310304	1.4260557	2.1566226	
0	0	60	153.62081739795923	0.4579617	-0.6806952	0.064991504	0.06398936	0.11650241	0.62273663	0.09755417	0.63883543	0.15421678	0.9816036	1.6228431	2.1467004	
0	0	61	156.18116435459189	0.61522365	-0.91677934	0.06950462	-0.005190829	0.09087628	0.7448339	0.04565956	1.5837419	0.13995929	1.1810815	1.3644975	2.4737098	
0	0	62	158.74151131122449	0.7394875	-1.0147065	0.07885696	-0.06879828	0.058339003	0.7803516	0.06848156	-3.0776253	0.09295859	1.6233402	0.7500803	2.765729	
0	0	63	161.30185826785714	0.8137445	-0.99062234	0.093570076	-0.07626136	0.029956935	0.0890821	0.15708962	-2.453738	0.08372641	-2.402021	0.28229398	2.7371087	
0	0	64	163.8622052244898	0.7627271	-0.8732232	0.109890305	-0.0056168	0.07030376	-0.6039172	0.2929236	-1.9333781	0.33552676	-1.1179208	0.08900804	1.2569629	
0	0	65	166.42255218112246	0.5508249	-0.8003335	0.12109767	0.11526285	0.11907258	-0.28694284	0.41756395	-1.2449574	0.46995085	-0.34005034	0.21584065	0.31603304	
0	0	66	168.9828991377551	0.28972918	-1.1237448	0.1236612	0.23092389	0.1370012	0.07383075	0.3959889	-0.62025934	0.4846246	0.054570638	0.30485222	0.12374319	
0	0	67	171.54324609438777	0.34795532	-2.4286585	0.12072191	0.30332536	0.13905886	0.34756237	0.32707816	-0.25721607	0.49414107	0.29073927	0.33998364	0.04065698	
0	0	68	174.10359305102043	1.147065	-2.5754805	0.11711894	0.33487144	0.138912	0.57285845	0.28090584	-0.04807433	0.52162224	0.5081054	0.3459233	0.03499247	
0	0	69	176.66394000765308	1.8636187	-1.522258	0.11449384	0.35130513	0.14055139	0.8038424	0.25881296	0.105901666	0.5683629	0.8350571	0.34782022	0.09723374	
0	0	70	179.22428696428574	1.0269691	-1.0853583	0.11105025	0.37179077	0.14125663	1.1046933	0.25441957	0.28066435	0.527928	1.4824257	0.36280283	0.21788235	
0	0	71	181.7846339209184	0.6542717	-1.1164113	0.10381608	0.38494357	0.1261058	1.5397475	0.25186363	0.5558027	0.23073325	2.1988301	0.4033339	0.42392766	
0	0	72	184.34498087755105	0.46537724	-1.3171071	0.093452044	0.3353485	0.078820825	2.0407295	0.21564521	0.9332441	0.033070553	1.8688871	0.4485011	0.8927366	
0	0	73	186.9053278341837	0.38169307	-1.688584	0.08900392	0.1894324	0.024024198	2.3519063	0.14722338	1.2439225	0.07940681	0.16982774	0.21756686	1.6196933	
0	0	74	189.46567479081637	0.44363394	-2.1428983	0.09619472	0.06887886	0.018340701	-0.18500303	0.08532139	1.3746947	0.12969184	0.26213992	0.099897966	0.27468067	
0	0	75	192.02602174744902	0.82411766	-2.297919	0.10637095	0.060273945	0.0495598	-0.090014726	0.03920239	1.1831836	0.1624243	0.485431	0.23479553	-0.029899152	
0	0	76	194.58636870408168	1.634155	-1.2433313	0.11079951	0.12147847	0.0745798	0.09490589	0.028943814	-0.09989896	0.18609326	0.8435116	0.40213746	0.07774105	
0	0	77	197.14671566071434	0.63842136	-0.3466974	0.10633776	0.19811882	0.0920322	0.33386582	0.06696021	-0.5244027	0.20084156	1.4247224	0.62487704	0.4234702	
0	0	78	199.707062617347	0.29161072	-0.07220377	0.09371392	0.23425344	0.09249914	0.6492769	0.1103657	-0.4229152	0.19841988	2.3145528	0.71188587	0.9934717	
0	0	79	202.2674095739796	0.14181118	0.2081822	0.07902404	0.14752531	0.061421666	0.97579646	0.13933147	-0.21959823	0.18426204	-2.9125974	0.57071155	1.413654	
0	0	80	204.82775653061225	0.058982816	0.4712976	0.07541092	-0.0794542	0.017882077	0.104963884	0.14689018	-0.08622963	0.18150291	-2.0155065	0.42828146	1.607325	
0	0	81	207.3881034872449	0.035764858	-0.9741804	0.08752037	-0.22069535	0.06288285	-0.76927084	0.1496965	-0.08433229	0.18929595	-1.3426461	0.32656917	1.6827569	
0	0	82	209.94845044387756	0.1732762	-1.0591024	0.101208	-0.1840939	0.10764495	-0.60705125	0.16378815	-0.15508634	0.20032093	-0.77198386	0.24935241	1.6921883	
0	0	83	212.50879740051022	0.4564473	-0.6079408	0.10554246	-0.07405579	0.13814153	-0.41767755	0.19546734	-0.21354912	0.20730978	-0.16464816	0.18304107	1.6513938	
0	0	84	215.06914435714287	0.8128125	0.017731436	0.10037819	0.019456036	0.15357195	-0.24715	0.24690427	-0.20643029	0.1830004	0.64210594	0.11437643	1.549545	
0	0	85	217.62949131377553	0.9579365	0.57951236	0.091894954	0.046483	0.15365826	-0.11902856	0.31732872	-0.10319986	0.08063836	1.779513	0.027246062	0.6548516	
0	0	86	220.1898382704082	0.93520224	0.94322526	0.087404616	0.013100793	0.14384021	-0.07767239	0.39258555	0.113498494	0.045358308	-1.2983495	0.18156295	-1.0954522	
0	0	87	222.75018522704084	0.8589774	1.1993774	0.08930361	-0.0068056392	0.13864787	-0.13330947	0.43621603	0.42014566	0.1175289	-0.32794538	0.53472614	-0.8783803	
0	0	88	225.3105321836735	0.72071636	1.4227846	0.09296736	0.040856186	0.14558212	-0.18201512	0.42164332	0.7512094	0.16661406	0.32997775	1.022474	-0.5154248	
0	0	89	227.87087914030616	0.4978563	1.5565112	0.09285619	0.13383871	0.15452512	-0.14991193	0.3585151	1.0556203	0.19784856	1.0077585	1.757522	-0.13638824	
0	0	90	230.43122609693881	0.29618138	1.3375691	0.08787656	0.21740532	0.15484375	-0.060294896	0.27248165	1.3013083	0.2116299	1.7973255	3.486313	0.6582992	
0	0	91	232.99157305357147	0.24351472	0.72224706	0.08167578	0.24814035	0.14289847	0.045363132	0.18884124	1.4638133	0.22097309	2.7191346	2.0638866	2.093836	
0	0	92	235.55192001020413	0.29751253	0.22715397	0.07929945	0.23659602	0.12068885	0.12178126	0.12126118	1.5299916	0.25039405	-2.619674	0.7635898	2.5429666	
0	0	93	238.11226696683678	0.40968624	-0.098055765	0.08122176	0.2514721	0.09531392	0.11407321	0.072117284	1.4852929	0.29358774	-1.7994419	0.29185402	2.875496	
0	0	94	240.67261392346944	0.6468003	-0.29401705	0.082104586	0.32115054	0.07509389	-0.017351963	0.038547844	1.3034453	0.30989915	-1.1350805	0.11183536	-2.3854666	
0	0	95	243.2329608801021	1.2702819	-0.13054064	0.077729605	0.3969192	0.06479925	-0.26444104	0.013868521	0.8346793	0.2737175	-0.63924485	0.17109106	-1.346421	
0	0	96	245.79330783673475	1.3950707	0.78378	0.069527626	0.40444216	0.066804595	-0.53945476	0.019712403	-1.4719356	0.20011577	-0.3542274	0.25460356	-1.1247437	
0	0	97	248.35365479336735	0.7816834	1.0434252	0.06376677	0.29398102	0.08053412	-0.6988355	0.06246871	-1.5827177	0.119373836	-0.43394202	0.3207198	-1.0728258	
0	0	98	250.91400175	0.539685	0.9664643	0.06713974	0.13591526	0.10110746	-0.68933994	0.11124477	-1.390472	0.1030782	-1.3016324	0.3867778	-1.0738962	
0	0	99	253.47434870663267	0.4327294	0.84507686	0.07808945	0.081366174	0.121415935	-0.54397875	0.15107037	-1.1424624	0.22041656	-1.6964806	0.49996758	-1.0807925	
0	0	100	256.0346956632653	0.37356678	0.79828984	0.087219425	0.14582056	0.13298565	-0.31561843	0.17605451	-0.89493805	0.41349232	-1.5263366	0.8646611	-0.8974872	
0	0	101	258.595042619898	0.28161052	1.0395298	0.08697275	0.24382815	0.12894347	-0.076520875	0.18606195	-0.6494587	0.58438694	-1.0745723	0.90590024	0.44484752	
0	0	102	261.15538957653064	0.04310299	-1.9195706	0.077616975	0.2718275	0.11223984	0.066634335	0.18056384	-0.39879543	0.5646382	-0.6040512	0.34199435	0.7295248	
0	0	103	263.7157365331633	0.27735814	-0.96851236	0.067795955	0.13146023	0.09987694	0.023445338	0.15884174	-0.15156959	0.4454883	-0.3184943	0.2000921	0.6790436	
0	0	104	266.27608348979595	0.3697261	-0.79529387	0.07074563	-0.13972342	0.1083471	-0.0865883	0.124461964	0.047008235	0.32721266	-0.17628485	0.13420199	0.7019751	
0	0	105	268.83643044642866	0.43087187	-0.720487	0.08991073	-0.293925	0.13118131	-0.06487036	0.08959157	0.09621053	0.21468121	-0.16248703	0.08089994	0.93415016	
0	0	106	271.39677740306126	0.4860248	-0.64146346	0.11468248	-0.26412272	0.15127051	0.071466945	0.07244376	-0.065918006	0.12075286	-0.66182846	0.032654896	2.207875	
0	0	107	273.95712435969386	0.53412825	-0.50555485	0.13367619	-0.12960736	0.15715571	0.23762666	0.07697231	-0.17324723	0.21419576	-1.4152021	0.09424504	-2.2895572	
0	0	108	276.5174713163266	0.54336935	-0.27458063	0.14013363	0.041135263	0.14705604	0.3515536	0.08554066	-0.056565918	0.3580373	-1.1718559	0.16430075	-1.6008185	
0	0	109	279.0778182729592	0.4627797	-0.005719947	0.13278504	0.20220934	0.13109376	0.33390462	0.08550154	0.18453866	0.3914386	-0.83738935	0.1902207	-1.1629026	
0	0	110	281.6381652295919	0.34868392	0.13714112	0.11437375	0.31328595	0.12800314	0.17538372	0.07344947	0.44071844	0.36512995	-0.5810209	0.19725338	-0.8683978	
0	0	111	284.1985121862245	0.28503653	0.18999614	0.09094809	0.30815008	0.14876956	0.037318837	0.052659392	0.569049	0.31592426	-0.35281512	0.20160197	-0.61048484	
0	0	112	286.7588591428572	0.26810792	0.3283746	0.07506555	0.093224436	0.18232171	0.04825448	0.036251985	0.27565214	0.24065705	-0.108590364	0.20467564	-0.28904852	
0	0	113	289.3192060994898	0.28942293	0.63118684	0.081335835	-0.19526483	0.2064602	0.17744601	0.04446176	-0.23651592	0.12597273	0.048910215	0.18917331	0.2752554	
0	0	114	291.8795530561225	0.37394512	1.0747535	0.102317125	-0.27183875	0.20352799	0.3351392	0.06742629	-0.358332	0.07385693	-1.1346763	0.088844664	1.7392502	
0	0	115	294.4399000127551	0.57892793	1.6495064	0.12084112	-0.17886141	0.17565237	0.4183058	0.09285068	-0.32264397	0.16975366	-1.3163457	0.1301096	-1.6870987	
0	0	116	297.00024696938783	0.83127457	2.5889926	0.12805021	-0.014991658	0.14252858	0.3323769	0.12020509	-0.2511506	0.23214199	-1.0632187	0.1915735	-0.7744327	
0	0	117	299.56059392602043	0.50548106	-2.73859	0.120966114	0.16320406	0.12976107	0.04319373	0.15239517	-0.14936547	0.25867674	-0.73677146	0.18579526	-0.111751504	
0	0	118	302.12094088265314	0.19011332	-2.5565295	0.1003253	0.29664084	0.15503958	-0.22969852	0.18631192	0.03632638	0.2286852	-0.27821296	0.13113832	0.5635935	
0	0	119	304.68128783928574	0.105413415	2.808075	0.07366962	0.25342175	0.20023702	-0.27229366	0.1870402	0.28637725	0.09541019	0.13221452	0.06896281	1.6370033	
0	0	120	307.24163479591846	0.1506076	2.4205215	0.06296428	-0.12187911	0.22846694	-0.18445212	0.1600284	0.29343414	0.073337056	-1.5197147	0.097591184	-3.109202	
0	0	121	309.80198175255106	0.14668985	2.412405	0.082265854	-0.3971805	0.2319184	-0.1213122	0.16418782	0.13758916	0.15772219	-1.513407	0.19768232	-2.493366	
0	0	122	312.36232870918377	0.09286454	2.1711032	0.109663405	-0.3667551	0.23031072	-0.12600026	0.19140293	0.05480222	0.21517901	-1.3842295	0.33815968	-2.1371977	
0	0	123	314.92267566581637	0.08934076	1.0587925	0.1299881	-0.2121204	0.2376936	-0.15705024	0.22599705	0.059373625	0.26236972	-1.2724068	0.545048	-1.7843108	
0	0	124	317.48302262244897	0.18775362	0.65831095	0.13863993	-0.021709094	0.25566646	-0.15315397	0.25930947	0.12135799	0.30735326	-1.164705	0.8070473	-1.2464333	
0	0	125	320.0433695790817	0.2983031	0.6615878	0.13464445	0.16300617	0.2744341	-0.068863906	0.28515628	0.21639247	0.3486472	-1.0360727	0.7684288	-0.50514895	
0	0	126	322.6037165357143	0.38906613	0.76092285	0.11989755	0.29806384	0.2727803	0.10220829	0.2999048	0.32540226	0.36479765	-0.87524813	0.4280055	-0.048108734	
0	0	127	325.164063492347	0.43517327	0.88840413	0.10186719	0.31925562	0.23196842	0.30458525	0.3033908	0.43639317	0.33080783	-0.78718895	0.14389458	-0.065740466	
0	0	128	327.7244104489796	0.42162707	0.9832345	0.09351799	0.21360883	0.16146891	0.41596168	0.29734612	0.5487044	0.30778164	-0.8941586	0.13740914	-2.1247928	
0	0	129	330.2847574056123	0.3658049	0.96179694	0.09910378	0.12752147	0.09742694	0.19688374	0.28067973	0.673018	0.33464056	-1.0074124	0.37699822	-2.1864464	
0	0	130	332.8451043622449	0.31667897	0.73149425	0.108017735	0.14762065	0.09056853	-0.41869715	0.24554591	0.8048504	0.37516698	-1.0243058	0.57208383	-1.9434216	
0	0	131	335.4054513188776	0.3575269	0.328975	0.11170541	0.223605	0.1239249	-0.63573253	0.19401823	0.8660164	0.40217802	-0.9897213	0.63262355	-1.6794854	
0	0	132	337.9657982755102	0.55913854	0.18445304	0.108847715	0.2995944	0.14613418	-0.58427936	0.15238109	0.78117126	0.41358697	-0.95644784	0.60338235	-1.5132574	
0	0	133	340.52614523214294	0.752389	0.4167964	0.1018128	0.34090707	0.14604579	-0.4940952	0.13341746	0.61793983	0.42385602	-0.93964285	0.5736723	-1.4394093	
0	0	134	343.08649218877554	0.7583716	0.64514077	0.09452875	0.32889542	0.13092172	-0.47603923	0.1294975	0.49779594	0.44673753	-0.91957057	0.5953388	-1.4217018	
0	0	135	345.64683914540825	0.7031228	0.74973047	0.09117536	0.2766932	0.11944938	-0.6150986	0.12789105	0.48034456	0.49251154	-0.86174786	0.77194434	-1.4436404	
0	0	136	348.20718610204085	0.6500747	0.7869211	0.092609085	0.24147151	0.13927352	-0.7885601	0.11705337	0.56102747	0.5741819	-0.708912	3.3962696	-1.4397798	
0	0	137	350.76753305867356	0.6027939	0.7903122	0.093864344	0.25896543	0.18339823	-0.67941326	0.08951165	0.7064705	0.6822969	-0.32344016	0.5271997	1.2839015	
0	0	138	353.32788001530616	0.5583706	0.7678924	0.09027693	0.28952146	0.20271848	-0.36317506	0.04351663	0.8355921	0.57152724	0.40857458	0.20003611	0.7779907	
0	0	139	355.8882269719389	0.51863724	0.7185813	0.083845556	0.27187988	0.18518765	-0.04347737	0.021450745	-1.439298	0.25381646	0.89678735	0.16735093	0.31636658	
0	0	140	358.4485739285715	0.48795804	0.6526223	0.0805648	0.19301923	0.15180257	0.21728973	0.09123138	-1.3945009	0.081863776	0.6365649	0.18444711	0.13467583	
0	0	141	361.0089208852041	0.45696375	0.59384924	0.08408639	0.118387185	0.11412988	0.41729507	0.15163939	-1.0145977	0.08942202	-0.549688	0.2129022	0.11377476	
0	0	142	363.5692678418368	0.404273	0.5201972	0.091466285	0.12555656	0.075557575	0.49083573	0.17398797	-0.58819807	0.16958132	-0.5993533	0.24765308	0.1716887	
0	0	143	366.1296147984694	0.3335626	0.3303301	0.09527522	0.21819995	0.051400103	0.12553895	0.15431221	-0.21911609	0.25495666	-0.22329615	0.2886924	0.2811094	
0	0	144	368.6899617551021	0.3015642	-0.120461896	0.09002781	0.33770895	0.07086604	-0.2046839	0.11600818	0.042294618	0.2795368	0.413631	0.33049664	0.44278118	
0	0	145	371.2503087117347	0.43174708	-0.5936834	0.07697607	0.40184417	0.09261313	0.0010843916	0.07868563	0.18921694	0.21210243	0.9427963	0.35993016	0.59535366	
0	0	146	373.8106556683674	0.75681746	-0.57220227	0.06331024	0.32734048	0.09470564	0.3023554	0.050649405	0.2391118	0.15149756	1.178847	0.40725842	0.7562772	
0	0	147	376.371002625	0.9209135	-0.13598551	0.05849475	0.10220511	0.08355583	0.5832542	0.031795092	0.3167307	0.12551004	1.1778704	0.44949555	0.98621434	
0	0	148	378.93134958163273	0.7136372	0.15347266	0.066889346	-0.087162636	0.06400231	0.8325974	0.01716404	0.8565841	0.14023288	1.0672737	0.4563434	1.2642152	
0	0	149	381.49169653826533	0.5068152	0.17567421	0.081842355	-0.09635648	0.03679135	0.96109086	0.019686628	2.4028647	0.21501045	1.0973309	0.4030722	1.528141	
0	0	150	384.05204349489804	0.3686889	0.037662234	0.09263516	0.029097416	0.01988261	-0.055194028	0.037248958	-3.0931895	0.37506467	1.5246311	0.31336266	1.6283953	
0	0	151	386.61239045153064	0.2812772	-0.22139512	0.091997564	0.18541309	0.052764196	-0.40833932	0.039155927	-2.5812588	0.42359662	2.35944	0.28007215	1.4733747	
0	0	152	389.17273740816336	0.23389691	-0.596718	0.08256884	0.2687718	0.08046536	-0.104132555	0.016210878	-2.5240905	0.3008723	2.9062474	0.33765218	1.4571584	
0	0	153	391.73308436479596	0.22910452	-1.0817368	0.073799275	0.23170435	0.09140272	0.20114325	0.029154826	2.1035662	0.20876181	-3.072846	0.3720145	1.7514032	
0	0	154	394.29343132142867	0.30449802	-1.6460277	0.072240256	0.12510566	0.08956493	0.43323192	0.06464834	2.2210915	0.14096612	-2.798316	0.2989026	2.149928	
0	0	155	396.85377827806127	0.8662084	-2.2662876	0.07775984	0.04594609	0.07907799	0.5608886	0.08929055	2.4370522	0.08160084	-2.3262274	0.160835	2.4786057	
0	0	156	399.414125234694	0.8816443	0.56667304	0.086634874	0.03515684	0.06549014	0.48834398	0.09712719	2.659539	0.061681382	-0.9355373	0.021844575	2.392424	
0	0	157	401.9744721913266	0.35992002	0.13854992	0.095456906	0.080596484	0.066260606	0.13634416	0.081254326	2.908079	0.156802	0.06870423	0.10289524	-0.032352705	
0	0	158	404.5348191479592	0.2734313	-0.11552401	0.102144085	0.160299	0.09749505	-0.077125765	0.03170375	-3.0205827	0.33000776	0.6896268	0.20613083	0.11974	
0	0	159	407.0951661045919	0.25111356	-0.24245071	0.105486445	0.25834072	0.14233495	0.0031531772	0.058937438	0.31471312	0.45947418	1.4765112	0.29481634	0.3058563	
0	0	160	409.6555130612245	0.24949007	-0.26389614	0.10442803	0.36228248	0.1795395	0.19791822	0.17248948	0.7675843	0.36279956	2.1397123	0.37771094	0.5254115	
0	0	161	412.2158600178572	0.25574473	-0.20666514	0.09814776	0.45036143	0.19844894	0.4001817	0.26613012	1.1821024	0.22235616	2.4972534	0.4701177	0.7952113	
0	0	162	414.7762069744898	0.26569247	-0.10057313	0.0883721	0.47964537	0.19895461	0.5572874	0.31617025	1.5531977	0.10729403	2.6472015	0.5978762	1.1474707	
0	0	163	417.3365539311225	0.27985877	0.030036738	0.081461124	0.421972	0.18862101	0.6376511	0.32379612	1.9257717	0.025845813	1.6075684	0.80853647	1.6866571	
0	0	164	419.8969008877551	0.3019315	0.17853156	0.08232409	0.34562698	0.17997007	0.63845146	0.28392902	2.4034927	0.10557791	0.5662476	1.0134974	2.7801747	
0	0	165	422.45724784438784	0.3293174	0.37979952	0.0873549	0.3396136	0.18047075	0.6249553	0.1833131	-3.0974953	0.21001787	0.9323013	0.5239824	-1.9498914	
0	0	166	425.01759480102044	0.32309428	0.59479755	0.08989969	0.40698826	0.17999677	0.6636841	0.10674206	-1.5228045	0.25108805	1.6869293	0.2794441	-0.5124725	
0	0	167	427.57794175765315	0.31341857	0.68669945	0.08564203	0.50899184	0.16496728	0.7270075	0.15417364	-0.33171782	0.15996045	2.5721917	0.30125138	0.47880474	
0	0	168	430.13828871428575	0.32133818	0.75197154	0.07354274	0.590279	0.1343232	0.74018663	0.1902599	0.109870054	0.0799793	-2.5656521	0.3447945	1.0158913	
0	0	169	432.69863567091846	0.33501783	0.8226756	0.056969024	0.557168	0.09696657	0.57191503	0.19861327	0.31756884	0.09947855	-1.2497449	0.3656858	1.3834822	
0	0	170	435.25898262755106	0.34879616	0.90163153	0.045374617	0.27820018	0.081735335	-0.014894662	0.18760827	0.42209086	0.16964367	-0.6154741	0.3646299	1.6934948	
0	0	171	437.8193295841838	0.35767934	0.99644	0.049995255	-0.10170062	0.13035136	-0.48049647	0.15725647	0.43919796	0.27773649	-0.109361716	0.34441164	2.0260925	
0	0	172	440.3796765408164	0.34851238	1.1182133	0.06648575	-0.23486066	0.21524443	-0.417621	0.12116964	0.080995284	0.46701992	0.8051864	0.2960215	2.5584865	
0	0	173	442.9400234974491	0.29771352	1.2113264	0.08342527	-0.16693832	0.2737326	-0.08791604	0.17845097	-0.19385244	0.27973613	2.3519518	0.19018239	-2.1785004	
0	0	174	445.5003704540817	0.24118395	1.1114215	0.09346324	-0.008118834	0.2556759	0.27416444	0.19997412	-0.12661098	0.09875292	-2.8656058	0.24286023	0.08795445	
0	0	175	448.06071741071435	0.21656217	0.91503626	0.09354873	0.17010157	0.19019598	0.5178616	0.20501252	-0.14584108	0.06882295	-1.6495707	0.26556584	0.7391152	
0	0	176	450.621064367347	0.20079118	0.6724486	0.08536589	0.31809378	0.11640025	0.56843567	0.21606798	-0.19191389	0.08597578	-0.95048845	0.25764033	0.9034661	
0	0	177	453.1814113239796	0.19971003	0.30924043	0.07307174	0.39954656	0.062603265	0.03702019	0.23699185	-0.20720793	0.10284818	-0.59919137	0.2556208	0.87291026	
0	0	178	455.7417582806123	0.24638055	-0.11776518	0.061481375	0.37718627	0.097518496	-0.78641146	0.26525134	-0.14814557	0.11348222	-0.37907213	0.2808981	0.7531769	
0	0	179	458.3021052372449	0.37553883	-0.42682257	0.056364994	0.25209522	0.17453946	-0.7567453	0.29006708	0.017790908	0.119897544	-0.24325581	0.35501888	0.6715527	
0	0	180	460.86245219387763	0.6506011	-0.5564844	0.06000331	0.15732375	0.23092028	-0.45545557	0.2869331	0.29829493	0.13029423	-0.1706228	0.48431224	0.7818693	
0	0	181	463.42279915051023	1.3153467	-0.34602785	0.0665392	0.1936138	0.23451248	-0.102526926	0.23322329	0.624259	0.15220547	-0.054301642	0.53764766	1.1935955	
0	0	182	465.98314610714294	1.4893609	0.5176124	0.069582224	0.31960353	0.1926456	0.17913212	0.15235735	0.82233393	0.17120473	0.1759419	0.3336956	1.4275346	
0	0	183	468.54349306377554	0.94893414	0.702202	0.066712335	0.4732973	0.13482599	0.2843733	0.09786639	0.6701849	0.1705049	0.4386387	0.23985815	0.9005665	
0	0	184	471.10384002040826	0.7949179	0.61887586	0.057869826	0.5973967	0.09562026	0.033181623	0.1002942	0.3997512	0.15223183	0.6388684	0.3229217	0.514198	
0	0	185	473.66418697704086	0.753902	0.57559997	0.045630183	0.58280843	0.10852271	-0.35042235	0.12633055	0.52624625	0.13076536	0.7059993	0.4283247	0.42934874	
0	0	186	476.22453393367357	0.71323085	0.6071404	0.040457167	0.28264907	0.14882982	-0.3830549	0.14262243	0.91212046	0.12204524	0.6476522	0.5147029	0.42128617	
0	0	187	478.78488089030617	0.6236803	0.70041203	0.05356992	0.03839525	0.18558443	-0.22188604	0.1385127	1.3879502	0.13024145	0.5802273	0.57291275	0.4209565	
0	0	188	481.3452278469389	0.46678334	0.8318463	0.074395336	0.09929833	0.20962971	0.009997739	0.11604715	1.831987	0.14843361	0.5783718	0.5866707	0.40618232	
0	0	189	483.9055748035715	0.2526368	0.95584804	0.091740005	0.29128188	0.21709478	0.26962376	0.08237626	2.1373885	0.1697495	0.6346104	0.48821005	0.34955403	
0	0	190	486.4659217602042	0.029594049	-0.1386499	0.10160557	0.5163083	0.20450254	0.5202088	0.047885127	2.0303452	0.18897003	0.73428595	0.32097542	-1.5675219	
0	0	191	489.0262687168368	0.25220466	-1.5293244	0.102804706	0.7371681	0.17618696	0.6955188	0.054419044	1.2725697	0.18996963	0.87916344	2.1921105	-0.64690435	
0	0	192	491.5866156734695	0.5048692	-1.2938449	0.095351	0.92721504	0.1490782	0.73464966	0.10007	1.2456803	0.16679382	0.63819927	1.7987039	-0.40331283	
0	0	193	494.1469626301021	0.7150732	-0.88511324	0.081379905	1.0455525	0.13707583	0.6676265	0.1304225	1.5355968	0.24068734	0.6361254	1.659631	-0.5509643	
0	0	194	496.7073095867347	0.721068	-0.32969806	0.06652666	1.0324851	0.13959853	0.5869693	0.12427659	1.8325274	0.27925208	0.76184684	1.5367863	-0.79958624	
0	0	195	499.2676565433674	0.48648304	0.13703056	0.058696907	0.8728572	0.1505877	0.537292	0.088420905	2.0282764	0.3086308	0.880706	1.3606639	-1.1063436	
0	0	196	501.8280035	0.24559595	0.26130995	0.061112493	0.7060884	0.16770014	0.526926	0.03459419	1.9144883	0.33571467	1.0311664	1.120995	-1.4911858	
0	0	197	504.38835045663274	0.14456332	-0.4414968	0.068075776	0.66295326	0.18780607	0.5821868	0.05004279	-0.24815981	0.35232264	1.2796742	0.79566574	-2.0629807	
0	0	198	506.94869741326534	0.26743904	-0.88574606	0.07218574	0.7303147	0.19869581	0.6996701	0.16711123	-0.3023906	0.3000358	1.7053924	0.43410283	-3.0157726	
0	0	199	509.50904436989805	0.44112414	-0.587428	0.06910513	0.85479134	0.19286628	0.8357933	0.38774112	-0.027725609	0.1421219	1.9680605	0.33316377	2.186614	
0	0	200	512.0693913265306	0.47007182	-0.065643296	0.058323406	0.98754287	0.16898179	0.9622725	0.66467786	0.77290094	0.07658304	1.1652768	0.398677	1.910977	
0	0	201	514.6297382831633	0.34386808	0.20595214	0.04248896	1.0820712	0.1279878	1.0210629	0.46769375	1.4906713	0.106928796	0.7076954	0.5039983	2.1084807	
0	0	202	517.190085239796	0.25291416	0.036102947	0.025584545	1.0594058	0.08342341	0.81297696	0.28699705	1.6446496	0.1299586	0.638121	0.62897515	2.4508812	
0	0	203	519.7504321964286	0.27892864	-0.35449588	0.01283644	0.64264387	0.076247536	0.1543353	0.19416231	1.5161012	0.14073136	0.63829494	0.73145854	2.8246937	
0	0	204	522.3107791530613	0.41356432	-0.5064993	0.011360035	-0.20614424	0.1153835	-0.18504548	0.16066952	1.1892617	0.14305139	0.65668756	0.79022074	-3.0865014	
0	0	205	524.8711261096939	0.60496527	-0.38941914	0.01191179	-0.45679665	0.16313633	-0.19030495	0.17894325	0.9159185	0.13891086	0.6769613	0.8265959	-2.6974978	
0	0	206	527.4314730663266	0.7444409	-0.101805925	0.003772641	-0.57993615	0.20432822	-0.05850526	0.21247709	0.88882756	0.13201362	0.680451	0.8850331	-2.2112844	
0	0	207	529.9918200229592	0.71943825	0.17135702	0.015229836	3.0259216	0.22628386	0.16230713	0.22424094	0.9948791	0.12766731	0.70740443	0.9992452	-1.4528584	
0	0	208	532.5521669795919	0.61228645	0.2799314	0.042288855	3.1367595	0.21341532	0.42489526	0.21308887	1.1231631	0.12014522	0.81230634	0.9557303	-0.2915268	
0	0	209	535.1125139362246	0.52943903	0.22509968	0.074333765	-3.023917	0.17072828	0.6447019	0.19156389	1.2724488	0.10687652	1.0255768	0.66920173	0.7185121	
0	0	210	537.6728608928573	0.50770515	0.08294838	0.109378986	-2.915968	0.1207779	0.78090286	0.16424248	1.5185237	0.0923879	1.4914224	0.490368	1.3389704	
0	0	211	540.2332078494899	0.5424327	-0.03262022	0.14555798	-2.8174415	0.07164867	0.85416734	0.13237	2.0397243	0.11264902	2.4466393	0.37606156	1.779892	
0	0	212	542.7935548061225	0.59125584	-0.06688396	0.17896585	-2.7301188	0.016953912	0.43989858	0.1296637	3.114704	0.28450075	-2.7598867	0.24489427	2.2577815	
0	0	213	545.3539017627552	0.6180919	-0.06597802	0.20548576	-2.6772041	0.07215114	-1.3522269	0.22057882	-2.0869055	0.48855996	-1.3333125	0.06932016	-2.7813964	
0	0	214	547.9142487193877	0.6299643	-0.07496659	0.22836052	-2.6912894	0.15714258	-0.8600258	0.35921344	-1.3310647	0.32898045	-0.54896295	0.1844845	-0.68697107	
0	0	215	550.4745956760205	0.6440643	-0.089325026	0.26269025	-2.7714863	0.18893091	-0.29621983	0.48282146	-0.6558747	0.22627169	-0.25829974	0.33939627	-0.4358813	
0	0	216	553.0349426326532	0.6594458	-0.08524209	0.32783723	-2.8561056	0.1859405	0.21758838	0.521746	0.06309804	0.1529908	-0.12920107	0.49617037	-0.4729075	
0	0	217	555.5952895892858	0.65478367	-0.058713727	0.4338042	-2.8740387	0.18181008	0.7923774	0.4440917	0.775398	0.084448926	-0.19574063	0.7301245	-0.6759039	
0	0	218	558.1556365459184	0.6166629	-0.05720293	0.57431334	-2.8042908	0.20039877	1.5039184	0.35027462	1.4224902	0.04858253	-1.3873726	1.1897343	-1.0802119	
0	0	219	560.7159835025511	0.58206224	-0.13478503	0.7292777	-2.669354	0.26232433	2.2873182	0.31796548	2.034346	0.14747897	-1.9903145	2.0004823	-1.9512415	
0	0	220	563.2763304591838	0.60058075	-0.2542365	0.8817785	-2.5056293	0.36012942	3.0554137	0.3751741	2.5791752	0.313596	-1.7624297	1.6823535	-3.1095755	
0	0	221	565.8366774158164	0.68651044	-0.3158745	1.0398971	-2.3310666	0.44709092	-2.4787233	0.58558977	3.0630114	0.4775525	-1.2046149	1.0750844	2.5377934	
0	0	222	568.397024372449	0.8053328	-0.23129338	1.2253503	-2.121387	0.45727912	-1.7208244	1.3014847	-2.352442	0.43152836	-0.5706105	0.7686244	2.1318178	
0	0	223	570.9573713290818	0.8156929	-0.020129217	1.3941598	-1.8258665	0.33109525	-0.9875106	0.7902859	-0.75063366	0.2834319	-0.3139178	0.5736978	1.7780936	
0	0	224	573.5177182857144	0.6852543	0.086229235	1.3842897	-1.4806356	0.13825819	-0.5975194	0.31055495	-0.35900918	0.21975088	-0.4098349	0.4026151	1.2966199	
0	0	225	576.0780652423471	0.5890756	0.004094675	1.2205998	-1.2219061	0.08148395	-1.7738111	0.12551841	-0.3202342	0.22726308	-0.44689	0.42010072	0.15552129	
0	0	226	578.6384121989796	0.58101976	-0.15074326	1.0726386	-1.0676225	0.19086666	-1.9522278	0.04262852	-1.593895	0.25087953	-0.25108415	1.6357263	-0.13762999	
0	0	227	581.1987591556123	0.6538892	-0.26987615	0.9799712	-0.9602282	0.30795735	-1.6996815	0.14786966	-2.3368106	0.25896537	0.22675516	2.2129765	0.9888726	
0	0	228	583.759106112245	0.80436796	-0.27442512	0.922433	-0.86285186	0.42669445	-1.3202386	0.29035145	-2.0230389	0.19693062	1.0785068	1.4350123	1.3666388	
0	0	229	586.3194530688776	0.9684795	-0.08550293	0.87956834	-0.7642267	0.48679373	-0.8260602	0.35498813	-1.4916967	0.101720475	2.197995	1.0521435	1.5929847	
0	0	230	588.8798000255102	0.91201144	0.20215158	0.83968216	-0.66492486	0.41891935	-0.39597437	0.3079321	-1.1039053	0.08195823	-2.8851457	0.75542504	1.9155854	
0	0	231	591.4401469821429	0.7156249	0.28403035	0.79702795	-0.56919056	0.31993732	-0.22188203	0.24795498	-0.9249946	0.104100436	-2.1969688	0.46262878	2.422209	
0	0	232	594.0004939387757	0.60763156	0.15976466	0.7495458	-0.4833551	0.26985604	-0.25790846	0.20800735	-0.8842656	0.13361074	-1.7820566	0.2335798	-3.031429	
0	0	233	596.5608408954082	0.60572743	-0.01559336	0.69920444	-0.41476917	0.27031025	-0.32609427	0.19383349	-0.9138502	0.16599524	-1.3938074	0.17397696	-1.8438938	
0	0	234	599.1211878520409	0.6790613	-0.12723638	0.6509915	-0.36802632	0.29246542	-0.30152917	0.20233533	-0.8984994	0.19104622	-0.91239923	0.20524606	-1.1080408	
0	0	235	601.6815348086735	0.78750455	-0.1308489	0.60953325	-0.3423929	0.3056954	-0.19435537	0.21273446	-0.77993774	0.17784746	-0.32186133	0.22333874	-0.70426035	
0	0	236	604.2418817653063	0.8697455	-0.043510076	0.577022	-0.3332353	0.29567116	-0.070485115	0.20984545	-0.61980593	0.11972503	0.2231294	0.21507628	-0.40436018	
0	0	237	606.8022287219388	0.8758225	0.06359141	0.5535491	-0.33461225	0.26837334	0.011564466	0.19614531	-0.4731194	0.055737827	0.55467683	0.1850469	-0.14353536	
0	0	238	609.3625756785715	0.8295568	0.11866276	0.5380102	-0.34074792	0.2384981	0.023113789	0.17748341	-0.3599271	0.014114751	-0.42388108	0.14065851	0.091416635	
0	0	239	611.9229226352041	0.78924334	0.11064102	0.5285576	-0.3468235	0.21784833	-0.030035714	0.1583444	-0.2907536	0.048040036	-1.2990611	0.08875719	0.27646756	
0	0	240	614.4832695918369	0.782926	0.079038434	0.5228803	-0.34989402	0.21082336	-0.109236665	0.14250274	-0.26723537	0.08371942	-1.0827359	0.03819532	0.16399564	
0	0	241	617.0436165484695	0.801665	0.06667236	0.5187565	-0.34949693	0.21412197	-0.16973047	0.1316787	-0.2748562	0.10742128	-0.7762583	0.03476636	-1.1049494	
0	0	242	619.6039635051021	0.8196124	0.08524999	0.51474005	-0.34719694	0.22071072	-0.19462201	0.124898255	-0.2958339	0.11318372	-0.47481796	0.06921013	-1.1876184	
0	0	243	622.1643104617348	0.8179156	0.11775007	0.5105025	-0.34515476	0.22495064	-0.19465086	0.12065186	-0.32611898	0.103065	-0.25946704	0.09064233	-0.945738	
0	0	244	624.7246574183675	0.79695415	0.140275	0.50657165	-0.3446386	0.22502667	-0.1894606	0.119072475	-0.36994293	0.089194536	-0.19174223	0.09681767	-0.6746489	
0	0	245	627.2850043750001	0.7712455	0.1397907	0.5036633	-0.34534177	0.222576	-0.19379538	0.12180782	-0.41955966	0.083259195	-0.23765069	0.09297162	-0.42425382	
0	0	246	629.8453513316327	0.756036	0.12126811	0.5020613	-0.34577054	0.22064337	-0.21087456	0.12951067	-0.44782063	0.08620171	-0.26664785	0.08441208	-0.20567912	
0	0	247	632.4056982882654	0.75645137	0.102720074	0.5013615	-0.34432513	0.22131784	-0.23293531	0.13964328	-0.43224734	0.090177216	-0.21430865	0.07483899	-0.018635109	
0	0	248	634.9660452448979	0.7649942	0.09990432	0.5006782	-0.34041333	0.22451217	-0.24897741	0.1477399	-0.37683922	0.08778897	-0.11864103	0.066206105	0.14820859	
0	0	249	637.5263922015307	0.7685393	0.113566026	0.49921188	-0.33489653	0.22852619	-0.25349736	0.15045916	-0.30454275	0.07742977	-0.06433058	0.05862091	0.31437582	
0	0	250	640.0867391581634	0.75976723	0.13076977	0.49681935	-0.32943135	0.23161124	-0.24868514	0.14734459	-0.24245511	0.065817505	-0.15388887	0.05108958	0.49376747	
0	0	251	642.647086114796	0.7428935	0.1376811	0.49406514	-0.32506782	0.23311442	-0.24019316	0.14086063	-0.21281776	0.06435459	-0.3727323	0.04258355	0.6911279	
0	0	252	645.2074330714286	0.72777635	0.13135529	0.49163756	-0.32135037	0.23342185	-0.23202628	0.13520303	-0.22318356	0.07456568	-0.513866	0.032297824	0.90797174	
0	0	253	647.7677800280613	0.7201928	0.119688764	0.4896726	-0.31678683	0.23310718	-0.22474708	0.13379446	-0.25588116	0.087432556	-0.5180651	0.019661866	1.1394246	
0	0	254	650.328126984694	0.71856326	0.11198756	0.48757437	-0.31022498	0.23224281	-0.21739009	0.13657907	-0.2786444	0.09646575	-0.454284	0.004798164	1.2766763	
0	0	255	652.8884739413267	0.7174213	0.11084835	0.48446056	-0.3020091	0.23048545	-0.2105949	0.14037624	-0.27547634	0.10001539	-0.37949473	0.011353426	-1.3368692	
0	0	256	655.4488208979592	0.713098	0.11129995	0.47992408	-0.29395658	0.22779973	-0.20757477	0.14207996	-0.25524655	0.099552736	-0.32479838	0.026781155	-1.1024157	
0	0	257	658.009167854592	0.7072957	0.10663992	0.47447175	-0.28797233	0.22498731	-0.21142387	0.14077543	-0.2364009	0.09774704	-0.2988106	0.04018921	-0.841891	
0	0	258	660.5695148112246	0.70528406	0.09584519	0.46916324	-0.2844007	0.2232962	-0.22133659	0.13764788	-0.23374334	0.09654579	-0.29185352	0.050451644	-0.57508665	
0	0	259	663.1298617678573	0.710567	0.08509129	0.46474847	-0.2816301	0.22344963	-0.23197116	0.13492495	-0.25167313	0.09629995	-0.28841823	0.05618423	-0.2973901	
0	0	260	665.6902087244898	0.7216755	0.082173154	0.46105218	-0.27727968	0.22500142	-0.23686118	0.13448073	-0.28075698	0.09632669	-0.28021958	0.055534508	-0.0072907945	
0	0	261	668.2505556811226	0.7333062	0.08995405	0.45702967	-0.27003235	0.22648126	-0.23312314	0.13639739	-0.303316	0.09599584	-0.26807287	0.04689645	0.28145772	
0	0	262	670.8109026377552	0.74051636	0.10402884	0.45147422	-0.26086086	0.22631803	-0.22415645	0.1388154	-0.30939633	0.09518489	-0.25442868	0.030434497	0.50674915	
0	0	263	673.3712495943878	0.7433141	0.116596624	0.44394237	-0.25262523	0.2241041	-0.2179628	0.13974857	-0.30491593	0.09379379	-0.23850006	0.011248035	0.15617116	
0	0	264	675.9315965510204	0.74665713	0.124389805	0.43511334	-0.24815403	0.22108786	-0.22117473	0.13881452	-0.30291972	0.09130301	-0.22098437	0.021296235	-1.1705123	
0	0	265	678.4919435076531	0.7547111	0.13197346	0.42624575	-0.248489	0.21916915	-0.23356235	0.13712236	-0.31174174	0.08722345	-0.2108552	0.04315527	-1.0904236	
0	0	266	681.0522904642859	0.76631266	0.14614417	0.4183663	-0.25271577	0.21939205	-0.24853542	0.13607424	-0.33039266	0.082008556	-0.22533084	0.060878504	-0.85318744	
0	0	267	683.6126374209184	0.7763112	0.16864659	0.41188586	-0.25896707	0.22136481	-0.25869963	0.13635147	-0.35105467	0.07755724	-0.27796906	0.0718684	-0.5978986	
0	0	268	686.1729843775511	0.7806687	0.19438423	0.40666726	-0.26546833	0.22376971	-0.2608193	0.13760369	-0.36554682	0.07615365	-0.35521606	0.07521608	-0.3553666	
0	0	269	688.7333313341837	0.7807948	0.21621867	0.40225428	-0.27113387	0.22530702	-0.25686544	0.13884884	-0.37096974	0.077964716	-0.41752446	0.07124544	-0.14726323	
0	0	270	691.2936782908165	0.7824963	0.23242594	0.3981011	-0.27579537	0.22544661	-0.25168958	0.13921504	-0.37065768	0.08058586	-0.44329458	0.06175123	-0.0069814064	
0	0	271	693.854025247449	0.78990537	0.24910398	0.39378592	-0.28017884	0.22455807	-0.2494653	0.13849372	-0.37098733	0.08150921	-0.44723246	0.05056088	0.009889265	
0	0	272	696.4143722040817	0.80086535	0.274326	0.38919994	-0.2856095	0.22338758	-0.2514195	0.13719247	-0.3770354	0.08022213	-0.46155265	0.043509874	-0.13772012	
0	0	273	698.9747191607144	0.80832225	0.31018615	0.3846391	-0.29340994	0.22241656	-0.25636315	0.13613535	-0.38955176	0.078848675	-0.511784	0.044800833	-0.3437999	
0	0	274	701.5350661173471	0.80648196	0.35049522	0.38071248	-0.30416504	0.22168672	-0.26291105	0.13590872	-0.40475956	0.08074606	-0.58549476	0.05196849	-0.44598866	
0	0	275	704.0954130739797	0.796092	0.38623646	0.37806365	-0.31723648	0.2210952	-0.27086735	0.13650371	-0.41714206	0.086786315	-0.6333937	0.05995371	-0.43933192	
0	0	276	706.6557600306123	0.782946	0.4134918	0.37703297	-0.33092636	0.22071415	-0.28073198	0.13735056	-0.42336115	0.094148725	-0.6284128	0.0655104	-0.37979463	
0	0	277	709.216106987245	0.7715129	0.43543532	0.37746128	-0.3433187	0.2208109	-0.29238293	0.13770513	-0.42476353	0.099385045	-0.5846759	0.06745115	-0.31704393	
0	0	278	711.7764539438778	0.76138616	0.45691952	0.3787814	-0.35334262	0.22159947	-0.3044596	0.13720776	-0.42709157	0.10080446	-0.531118	0.066876456	-0.28921294	
0	0	279	714.3368009005103	0.74957645	0.4785584	0.3803801	-0.36132997	0.22299682	-0.31515637	0.13632463	-0.43706697	0.09900443	-0.4948704	0.06661882	-0.30634272	
0	0	280	716.897147857143	0.735035	0.49660575	0.38201004	-0.36860102	0.22466353	-0.32367733	0.1362622	-0.45667905	0.09644786	-0.49055362	0.06877222	-0.33898872	
0	0	281	719.4574948137756	0.72021604	0.50782037	0.38393968	-0.37632555	0.22631481	-0.33071432	0.13815452	-0.47930813	0.09572417	-0.5087845	0.07290779	-0.34896603	
0	0	282	722.0178417704082	0.70845956	0.51335776	0.38671157	-0.3845446	0.22795704	-0.33744562	0.1420792	-0.49335912	0.09739564	-0.5237647	0.076879255	-0.32382166	
0	0	283	724.5781887270409	0.70073265	0.5176428	0.39071688	-0.39208812	0.2298258	-0.34428596	0.14687634	-0.49124277	0.09994123	-0.5198001	0.07842869	-0.27672067	
0	0	284	727.1385356836736	0.6951648	0.5240474	0.39590785	-0.3973584	0.23215277	-0.35051823	0.15093274	-0.4742797	0.10158639	-0.5016864	0.07644045	-0.23574889	
0	0	285	729.6988826403062	0.6893193	0.53231186	0.40182093	-0.39933607	0.23497929	-0.35481295	0.15318272	-0.45041996	0.101807095	-0.48453793	0.07187777	-0.23417997	
0	0	286	732.2592295969388	0.68242216	0.54007626	0.4078651	-0.3981126	0.23812096	-0.3560763	0.15364681	-0.42869505	0.10161012	-0.47887594	0.067573376	-0.29236975	
0	0	287	734.8195765535716	0.67520887	0.5459416	0.41367143	-0.39463624	0.24127771	-0.35400173	0.15319055	-0.4139067	0.102357276	-0.47954252	0.066425204	-0.39569294	
0	0	288	737.3799235102042	0.66821355	0.55020666	0.41925108	-0.3899204	0.2441776	-0.34900168	0.15262587	-0.40492606	0.103999175	-0.47170734	0.06956399	-0.4987445	
0	0	289	739.9402704668369	0.66101635	0.5529184	0.42486224	-0.38434577	0.24663274	-0.34183794	0.15203404	-0.3989157	0.105001636	-0.45031253	0.07616328	-0.5604458	
0	0	290	742.5006174234694	0.65343416	0.5522843	0.43072125	-0.3775337	0.24852915	-0.33347052	0.15113893	-0.39684984	0.104048364	-0.42663726	0.08420403	-0.56436455	
0	0	291	745.0609643801022	0.6470736	0.5461804	0.43678787	-0.36875606	0.24986428	-0.32509378	0.15025412	-0.40311232	0.10139984	-0.41888607	0.09095236	-0.5141548	
0	0	292	747.6213113367348	0.644843	0.53565127	0.4427426	-0.3574803	0.2508376	-0.31786266	0.15063724	-0.41875705	0.09893666	-0.43817002	0.09342722	-0.42655465	
0	0	293	750.1816582933675	0.64836144	0.52606195	0.44810766	-0.3436878	0.25184992	-0.31213278	0.1535977	-0.43482682	0.09887104	-0.4753051	0.08943412	-0.33042595	
0	0	294	752.74200525	0.6557977	0.52366424	0.45239976	-0.3279094	0.25328556	-0.30683646	0.1588485	-0.43574944	0.10169643	-0.50369775	0.07914848	-0.27159598	
0	0	295	755.3023522066328	0.6624263	0.5302549	0.45524982	-0.311119	0.25519347	-0.2999166	0.1639794	-0.41339603	0.105496764	-0.5057725	0.06661939	-0.316166	
0	0	296	757.8626991632655	0.664184	0.54091364	0.45650026	-0.29457253	0.25717047	-0.28977114	0.16613744	-0.37515205	0.10786494	-0.48936558	0.05970605	-0.5027153	
0	0	297	760.4230461198981	0.66144884	0.5478943	0.45627198	-0.27955243	0.25859308	-0.27648062	0.16422087	-0.33811972	0.10823652	-0.47536784	0.06420159	-0.70791364	
0	0	298	762.9833930765307	0.65869	0.54771954	0.45494032	-0.2670291	0.25901374	-0.2617871	0.15961027	-0.31850806	0.1082044	-0.47654673	0.07612763	-0.77539015	
0	0	299	765.5437400331633	0.6600687	0.5442813	0.4529906	-0.25741556	0.25840756	-0.24794291	0.15523973	-0.32211363	0.10978683	-0.48522717	0.08739244	-0.7138878	
0	0	300	768.1040869897961	0.6656306	0.5450594	0.45083374	-0.25060424	0.25708887	-0.23637718	0.15357167	-0.338729	0.11330805	-0.4797795	0.09217936	-0.58698756	
0	0	301	770.6644339464286	0.67115414	0.55429363	0.44870225	-0.24625978	0.25538826	-0.2272362	0.15465775	-0.34937552	0.116795816	-0.44557115	0.08852566	-0.45424017	
0	0	302	773.2247809030613	0.6717408	0.5689256	0.44668487	-0.24414542	0.25340143	-0.2201598	0.15629728	-0.3440075	0.11739804	-0.3879561	0.078887954	-0.36684865	
0	0	303	775.785127859694	0.6664314	0.58131504	0.44484636	-0.24425013	0.25106564	-0.21545784	0.15627111	-0.32835692	0.11353661	-0.3284961	0.06814372	-0.35758293	
0	0	304	778.3454748163267	0.6588358	0.58652276	0.443331	-0.24666734	0.24847502	-0.21432793	0.1540826	-0.3152943	0.10612842	-0.29355142	0.060397513	-0.42631423	
0	0	305	780.9058217729593	0.6530375	0.5862243	0.44237393	-0.2513511	0.24607083	-0.21771905	0.15088211	-0.31420296	0.09804539	-0.3014764	0.057341155	-0.5333348	
0	0	306	783.4661687295919	0.6499139	0.58571374	0.44222558	-0.25795633	0.24446175	-0.22487764	0.1482903	-0.32567662	0.09235384	-0.3505695	0.058324922	-0.6236365	
0	0	307	786.0265156862246	0.6471638	0.5882802	0.44305417	-0.26586595	0.24398172	-0.23306398	0.14720286	-0.34281293	0.090583734	-0.41662276	0.061471112	-0.6659532	
0	0	308	788.5868626428573	0.6421202	0.59243	0.44488636	-0.27437052	0.24434327	-0.23906714	0.14737794	-0.3579346	0.09218295	-0.47008246	0.064795874	-0.66014117	
0	0	309	791.1472095994899	0.6344846	0.594042	0.44761193	-0.28289518	0.24472283	-0.24158706	0.14800438	-0.36858174	0.09541559	-0.49639213	0.066824615	-0.6231583	
0	0	310	793.7075565561225	0.62626004	0.59077525	0.45105132	-0.29117578	0.24431394	-0.24250071	0.14856203	-0.3772243	0.09859091	-0.49772877	0.066973224	-0.5771082	
0	0	311	796.2679035127552	0.6194006	0.5837955	0.45506662	-0.2992895	0.24295856	-0.24576955	0.14912803	-0.38680935	0.10067363	-0.48389658	0.065636985	-0.54109013	
0	0	312	798.828250469388	0.6141942	0.5756872	0.45966822	-0.30749506	0.24133492	-0.25471944	0.15003294	-0.39762896	0.101333484	-0.46552542	0.06380359	-0.5254137	
0	0	313	801.3885974260205	0.6096883	0.5676807	0.46505564	-0.31592506	0.24055792	-0.26965263	0.15139517	-0.407909	0.10079139	-0.45153117	0.06243646	-0.52969426	
0	0	314	803.9489443826532	0.6051429	0.55894136	0.47155082	-0.3242714	0.24150789	-0.28737652	0.15301098	-0.41645694	0.09968228	-0.44819385	0.06206216	-0.54627275	
0	0	315	806.5092913392858	0.6009466	0.5481731	0.4794235	-0.33163777	0.24432066	-0.30297378	0.15463385	-0.4242877	0.09892666	-0.45730674	0.06276653	-0.5667032	
0	0	316	809.0696382959184	0.59810543	0.5356076	0.48866537	-0.33672538	0.24833335	-0.31271636	0.156338	-0.43369254	0.09938226	-0.47340557	0.06445671	-0.5855555	
0	0	317	811.6299852525511	0.596979	0.5230195	0.4988436	-0.33838186	0.25253728	-0.31605583	0.15860824	-0.4455214	0.101180814	-0.48531577	0.06704827	-0.5991957	
0	0	318	814.1903322091838	0.59684545	0.5118063	0.5091943	-0.33624747	0.2562322	-0.31520358	0.16199611	-0.45711118	0.103419535	-0.48603764	0.07037377	-0.6041817	
0	0	319	816.7506791658165	0.5967483	0.50160164	0.5189737	-0.3309812	0.25936818	-0.3128951	0.16659552	-0.46331486	0.10500591	-0.48070765	0.07406958	-0.59984493	
0	0	320	819.311026122449	0.5965411	0.49093896	0.5278257	-0.32380593	0.26234916	-0.31037867	0.17183325	-0.45995465	0.10588052	-0.48126245	0.07783568	-0.59020334	
0	0	321	821.8713730790818	0.59701514	0.47904453	0.53586084	-0.31570518	0.26557407	-0.30699232	0.17671816	-0.44635266	0.107212126	-0.49408987	0.08177166	-0.5796492	
0	0	322	824.4317200357144	0.5990509	0.4668939	0.5433901	-0.3068853	0.26909533	-0.3010922	0.18027502	-0.42559707	0.11043305	-0.51187223	0.08627762	-0.56718916	
0	0	323	826.9920669923471	0.6026294	0.45650268	0.5505208	-0.2968667	0.2725508	-0.2913954	0.18199866	-0.40355003	0.11580286	-0.51714015	0.0915094	-0.5451445	
0	0	324	829.5524139489796	0.6066679	0.44905034	0.55691475	-0.28514063	0.27534464	-0.27797708	0.18227313	-0.38652247	0.121661596	-0.49848565	0.09665516	-0.5055322	
0	0	325	832.1127609056124	0.6099475	0.44367546	0.5619368	-0.271918	0.2769791	-0.26244336	0.18232019	-0.3769127	0.12566362	-0.4633068	0.10002274	-0.4529148	
0	0	326	834.673107862245	0.6122707	0.43832147	0.56511575	-0.25829935	0.27733737	-0.24717087	0.18320546	-0.3702641	0.12715493	-0.4303329	0.10089063	-0.406185	
0	0	327	837.2334548188777	0.61458385	0.43182674	0.56649566	-0.2456974	0.27671275	-0.23416257	0.18473056	-0.35936365	0.1276561	-0.4104002	0.10055936	-0.37868214	
0	0	328	839.7938017755102	0.6179338	0.4250319	0.5665803	-0.23510271	0.27560583	-0.22435349	0.18562378	-0.34180054	0.12881629	-0.39766297	0.10060418	-0.3658789	
0	0	329	842.354148732143	0.6223995	0.41989002	0.5660237	-0.22676896	0.27449736	-0.21761586	0.1847728	-0.3223513	0.13056798	-0.37940434	0.10136025	-0.35517234	
0	0	330	844.9144956887757	0.62696266	0.41764355	0.5653474	-0.22033478	0.27372545	-0.21310338	0.18226352	-0.30935776	0.13134617	-0.351529	0.102063246	-0.33917794	
0	0	331	847.4748426454083	0.63030446	0.41772896	0.56479836	-0.21513349	0.2734425	-0.20960242	0.17953578	-0.308357	0.1298348	-0.32387868	0.10179531	-0.32153377	
0	0	332	850.0351896020409	0.6317976	0.41818985	0.56433266	-0.21054333	0.27360204	-0.20585456	0.17842631	-0.31615233	0.1266013	-0.31229976	0.1006363	-0.31275266	
0	0	333	852.5955365586735	0.63188785	0.41706878	0.5637105	-0.20628142	0.2739674	-0.2009278	0.17954054	-0.3213741	0.12401367	-0.3229756	0.09984943	-0.31577405	
0	0	334	855.1558835153063	0.6316608	0.4135547	0.56267315	-0.20254348	0.27417722	-0.1946076	0.18146628	-0.3142734	0.12411089	-0.3419732	0.10022621	-0.31784916	
0	0	335	857.7162304719388	0.6321216	0.40812734	0.56114185	-0.19991021	0.27388805	-0.18762146	0.18187566	-0.2959215	0.12645762	-0.34641153	0.10080138	-0.3056568	
0	0	336	860.2765774285715	0.6337793	0.4019468	0.55933696	-0.19902207	0.272955	-0.18146314	0.17947419	-0.27737442	0.12845443	-0.32719582	0.09984741	-0.28180215	
0	0	337	862.8369243852042	0.63665724	0.39620757	0.5577315	-0.20016417	0.27154952	-0.17776226	0.17504986	-0.2717737	0.12762585	-0.2959272	0.096611224	-0.26361144	
0	0	338	865.3972713418369	0.640469	0.39187065	0.5568443	-0.20301847	0.27012134	-0.17746104	0.1709931	-0.28551868	0.123675555	-0.27533	0.09226323	-0.27159855	
0	0	339	867.9576182984695	0.64469874	0.389648	0.55700505	-0.20675519	0.26921323	-0.18024457	0.16974247	-0.31269565	0.11896647	-0.28356284	0.08947241	-0.31075606	
0	0	340	870.5179652551021	0.64856213	0.3898943	0.5582373	-0.2103685	0.26922446	-0.18451336	0.1721535	-0.3378008	0.11688537	-0.3165588	0.090208635	-0.35521388	
0	0	341	873.0783122117348	0.65105677	0.39224374	0.5602828	-0.21302179	0.2702169	-0.18792096	0.17694907	-0.34691295	0.118832916	-0.3454546	0.09341752	-0.3686375	
0	0	342	875.6386591683676	0.6513257	0.39525434	0.56270254	-0.21426764	0.27182987	-0.18834823	0.1816712	-0.336945	0.122763224	-0.34391254	0.09573445	-0.3435493	
0	0	343	878.1990061250001	0.64929336	0.3966265	0.56500953	-0.21414642	0.27337903	-0.18500261	0.18429972	-0.31518292	0.12503007	-0.31235838	0.09460576	-0.30586693	
0	0	344	880.7593530816328	0.6460589	0.39435735	0.56682503	-0.21315834	0.27417508	-0.17900613	0.18432607	-0.29254195	0.12337376	-0.27347198	0.09067436	-0.2926424	
0	0	345	883.3197000382654	0.6434306	0.3882076	0.56801957	-0.21206503	0.2739088	-0.17289409	0.18264338	-0.2768493	0.11863073	-0.25510845	0.08747653	-0.32123804	
0	0	346	885.8800469948982	0.64276445	0.38008797	0.56875974	-0.21156254	0.27282262	-0.16925833	0.18058051	-0.2699708	0.114101246	-0.27105844	0.088034935	-0.36554188	
0	0	347	888.4403939515307	0.6440666	0.3728219	0.56942374	-0.21197067	0.27156082	-0.16944516	0.17904247	-0.26934555	0.112793155	-0.30805853	0.0917102	-0.3828718	
0	0	348	891.0007409081634	0.64602786	0.3682693	0.5704211	-0.21307617	0.2708394	-0.17295593	0.17832227	-0.2711875	0.11504937	-0.33780885	0.09542025	-0.36117113	
0	0	349	893.561087864796	0.64690036	0.36611822	0.57198125	-0.21420093	0.27110985	-0.1776808	0.17832117	-0.27232075	0.11894138	-0.34344882	0.09665561	-0.31781164	
0	0	350	896.1214348214287	0.64571404	0.36407968	0.5739954	-0.21453297	0.27233317	-0.18089838	0.17870626	-0.27051818	0.12219242	-0.32718083	0.0948039	-0.27864414	
0	0	351	898.6817817780613	0.64305097	0.3595364	0.57603073	-0.2136215	0.27397203	-0.18073265	0.17893629	-0.26500148	0.12345996	-0.30152625	0.091148175	-0.26606196	
0	0	352	901.242128734694	0.64060885	0.35162273	0.57758325	-0.21172984	0.2752738	-0.17731592	0.1784239	-0.25753388	0.12273779	-0.2805845	0.088171355	-0.28811157	
0	0	353	903.8024756913267	0.6397846	0.34189427	0.57843363	-0.209702	0.27574912	-0.17279856	0.17696407	-0.25256535	0.12116389	-0.27360615	0.08793616	-0.32835093	
0	0	354	906.3628226479592	0.640574	0.33286527	0.5788244	-0.20835933	0.27553627	-0.16994025	0.17513241	-0.2548934	0.12023865	-0.28046694	0.09044335	-0.35761967	
0	0	355	908.923169604592	0.6417545	0.32580224	0.57928485	-0.2078797	0.27532983	-0.17009506	0.17415492	-0.26544625	0.120870315	-0.29253906	0.09395535	-0.36094153	
0	0	356	911.4835165612246	0.6421031	0.31975776	0.5802399	-0.20764714	0.27587095	-0.17209639	0.17510255	-0.27861717	0.122955956	-0.29913303	0.09661246	-0.34304035	
0	0	357	914.0438635178573	0.64159477	0.31260505	0.5816957	-0.20667422	0.27737924	-0.17303006	0.17795284	-0.28497162	0.12560011	-0.2938189	0.0973623	-0.31790766	
0	0	358	916.6042104744898	0.6415203	0.3032091	0.58322185	-0.20428294	0.27935535	-0.17040107	0.18136814	-0.2781499	0.1276089	-0.27696404	0.09623897	-0.30188563	
0	0	359	919.1645574311226	0.64333224	0.29280645	0.5842397	-0.2005507	0.28091714	-0.16408421	0.18347505	-0.25977215	0.12806661	-0.25505224	0.09453025	-0.30764067	
0	0	360	921.7249043877553	0.6472364	0.2841897	0.58440197	-0.19620596	0.28147134	-0.1565271	0.18312207	-0.23867562	0.12685288	-0.2376084	0.09424094	-0.33273613	
0	0	361	924.2852513443879	0.6518426	0.27931157	0.5837763	-0.19207327	0.28121254	-0.15086173	0.18075591	-0.22559547	0.12477091	-0.2323376	0.09639722	-0.35608414	
0	0	362	926.8455983010205	0.65528286	0.27751184	0.5827061	-0.18853602	0.2809714	-0.14831561	0.17820941	-0.22613515	0.12308921	-0.24049704	0.09997916	-0.35724688	
0	0	363	929.4059452576532	0.65685976	0.2761093	0.58150595	-0.18541451	0.28151053	-0.14715937	0.17742686	-0.23635855	0.1227632	-0.25578728	0.10294873	-0.33419487	
0	0	364	931.9662922142859	0.6576376	0.2728683	0.5802523	-0.18226169	0.28289202	-0.14410801	0.17911184	-0.24533877	0.123903714	-0.26859796	0.1039002	-0.2999217	
0	0	365	934.5266391709185	0.6593835	0.26799786	0.5787937	-0.17875674	0.28441057	-0.13689753	0.18234362	-0.24317111	0.1258836	-0.27229142	0.10296178	-0.27076602	
0	0	366	937.0869861275511	0.6629194	0.2638899	0.5769051	-0.17489703	0.2850968	-0.12597117	0.1852867	-0.22729291	0.12789066	-0.265651	0.10162265	-0.25385487	
0	0	367	939.6473330841837	0.66732526	0.2629334	0.57442874	-0.17092839	0.28440663	-0.1140786	0.18637566	-0.20280181	0.12935723	-0.25059912	0.10120004	-0.23870689	
0	0	368	942.2076800408165	0.6706304	0.26524308	0.5713138	-0.16718285	0.2825508	-0.10418448	0.1851987	-0.17805769	0.1299577	-0.2292111	0.10111445	-0.20760825	
0	0	369	944.768026997449	0.67155164	0.26825812	0.5675855	-0.16399491	0.28019187	-0.09745708	0.18246847	-0.15925118	0.12937358	-0.2032388	0.09925567	-0.15697883	
0	0	370	947.3283739540817	0.67077744	0.26879185	0.563333	-0.16171052	0.2778292	-0.09301643	0.17921159	-0.1477673	0.12723272	-0.17595682	0.09398998	-0.103765644	
0	0	371	949.8887209107144	0.6704814	0.2657262	0.5587426	-0.16066752	0.27545413	-0.08945546	0.17601708	-0.14162165	0.12339957	-0.1537678	0.08574198	-0.07904182	
0	0	372	952.4490678673471	0.67259514	0.26086026	0.55412173	-0.16105275	0.27273002	-0.08659955	0.17290652	-0.13875926	0.118375406	-0.14518377	0.07754763	-0.11455526	
0	0	373	955.0094148239797	0.6774842	0.25744832	0.54982674	-0.1627051	0.26948476	-0.08594101	0.16970244	-0.13923146	0.11339582	-0.15662731	0.0738167	-0.20505352	
0	0	374	957.5697617806123	0.6838598	0.25795716	0.5461004	-0.16506104	0.2660638	-0.089348264	0.16647065	-0.14479953	0.10999904	-0.1865195	0.07608198	-0.28213733	
0	0	375	960.130108737245	0.6897133	0.2626586	0.542923	-0.16737936	0.26319706	-0.09712134	0.16364333	-0.15665244	0.10917375	-0.22242728	0.08068744	-0.29245225	
0	0	376	962.6904556938778	0.69357634	0.26979092	0.5400083	-0.16915317	0.2614692	-0.10720992	0.16175066	-0.17357974	0.110634	-0.24731582	0.083020665	-0.25246963	
0	0	377	965.2508026505103	0.6952663	0.2769602	0.5369816	-0.17042223	0.2608736	-0.11647473	0.16108806	-0.19223936	0.11291875	-0.25132316	0.081430905	-0.2067537	
0	0	378	967.811149607143	0.6956552	0.28261718	0.5336319	-0.17174283	0.26084164	-0.12288266	0.16160028	-0.20872393	0.11428955	-0.23714986	0.077477805	-0.1926981	
0	0	379	970.3714965637756	0.6958513	0.28660372	0.5300679	-0.17380285	0.2606881	-0.12669191	0.16293713	-0.2199069	0.113693096	-0.21655458	0.07433948	-0.221964	
0	0	380	972.9318435204084	0.6965305	0.28973317	0.52666086	-0.17692868	0.26008844	-0.12983203	0.16454789	-0.22420485	0.1112661	-0.20401421	0.074313365	-0.2682246	
0	0	381	975.4921904770409	0.6977346	0.2930474	0.5238084	-0.18081224	0.25924042	-0.13419157	0.16579378	-0.22200796	0.10829029	-0.21026257	0.07682228	-0.2909995	
0	0	382	978.0525374336736	0.69899833	0.29722473	0.52167165	-0.18465546	0.25862256	-0.1401307	0.16611256	-0.2158306	0.10657942	-0.23539375	0.07926816	-0.27880335	
0	0	383	980.6128843903062	0.6996415	0.3022244	0.5200568	-0.18765378	0.2585481	-0.14630663	0.16523889	-0.21004036	0.10737947	-0.26588833	0.07960664	-0.25198305	
0	0	384	983.173231346939	0.6991822	0.30723464	0.5185268	-0.18951964	0.25887695	-0.15099126	0.16343303	-0.2097971	0.11045339	-0.28306296	0.07783741	-0.23997694	
0	0	385	985.7335783035716	0.6977219	0.3110936	0.5166826	-0.1906845	0.2591398	-0.15376852	0.16156086	-0.21870095	0.11422881	-0.27695894	0.07581249	-0.26108572	
0	0	386	988.2939252602042	0.695968	0.31307065	0.5144355	-0.19202289	0.25897843	-0.15606788	0.16078475	-0.23576212	0.116801314	-0.25108823	0.07578079	-0.30744848	
0	0	387	990.8542722168369	0.6947796	0.3133945	0.5120758	-0.19425759	0.25852025	-0.16003557	0.16188206	-0.2545322	0.116908	-0.21823873	0.07853516	-0.3490354	
0	0	388	993.4146191734694	0.69461274	0.31305903	0.5100809	-0.19745012	0.2583602	-0.16662797	0.1646864	-0.26657826	0.11453449	-0.19495393	0.08285419	-0.36222965	
0	0	389	995.9749661301022	0.69530916	0.31310895	0.5087935	-0.20093906	0.25912714	-0.1744262	0.16812342	-0.26677668	0.111106195	-0.19516392	0.08671928	-0.34730193	
0	0	390	998.5353130867348	0.69633365	0.31399274	0.5081933	-0.20378144	0.26093772	-0.18034363	0.17078051	-0.25619954	0.108890325	-0.2208044	0.088761896	-0.32047054	
0	0	391	1001.0956600433675	0.69725215	0.31545565	0.50792587	-0.20539607	0.2632008	-0.18200478	0.17168875	-0.2414983	0.10949054	-0.25679737	0.08894528	-0.3009625	
0	0	392	1003.656007	0.69804394	0.31706205	0.5075757	-0.20593347	0.2650243	-0.17984165	0.17098305	-0.23146303	0.11266482	-0.28249958	0.08851524	-0.30130693	
0	0	393	1006.2163539566328	0.6989136	0.31883022	0.5069862	-0.20606685	0.2659581	-0.17693397	0.16996293	-0.23154517	0.116822354	-0.28886092	0.089284696	-0.3187501	
0	0	394	1008.7767009132655	0.6997788	0.32121745	0.506369	-0.2063489	0.26645815	-0.17650948	0.17025805	-0.23924747	0.1204788	-0.28084683	0.0923466	-0.33347943	
0	0	395	1011.3370478698981	0.7000577	0.3243447	0.50609994	-0.20662707	0.2676194	-0.17884718	0.1726136	-0.2450399	0.123219356	-0.26838985	0.09702701	-0.3228628	
0	0	396	1013.8973948265307	0.6991347	0.32725564	0.5063411	-0.2060004	0.27026227	-0.18008044	0.17629091	-0.23919857	0.12568147	-0.25683874	0.10119343	-0.2796115	
0	0	397	1016.4577417831634	0.69720733	0.32815	0.5067691	-0.20341884	0.27402294	-0.17451234	0.17950982	-0.21849114	0.12864289	-0.24223271	0.1026841	-0.21415173	
0	0	398	1019.0180887397961	0.6956815	0.3257679	0.5066369	-0.19853848	0.27724063	-0.15905336	0.18052402	-0.18761837	0.13186648	-0.21532275	0.10055878	-0.14540613	
0	0	399	1021.5784356964288	0.6964956	0.320907	0.5051639	-0.19221766	0.2778573	-0.13613816	0.1786075	-0.15592541	0.133826	-0.1715035	0.09540016	-0.092105806	
0	0	400	1024.1387826530613	0.7007238	0.31657127	0.5020088	-0.18629415	0.2747335	-0.11307579	0.17434151	-0.13236175	0.13264073	-0.116908245	0.08880685	-0.06751512	
0	0	401	1026.699129609694	0.70752376	0.31629282	0.49752274	-0.18277615	0.26848635	-0.09860012	0.16906323	-0.12150546	0.12742572	-0.067398205	0.08257014	-0.07553441	
0	0	402	1029.2594765663266	0.7142935	0.3216476	0.4926345	-0.18289919	0.2612751	-0.09836088	0.16397394	-0.12271664	0.11920507	-0.043494172	0.077890605	-0.10896609	
0	0	403	1031.8198235229593	0.718282	0.33078048	0.48843968	-0.18651807	0.2556112	-0.111481525	0.15961541	-0.13279605	0.11087369	-0.060771145	0.07500806	-0.15491119	
0	0	404	1034.380170479592	0.71874833	0.339517	0.48571348	-0.19215995	0.2529351	-0.13087294	0.1560599	-0.14971198	0.105810456	-0.11406952	0.07361323	-0.20444645	
0	0	405	1036.9405174362246	0.71764004	0.3446735	0.48459414	-0.19772808	0.25297138	-0.1480279	0.15351535	-0.17330974	0.10539937	-0.17144915	0.07356899	-0.2532785	
0	0	406	1039.5008643928572	0.7178686	0.34669963	0.48457885	-0.20148502	0.25428706	-0.1583668	0.15259084	-0.20177878	0.107735984	-0.20096047	0.07492197	-0.29421502	
0	0	407	1042.06121134949	0.720768	0.34925494	0.4848075	-0.20278975	0.25544202	-0.162541	0.15378748	-0.22825152	0.10946748	-0.19937018	0.07729614	-0.31740177	
0	0	408	1044.6215583061226	0.72479403	0.3561058	0.48448116	-0.20225833	0.25575536	-0.1638539	0.15667419	-0.24300405	0.10860058	-0.18631892	0.07972101	-0.31957185	
0	0	409	1047.1819052627552	0.72649384	0.36757725	0.48322093	-0.20133384	0.25527158	-0.16518775	0.15962681	-0.24047185	0.10555793	-0.18406536	0.08124357	-0.30862388	
0	0	410	1049.7422522193879	0.7234867	0.37956882	0.4811998	-0.20151135	0.25427955	-0.16792843	0.16057217	-0.22471656	0.102301694	-0.20274809	0.081726424	-0.29799405	
0	0	411	1052.3025991760205	0.7169132	0.38673645	0.47898698	-0.20360662	0.2530094	-0.1727505	0.15840147	-0.20875572	0.10059907	-0.23468919	0.08198854	-0.2948064	
0	0	412	1054.8629461326532	0.71058947	0.38698664	0.47720328	-0.20743582	0.25172442	-0.18039173	0.15399992	-0.20762673	0.10066124	-0.2622024	0.0828425	-0.2919631	
0	0	413	1057.4232930892858	0.70798343	0.38299173	0.47618842	-0.21206574	0.25089183	-0.19114298	0.14983562	-0.22847615	0.101216055	-0.27494514	0.08393124	-0.27651533	
0	0	414	1059.9836400459185	0.7099157	0.3801475	0.47586653	-0.21646945	0.2510469	-0.20371568	0.14827682	-0.26428172	0.10090492	-0.27802217	0.08386788	-0.24653184	
0	0	415	1062.5439870025511	0.714087	0.38288322	0.4758804	-0.2201626	0.25237882	-0.21524876	0.14999744	-0.29820794	0.099512525	-0.28424153	0.08153933	-0.21663238	
0	0	416	1065.1043339591838	0.71662104	0.39147323	0.47589236	-0.22340363	0.2544855	-0.22308473	0.15370208	-0.3165195	0.09797129	-0.30198956	0.0772784	-0.21072958	
0	0	417	1067.6646809158165	0.71503294	0.4018853	0.47583446	-0.22683728	0.2566247	-0.22664033	0.15722081	-0.31742743	0.09745566	-0.3284646	0.07303733	-0.24721509	
0	0	418	1070.2250278724491	0.7101116	0.40919867	0.47593042	-0.23088661	0.25823405	-0.22749536	0.15898336	-0.3093999	0.09840131	-0.3519537	0.07123016	-0.31948847	
0	0	419	1072.7853748290818	0.70494217	0.41133836	0.47648296	-0.23535523	0.25923815	-0.22785857	0.15888107	-0.30385527	0.10013915	-0.3620037	0.07281778	-0.39355627	
0	0	420	1075.3457217857147	0.702484	0.4102435	0.47759712	-0.2395478	0.25992593	-0.22896317	0.15811819	-0.3079393	0.10145509	-0.35837942	0.07664006	-0.44019458	
0	0	421	1077.906068742347	0.7035921	0.41051254	0.47905943	-0.24281973	0.26058114	-0.23068151	0.15824808	-0.32034826	0.10159446	-0.35025054	0.08088903	-0.45822155	
0	0	422	1080.4664156989797	0.7061846	0.41635942	0.4804771	-0.2451106	0.26124105	-0.23244427	0.1600196	-0.33272576	0.10078935	-0.34831265	0.084743164	-0.46120664	
0	0	423	1083.0267626556124	0.70625633	0.42818543	0.48156667	-0.24701987	0.2617966	-0.23429668	0.16284758	-0.33658674	0.09996883	-0.35736135	0.08847294	-0.45701796	
0	0	424	1085.587109612245	0.7007785	0.44149604	0.4823609	-0.24937844	0.26225162	-0.2369153	0.16530538	-0.32991314	0.10002387	-0.37349635	0.09239416	-0.44270244	
0	0	425	1088.1474565688777	0.6902734	0.44966283	0.4831781	-0.25266445	0.26281422	-0.24074493	0.16615632	-0.31807417	0.10114818	-0.38765138	0.096083395	-0.4125979	
0	0	426	1090.7078035255104	0.6786922	0.44838607	0.48439035	-0.2567	0.26372603	-0.2453657	0.16516706	-0.31024948	0.10272938	-0.39367515	0.098464	-0.36666363	
0	0	427	1093.268150482143	0.6709163	0.4387248	0.48617107	-0.26082775	0.2650357	-0.2498367	0.16333145	-0.3143011	0.103931524	-0.39355516	0.09840484	-0.3134136	
0	0	428	1095.8284974387755	0.6696991	0.42692122	0.4884053	-0.26441452	0.26657864	-0.25366056	0.16237365	-0.3315545	0.104427725	-0.39504755	0.09552405	-0.26898405	
0	0	429	1098.3888443954083	0.6737452	0.42053097	0.49081823	-0.2672872	0.26820734	-0.257287	0.16364445	-0.35477394	0.10464739	-0.4055228	0.09077896	-0.25161198	
0	0	430	1100.949191352041	0.6784024	0.42297536	0.4932161	-0.26977584	0.2700323	-0.2615244	0.16719332	-0.37310532	0.10550997	-0.4271256	0.08614005	-0.2719502	
0	0	431	1103.5095383086737	0.6790425	0.43109736	0.49564865	-0.27235192	0.27240765	-0.26641595	0.17188355	-0.38012773	0.10795081	-0.45494005	0.08358115	-0.32607567	
0	0	432	1106.0698852653063	0.6745551	0.43801293	0.4983735	-0.27515462	0.2756598	-0.2706951	0.17634372	-0.37695858	0.11245729	-0.47880593	0.08442255	-0.39539284	
0	0	433	1108.630232221939	0.6678518	0.4386322	0.5016463	-0.27775556	0.27979687	-0.27233943	0.17989397	-0.36930612	0.118800916	-0.4883297	0.089016356	-0.4517871	
0	0	434	1111.1905791785716	0.66312116	0.4334149	0.5054871	-0.2793474	0.28443366	-0.2697286	0.18287143	-0.3621088	0.12608647	-0.47751996	0.09622405	-0.47037026	
0	0	435	1113.7509261352043	0.6622987	0.42764857	0.5095897	-0.2792265	0.28896397	-0.26246434	0.1861008	-0.3552065	0.1329836	-0.44611675	0.10331292	-0.44564006	
0	0	436	1116.3112730918367	0.6634883	0.42666647	0.5134325	-0.2772407	0.29282323	-0.25137568	0.18981871	-0.34373912	0.13798796	-0.39921936	0.10727129	-0.3960985	
0	0	437	1118.8716200484696	0.662704	0.43094182	0.5165225	-0.2739197	0.29566485	-0.23794948	0.19308825	-0.32374668	0.13989411	-0.34731779	0.107080735	-0.35467428	
0	0	438	1121.4319670051023	0.65755576	0.4357718	0.51861686	-0.2702392	0.29738477	-0.22371826	0.19438922	-0.29756287	0.13863166	-0.30493942	0.10515237	-0.3500332	
0	0	439	1123.9923139617347	0.6492823	0.43568507	0.5198038	-0.26718715	0.2980495	-0.2099334	0.19297668	-0.27414167	0.13582438	-0.28421417	0.105982065	-0.37835494	
0	0	440	1126.5526609183676	0.64131296	0.42899406	0.52040666	-0.26539135	0.2978143	-0.19751568	0.18993145	-0.2633256	0.13399196	-0.28494686	0.11158572	-0.3945639	
0	0	441	1129.113007875	0.63625646	0.4186169	0.520798	-0.26501304	0.2968741	-0.1871389	0.1876053	-0.2667444	0.1346364	-0.29205275	0.11858977	-0.36198732	
0	0	442	1131.6733548316329	0.63409656	0.40908593	0.5212624	-0.26590696	0.2954539	-0.17931896	0.18748388	-0.27497068	0.13702959	-0.28764957	0.12140036	-0.28972414	
0	0	443	1134.2337017882655	0.6328177	0.40265393	0.5219854	-0.2678463	0.29382825	-0.17441098	0.18887046	-0.27706292	0.13886194	-0.26615724	0.116895795	-0.21671887	
0	0	444	1136.794048744898	0.6306184	0.39813104	0.5231189	-0.2705991	0.29233035	-0.17243037	0.18988281	-0.27093834	0.13811097	-0.2377407	0.10679269	-0.1923387	
0	0	445	1139.3543957015308	0.6273938	0.3931827	0.52481514	-0.27383897	0.2912912	-0.17278653	0.18932407	-0.26353994	0.13470931	-0.22008894	0.09761069	-0.253002	
0	0	446	1141.9147426581635	0.62414545	0.38701007	0.52717227	-0.2770524	0.29089537	-0.17425995	0.1877342	-0.26368576	0.13063513	-0.22492374	0.096405774	-0.3665843	
0	0	447	1144.475089614796	0.62148625	0.38059655	0.53013176	-0.2796112	0.2910564	-0.17550589	0.18693109	-0.2733882	0.1281818	-0.24825686	0.10305102	-0.4418412	
0	0	448	1147.0354365714288	0.6190275	0.37493613	0.53343505	-0.28102684	0.2914591	-0.17585818	0.18819453	-0.28451413	0.12807497	-0.27457508	0.11096414	-0.44730917	
0	0	449	1149.5957835280612	0.6161069	0.36955073	0.53670573	-0.28121686	0.2917993	-0.17575511	0.19077961	-0.28663722	0.12925847	-0.29199046	0.115049526	-0.41694126	
0	0	450	1152.1561304846941	0.61291015	0.36298862	0.5396329	-0.28056264	0.2920544	-0.17626925	0.19255266	-0.27813524	0.13026366	-0.30124083	0.11484952	-0.39093176	
0	0	451	1154.7164774413268	0.61061734	0.35484192	0.54213405	-0.2796791	0.29253137	-0.17796466	0.19203648	-0.26779777	0.13064955	-0.31085125	0.11320649	-0.38868356	
0	0	452	1157.2768243979592	0.61022365	0.34694785	0.54437476	-0.279026	0.29358816	-0.18005292	0.18982063	-0.26730987	0.13120839	-0.32608178	0.11308268	-0.39946866	
0	0	453	1159.837171354592	0.6112706	0.34209043	0.5466212	-0.27863425	0.29523924	-0.18079306	0.18820782	-0.28132793	0.13287888	-0.34305644	0.1144225	-0.3966152	
0	0	454	1162.3975183112245	0.6119313	0.34135905	0.549029	-0.2781412	0.29702112	-0.17896129	0.18929797	-0.30236107	0.13566169	-0.35351393	0.11431267	-0.37173417	
0	0	455	1164.9578652678572	0.61048245	0.34287888	0.55152166	-0.27710426	0.29829052	-0.17512614	0.19318315	-0.3170761	0.13865083	-0.35345966	0.110592626	-0.34633023	
0	0	456	1167.51821222449	0.6067989	0.34317225	0.5538408	-0.27536586	0.29875353	-0.171516	0.1981005	-0.3182517	0.1408993	-0.34620026	0.10464765	-0.35168362	
0	0	457	1170.0785591811225	0.60248524	0.33991984	0.55573624	-0.27320275	0.2987745	-0.17039482	0.20213728	-0.3086635	0.1422371	-0.33872455	0.10048353	-0.39783615	
0	0	458	1172.6389061377552	0.599546	0.33373928	0.5571544	-0.2711491	0.29913926	-0.17221135	0.20459354	-0.29569057	0.14341626	-0.33529887	0.10098475	-0.4558356	
0	0	459	1175.199253094388	0.5988168	0.3274873	0.55827814	-0.26961705	0.30045187	-0.17517994	0.20601605	-0.28445038	0.14540505	-0.33298787	0.10526317	-0.48496258	
0	0	460	1177.7596000510205	0.5994967	0.32379362	0.5593854	-0.2686197	0.30269268	-0.17665665	0.20719728	-0.27485284	0.14836672	-0.3235744	0.11002909	-0.47272834	
0	0	461	1180.3199470076534	0.6000294	0.32313004	0.56064063	-0.26779684	0.30525753	-0.17506912	0.20817281	-0.26420882	0.15125942	-0.30089107	0.112524495	-0.43437588	
0	0	462	1182.8802939642858	0.5993973	0.32396287	0.56197363	-0.26672184	0.3073985	-0.17096078	0.20824069	-0.25247115	0.15243025	-0.26675284	0.11212524	-0.39341354	
0	0	463	1185.4406409209184	0.5976942	0.32442552	0.5631402	-0.26526326	0.30876103	-0.16651902	0.20698026	-0.24433249	0.15075281	-0.23128617	0.11030411	-0.36569324	
0	0	464	1188.0009878775513	0.59565675	0.32379034	0.563923	-0.26371908	0.30963168	-0.16391636	0.20517185	-0.24574085	0.14656323	-0.20855251	0.10901142	-0.34953168	
0	0	465	1190.5613348341838	0.59380114	0.3225527	0.5643146	-0.26260078	0.31067744	-0.16374631	0.20459393	-0.25769645	0.14176713	-0.20934492	0.10872098	-0.3319819	
0	0	466	1193.1216817908164	0.5920445	0.3213946	0.5645225	-0.26225758	0.31242472	-0.16484319	0.20670268	-0.27318826	0.13893354	-0.23331004	0.10843149	-0.3071173	
0	0	467	1195.6820287474493	0.5900414	0.32031685	0.5648078	-0.26268122	0.31494614	-0.16542779	0.21134381	-0.28175	0.13978541	-0.26619402	0.107291766	-0.28246784	
0	0	468	1198.2423757040817	0.5876931	0.31877986	0.5653272	-0.26361823	0.31793806	-0.16440007	0.2167984	-0.2779333	0.14410709	-0.2890253	0.105724394	-0.27028912	
0	0	469	1200.8027226607146	0.58524	0.31642723	0.56610876	-0.26482236	0.32103246	-0.16183558	0.22114658	-0.26488543	0.15011716	-0.2923452	0.10523345	-0.2751008	
0	0	470	1203.363069617347	0.5829439	0.31346306	0.5671478	-0.26618966	0.32408765	-0.15853673	0.2236979	-0.25075185	0.15597607	-0.2797149	0.10717148	-0.2872852	
0	0	471	1205.9234165739797	0.58079225	0.31034192	0.56850666	-0.2676638	0.32725343	-0.1551254	0.22539525	-0.24225925	0.16096164	-0.2601271	0.11160823	-0.29148725	
0	0	472	1208.4837635306126	0.5785417	0.30721486	0.5703041	-0.26903874	0.3307924	-0.15145361	0.22802354	-0.23994705	0.16548614	-0.23970924	0.11757769	-0.28060544	
0	0	473	1211.044110487245	0.5760112	0.30375877	0.57259697	-0.26988152	0.33484587	-0.1467562	0.23288131	-0.23785436	0.1702576	-0.21866222	0.12418296	-0.25761956	
0	0	474	1213.6044574438777	0.573282	0.2995282	0.57527196	-0.2696944	0.33935782	-0.14024578	0.23986723	-0.22793485	0.17543037	-0.1940728	0.13122857	-0.22807753	
0	0	475	1216.1648044005103	0.57060325	0.29438707	0.57806283	-0.26817966	0.3441853	-0.13152418	0.24757788	-0.20570041	0.18057287	-0.16514947	0.1390509	-0.19396803	
0	0	476	1218.725151357143	0.5681552	0.2885255	0.58069086	-0.26536012	0.34926057	-0.12044312	0.2542907	-0.17258394	0.18548533	-0.13460831	0.14791472	-0.15300564	
0	0	477	1221.2854983137756	0.5659862	0.2821196	0.5830024	-0.261433	0.35461664	-0.1065832	0.25908995	-0.13379036	0.19079301	-0.104333945	0.1576059	-0.10217523	
0	0	478	1223.8458452704083	0.56418586	0.27517724	0.5849673	-0.25650078	0.36020592	-0.08893806	0.2622661	-0.093987316	0.19744053	-0.070696205	0.16759337	-0.0403773	
0	0	479	1226.406192227041	0.56301093	0.26786324	0.5865421	-0.25045806	0.36565796	-0.06627509	0.26473692	-0.054274242	0.20548649	-0.02533624	0.17730567	0.03251544	
0	0	480	1228.9665391836738	0.5626995	0.26091716	0.5875476	-0.24315885	0.37022424	-0.037983906	0.26710513	-0.01229859	0.2133405	0.03842065	0.18602996	0.11707192	
0	0	481	1231.5268861403063	0.5630728	0.25549313	0.58770436	-0.23469022	0.3730119	-0.004749211	0.2691117	0.03522509	0.21839374	0.11936771	0.19264974	0.21345636	
0	0	482	1234.087233096939	0.5633724	0.25223652	0.586804	-0.2254533	0.37338856	0.031466592	0.2697749	0.08966275	0.21876127	0.20858192	0.19578218	0.31921405	
0	0	483	1236.6475800535716	0.5627079	0.25036457	0.58484894	-0.21593688	0.37131116	0.06821173	0.2680855	0.14916672	0.21449538	0.29527396	0.19448468	0.4286978	
0	0	484	1239.2079270102042	0.5608702	0.24788272	0.5820031	-0.20637013	0.36733142	0.10377621	0.2637625	0.20993169	0.20722653	0.37266892	0.18883573	0.5355494	
0	0	485	1241.768273966837	0.5587186	0.24305849	0.57836884	-0.19658893	0.36218825	0.13817309	0.25737047	0.26916483	0.1989019	0.44059512	0.17971088	0.63562846	
0	0	486	1244.3286209234695	0.5576837	0.23597197	0.57377976	-0.18630329	0.35619608	0.17304178	0.24963646	0.3271402	0.19062977	0.5047156	0.16814719	0.7276799	
0	0	487	1246.8889678801022	0.55872655	0.22878145	0.56780976	-0.17559683	0.34887278	0.21021628	0.24063219	0.3863893	0.18215293	0.57253844	0.15493569	0.81235445	
0	0	488	1249.449314836735	0.56157154	0.22432855	0.5600265	-0.16528006	0.33913937	0.24974513	0.2295602	0.44849217	0.17223704	0.64797634	0.14050306	0.89090705	
0	0	489	1252.0096617933675	0.5648433	0.22411689	0.55032414	-0.1568258	0.32604712	0.28862596	0.21538785	0.51058173	0.15968077	0.72840387	0.12496977	0.96339905	
0	0	490	1254.5700087500002	0.56701994	0.22734433	0.5391185	-0.15190598	0.30962095	0.3211671	0.19798324	0.5643097	0.1441608	0.80517304	0.10841959	1.0262433	
0	0	491	1257.1303557066328	0.5674092	0.23165464	0.5272876	-0.15175508	0.29122454	0.3411744	0.17873237	0.59905183	0.12653565	0.8654553	0.09124586	1.0702058	
0	0	492	1259.6907026632655	0.56644106	0.23473486	0.5158791	-0.1566888	0.27305585	0.34509453	0.15988198	0.60735184	0.1086467	0.8950542	0.07429204	1.0782267	
0	0	493	1262.2510496198981	0.56524146	0.23557456	0.50575423	-0.16604067	0.25705168	0.33409432	0.1433154	0.5881585	0.09267562	0.8837432	0.058976565	1.0202736	
0	0	494	1264.8113965765308	0.5649008	0.23480825	0.49736696	-0.17854464	0.24399644	0.31324115	0.12991236	0.5462211	0.080253	0.833401	0.047846865	0.8568334	
0	0	495	1267.3717435331635	0.56586665	0.2341201	0.49076986	-0.19288701	0.23340198	0.287975	0.11962658	0.48928705	0.071630225	0.76327163	0.044383135	0.6143396	
0	0	496	1269.9320904897959	0.5677752	0.23509601	0.48578492	-0.20809923	0.22415678	0.26022872	0.11182897	0.424666	0.06531422	0.6990455	0.048333846	0.45919356	
0	0	497	1272.4924374464288	0.56979245	0.238281	0.48220602	-0.22361922	0.21557495	0.22714438	0.10570498	0.3558871	0.05884289	0.64354867	0.052993078	0.4757969	
0	0	498	1275.0527844030614	0.5711798	0.24305087	0.4799152	-0.23907202	0.20816272	0.18430747	0.100723214	0.28137785	0.051132914	0.55226487	0.05181773	0.5921236	
0	0	499	1277.613131359694	0.5716807	0.24818534	0.47885484	-0.25398782	0.2032637	0.13179082	0.09695043	0.19768399	0.045120273	0.35672632	0.04365533	0.7053795	
0	0	500	1280.1734783163267	0.57156754	0.25260848	0.4789023	-0.2677227	0.201744	0.07636063	0.094885	0.104929455	0.045934465	0.098331735	0.03179438	0.70645905	
0	0	501	1282.7338252729594	0.5714337	0.2559322	0.47976905	-0.27965933	0.20319887	0.026482102	0.09504041	0.009273237	0.05330609	-0.064156	0.02214964	0.4105128	
0	0	502	1285.294172229592	0.5718463	0.2586728	0.4810183	-0.28952077	0.20640396	-0.013505309	0.097623356	-0.07834773	0.06197083	-0.09943444	0.023088368	-0.12014044	
0	0	503	1287.8545191862247	0.5729704	0.26202106	0.48220417	-0.29756865	0.2101967	-0.044223692	0.10226449	-0.14623414	0.067673236	-0.06721417	0.032040663	-0.32067063	
0	0	504	1290.4148661428571	0.5743514	0.2671501	0.4830596	-0.30451435	0.21398	-0.068593696	0.10789885	-0.18793868	0.068805285	-0.028036634	0.040242054	-0.28233165	
0	0	505	1292.97521309949	0.57504433	0.2743488	0.48361123	-0.3111341	0.21770008	-0.08901109	0.11310273	-0.20609093	0.06675168	-0.031433634	0.044112924	-0.17774215	
0	0	506	1295.5355600561227	0.574132	0.28251278	0.48411283	-0.31781414	0.22148462	-0.106125236	0.116787836	-0.21047007	0.06542711	-0.097017504	0.043384917	-0.08797216	
0	0	507	1298.0959070127553	0.5713935	0.2894898	0.48482874	-0.32436043	0.22528292	-0.11950308	0.11870961	-0.21260647	0.0682945	-0.18278217	0.0396186	-0.06699797	
0	0	508	1300.656253969388	0.56762713	0.29332146	0.48583096	-0.33022407	0.22879721	-0.12908712	0.11946625	-0.22092932	0.07476726	-0.22280732	0.035804592	-0.16118321	
0	0	509	1303.2166009260204	0.56424373	0.29360604	0.48696095	-0.33494103	0.23169412	-0.13597639	0.12008538	-0.23782313	0.081068	-0.20206454	0.035831116	-0.34944674	
0	0	510	1305.7769478826533	0.56236285	0.29185396	0.4879598	-0.33843154	0.23385613	-0.14204681	0.121406764	-0.2592902	0.08381071	-0.15083243	0.041034292	-0.49713245	
0	0	511	1308.337294839286	0.56212425	0.29046327	0.48864362	-0.34097192	0.23546661	-0.14896573	0.12359324	-0.2786539	0.08220427	-0.11123159	0.04849219	-0.5370736	
0	0	512	1310.8976417959184	0.5627156	0.29111713	0.4889872	-0.34292746	0.23689482	-0.15739395	0.12620692	-0.2922046	0.07843129	-0.11715479	0.05499311	-0.5114727	
0	0	513	1313.4579887525513	0.5630554	0.29384166	0.48907584	-0.34450716	0.23849249	-0.166849	0.12879199	-0.30101904	0.07614761	-0.17255627	0.059344415	-0.47148538	
0	0	514	1316.018335709184	0.56258714	0.29742387	0.48900232	-0.3457149	0.24044442	-0.17614387	0.13130704	-0.30770254	0.07749889	-0.24090502	0.06213027	-0.44525915	
0	0	515	1318.5786826658164	0.5615105	0.30073833	0.48880824	-0.34646887	0.24272723	-0.18399005	0.13399048	-0.3126248	0.08141251	-0.28157595	0.064690486	-0.43564978	
0	0	516	1321.1390296224492	0.5602841	0.30367985	0.48849663	-0.34671423	0.24513641	-0.18947999	0.13689652	-0.3136501	0.08527881	-0.28816193	0.067773744	-0.42638808	
0	0	517	1323.6993765790817	0.5589923	0.30680808	0.4880637	-0.34644604	0.24735396	-0.19246624	0.13964823	-0.30929598	0.08737113	-0.27872634	0.07071433	-0.40176594	
0	0	518	1326.2597235357146	0.5572931	0.310235	0.48750943	-0.34569302	0.24908492	-0.19379395	0.14172253	-0.30159193	0.08760392	-0.27335116	0.07200382	-0.36463496	
0	0	519	1328.8200704923472	0.55498236	0.3131107	0.48684177	-0.3445347	0.25025818	-0.19507353	0.14299144	-0.29531246	0.08697638	-0.28291202	0.07081858	-0.3371694	
0	0	520	1331.3804174489796	0.5525143	0.3143925	0.48611185	-0.34311408	0.25115672	-0.19773573	0.14395021	-0.29422504	0.08662498	-0.30730495	0.06830672	-0.34619108	
0	0	521	1333.9407644056125	0.5508308	0.31416783	0.4854594	-0.34153023	0.2522873	-0.20183478	0.14537331	-0.29765195	0.08724058	-0.33998275	0.067179695	-0.3940907	
0	0	522	1336.5011113622452	0.55056775	0.3141263	0.48509058	-0.33962175	0.2540036	-0.20572774	0.1476484	-0.3005917	0.08910294	-0.3731987	0.06901824	-0.44217765	
0	0	523	1339.0614583188776	0.5513519	0.31651378	0.48513597	-0.33682147	0.25618517	-0.20724753	0.15037586	-0.29803762	0.09226376	-0.39918232	0.07231943	-0.45089707	
0	0	524	1341.6218052755105	0.551865	0.32230425	0.48545867	-0.33234438	0.25828326	-0.20554052	0.15267235	-0.2896335	0.09643443	-0.41037306	0.074116394	-0.4209392	
0	0	525	1344.182152232143	0.5507642	0.33014846	0.48558322	-0.32574782	0.25975847	-0.20201884	0.15393606	-0.28005907	0.10080745	-0.40281153	0.07265313	-0.38361436	
0	0	526	1346.7424991887756	0.54778403	0.33715606	0.4849125	-0.31751764	0.26060525	-0.19943433	0.15437235	-0.2751988	0.10430714	-0.38001773	0.06883378	-0.377993	
0	0	527	1349.3028461454085	0.54402995	0.3410622	0.48316562	-0.30906904	0.26147845	-0.1994763	0.15484536	-0.27753165	0.10630407	-0.352063	0.06594557	-0.42145807	
0	0	528	1351.863193102041	0.5411237	0.34196725	0.4806732	-0.3019263	0.26318935	-0.20094173	0.15620917	-0.2842911	0.10712277	-0.3289394	0.066759996	-0.47674033	
0	0	529	1354.4235400586738	0.53997636	0.34211653	0.47821242	-0.2966808	0.2660071	-0.20047334	0.15873194	-0.2899453	0.107680514	-0.313813	0.07021753	-0.48637223	
0	0	530	1356.9838870153062	0.54025304	0.34402823	0.47651058	-0.2925932	0.2694359	-0.1951556	0.16211721	-0.29017687	0.10865708	-0.30302823	0.07281039	-0.44264576	
0	0	531	1359.5442339719389	0.54082066	0.3487159	0.47581512	-0.288078	0.27258843	-0.1844691	0.16590758	-0.28312021	0.110173255	-0.29191083	0.07241612	-0.3800559	
0	0	532	1362.1045809285717	0.540649	0.3552822	0.47577855	-0.2816479	0.27479246	-0.17028196	0.16969715	-0.26794544	0.11217475	-0.27852702	0.06987419	-0.33674076	
0	0	533	1364.6649278852042	0.5394905	0.36183783	0.47568554	-0.27273387	0.27601573	-0.15512633	0.1729997	-0.24387777	0.11485692	-0.2611506	0.06803408	-0.32517967	
0	0	534	1367.2252748418368	0.53794646	0.36692783	0.47488067	-0.26186192	0.27675238	-0.13983363	0.17511137	-0.21110603	0.11841878	-0.23347339	0.06913917	-0.31412625	
0	0	535	1369.7856217984697	0.53694326	0.37048352	0.47307253	-0.25005937	0.2773257	-0.12252656	0.17530622	-0.17198293	0.122204155	-0.18604918	0.072356604	-0.25527504	
0	0	536	1372.3459687551021	0.53706044	0.37368464	0.47023785	-0.23811539	0.27720368	-0.10036054	0.173176	-0.13045982	0.12436957	-0.11516179	0.07424238	-0.13409002	
0	0	537	1374.906315711735	0.53822297	0.37800643	0.46630242	-0.22654521	0.27499804	-0.07269213	0.16868074	-0.09063884	0.12280861	-0.028487928	0.071530856	0.02411089	
0	0	538	1377.4666626683675	0.5398543	0.3843218	0.46104905	-0.21628067	0.26919073	-0.04337611	0.16197528	-0.056676276	0.11643481	0.056923527	0.06333043	0.17405444	
0	0	539	1380.0270096250001	0.54122764	0.3925492	0.45446727	-0.20924312	0.25926256	-0.021138605	0.15341441	-0.034037072	0.105869174	0.117889784	0.05147266	0.25770053	
0	0	540	1382.587356581633	0.54179853	0.40174317	0.4472791	-0.20786251	0.24669307	-0.016979957	0.14383087	-0.029821485	0.093590476	0.12784669	0.039887562	0.1962515	
0	0	541	1385.1477035382654	0.54145396	0.41047877	0.4410386	-0.21338908	0.2348421	-0.037692398	0.13466127	-0.04982531	0.08349184	0.070087485	0.034085516	-0.05903886	
0	0	542	1387.708050494898	0.54060066	0.41744462	0.4374383	-0.22432852	0.2271708	-0.07903475	0.1274759	-0.093803	0.07879098	-0.032588538	0.03715738	-0.33740804	
0	0	543	1390.2683974515307	0.54002494	0.4220247	0.43732715	-0.23681869	0.22512875	-0.12670833	0.12330904	-0.1542726	0.07905732	-0.12452159	0.045334004	-0.46488816	
0	0	544	1392.8287444081634	0.54060334	0.42460915	0.44034344	-0.24677318	0.22767593	-0.16609189	0.12251196	-0.21968377	0.081062324	-0.18030629	0.05436554	-0.482887	
0	0	545	1395.389091364796	0.5429877	0.42660484	0.4453135	-0.25173393	0.2324554	-0.19034347	0.12492225	-0.2773929	0.08257113	-0.21621677	0.06274408	-0.45013854	
0	0	546	1397.9494383214287	0.5472678	0.43016338	0.45087236	-0.25128543	0.23719466	-0.20082626	0.12978022	-0.3160573	0.08372616	-0.2532856	0.06995198	-0.38880914	
0	0	547	1400.5097852780614	0.55263335	0.43739778	0.45588842	-0.24652971	0.24056156	-0.20338315	0.13554896	-0.32993117	0.08586978	-0.29391593	0.075004406	-0.3067706	
0	0	548	1403.0701322346943	0.5573685	0.44894478	0.4596618	-0.23941532	0.24241903	-0.20420007	0.1402713	-0.32277152	0.0896164	-0.32240182	0.07640386	-0.21772717	
0	0	549	1405.6304791913267	0.55969626	0.46271408	0.46202207	-0.23219281	0.24344167	-0.20676419	0.14257698	-0.30677798	0.093859516	-0.32604173	0.07339358	-0.15027535	
0	0	550	1408.1908261479593	0.5592103	0.47454667	0.46335936	-0.22685082	0.2443493	-0.21138476	0.14257371	-0.29638135	0.09693139	-0.31097418	0.06756115	-0.14422931	
0	0	551	1410.751173104592	0.5574598	0.48098636	0.46450752	-0.22450832	0.24547942	-0.21715419	0.14178585	-0.3004648	0.09833978	-0.29275674	0.062999986	-0.2232188	
0	0	552	1413.3115200612247	0.5569305	0.48171246	0.46645424	-0.225007	0.24698299	-0.22359915	0.14212221	-0.31721202	0.098799944	-0.2804075	0.06358711	-0.34707165	
0	0	553	1415.8718670178573	0.5594817	0.47968677	0.4699934	-0.22691016	0.24913804	-0.23027115	0.14462265	-0.3355279	0.099082634	-0.27257788	0.06932063	-0.43337405	
0	0	554	1418.43221397449	0.56531984	0.4794818	0.47540298	-0.227866	0.2522742	-0.23538841	0.14883858	-0.34309882	0.0992296	-0.26426426	0.07681266	-0.44701543	
0	0	555	1420.9925609311226	0.57266325	0.48475757	0.48214623	-0.22541589	0.25628406	-0.23568067	0.15315227	-0.3347236	0.09871898	-0.25582057	0.08235339	-0.4049242	
0	0	556	1423.5529078877555	0.578417	0.49549606	0.48880664	-0.21843387	0.26019764	-0.22878738	0.15577346	-0.31521666	0.09741218	-0.25568357	0.083540015	-0.34113678	
0	0	557	1426.113254844388	0.58039016	0.5070176	0.49376807	-0.20853645	0.2626158	-0.21665768	0.15597695	-0.2962471	0.09624336	-0.2715363	0.0802456	-0.29430556	
0	0	558	1428.6736018010206	0.57951677	0.5132951	0.49654323	-0.19949514	0.26301482	-0.20540854	0.15473782	-0.2882015	0.09654083	-0.29919702	0.075101964	-0.29636765	
0	0	559	1431.2339487576533	0.5791745	0.51209867	0.49831444	-0.19428545	0.2624398	-0.20041643	0.15386671	-0.29197538	0.0988805	-0.32470974	0.07194385	-0.3462875	
0	0	560	1433.794295714286	0.58240813	0.50641966	0.50091845	-0.192792	0.26269302	-0.20169236	0.15438204	-0.29918054	0.10287168	-0.33471543	0.07258879	-0.3987244	
0	0	561	1436.3546426709186	0.5901021	0.502052	0.5054851	-0.19213405	0.26493162	-0.20353937	0.1558446	-0.30059108	0.10748081	-0.3215575	0.07534729	-0.40660885	
0	0	562	1438.9149896275512	0.60049033	0.5044108	0.5116614	-0.18852422	0.26864627	-0.1982653	0.15693913	-0.29344726	0.11115667	-0.28401834	0.076678455	-0.3624665	
0	0	563	1441.4753365841839	0.60944235	0.5151693	0.5174461	-0.17983036	0.27154475	-0.18246447	0.156533	-0.28293216	0.11207351	-0.22955617	0.07366489	-0.29640713	
0	0	564	1444.0356835408163	0.61276424	0.52940214	0.52023125	-0.16826773	0.27112582	-0.16200863	0.15466353	-0.27829307	0.109111115	-0.17557217	0.0663616	-0.26445484	
0	0	565	1446.5960304974492	0.6103312	0.5379608	0.51929426	-0.16003832	0.26729545	-0.14888947	0.15262812	-0.28453645	0.1028693	-0.14426683	0.058954205	-0.32045063	
0	0	566	1449.1563774540818	0.6066623	0.535413	0.51699406	-0.16020374	0.26275322	-0.15058917	0.1516561	-0.2974511	0.09553039	-0.1543225	0.056580435	-0.44386652	
0	0	567	1451.7167244107145	0.6067123	0.5237877	0.516822	-0.16856144	0.26048347	-0.16415358	0.15181535	-0.3094623	0.090037994	-0.21198943	0.05969429	-0.5368342	
0	0	568	1454.2770713673472	0.6129573	0.5094961	0.5211718	-0.18042476	0.2617251	-0.1799353	0.15243964	-0.3170537	0.08905437	-0.29763207	0.064555265	-0.553112	
0	0	569	1456.8374183239798	0.62512857	0.49991387	0.5305025	-0.1889563	0.26570377	-0.18815331	0.15294768	-0.32123232	0.09315935	-0.36509466	0.067590214	-0.51621145	
0	0	570	1459.3977652806125	0.6398634	0.5010116	0.54259026	-0.18757449	0.2700491	-0.18393816	0.15317102	-0.324743	0.099473946	-0.37835816	0.066989325	-0.47189078	
0	0	571	1461.9581122372451	0.65075827	0.5128806	0.55220646	-0.1748617	0.2719104	-0.17128073	0.15331838	-0.32965872	0.103204206	-0.3452569	0.063766554	-0.4768152	
0	0	572	1464.5184591938776	0.65298045	0.5261657	0.55474544	-0.15912148	0.27044326	-0.161862	0.15372351	-0.33608037	0.10173754	-0.30848134	0.06287688	-0.55713433	
0	0	573	1467.0788061505104	0.6493131	0.5294094	0.55176526	-0.15206827	0.26798785	-0.16414104	0.15459022	-0.3429234	0.09732401	-0.31123072	0.06816905	-0.6342033	
0	0	574	1469.639153107143	0.647124	0.5203944	0.54921657	-0.1571907	0.26740095	-0.17539687	0.1560787	-0.34904024	0.094925195	-0.3606165	0.07666816	-0.6348924	
0	0	575	1472.1995000637758	0.6513569	0.5059278	0.5515976	-0.16882825	0.2696241	-0.18684386	0.15840279	-0.3520566	0.09757913	-0.41650558	0.08386094	-0.575572	
0	0	576	1474.7598470204084	0.6622608	0.49555516	0.5597047	-0.17782295	0.27376437	-0.19080111	0.1614918	-0.34703684	0.10385433	-0.4302832	0.087317735	-0.49084714	
0	0	577	1477.3201939770408	0.6753709	0.49629745	0.5703247	-0.17661212	0.277711	-0.18410283	0.16429074	-0.32872579	0.10906484	-0.39109838	0.0859382	-0.41087702	
0	0	578	1479.8805409336737	0.68317896	0.50688785	0.577217	-0.16536283	0.27908015	-0.17090027	0.16465814	-0.29994518	0.109025605	-0.33058432	0.08037109	-0.37492374	
0	0	579	1482.4408878903064	0.6817848	0.51638293	0.5766172	-0.15454935	0.27738652	-0.16135772	0.16152178	-0.27705258	0.10422588	-0.29718742	0.07471817	-0.42019743	
0	0	580	1485.0012348469388	0.6757399	0.51457876	0.5720283	-0.15492755	0.27477667	-0.16204302	0.1568862	-0.27617252	0.0995817	-0.31411844	0.07413943	-0.52320504	
0	0	581	1487.5615818035717	0.67257375	0.5015968	0.56997305	-0.16707055	0.2735536	-0.17064716	0.15382002	-0.29739934	0.099158034	-0.35565677	0.079421446	-0.61057365	
0	0	582	1490.1219287602044	0.67617255	0.48515904	0.5742496	-0.18349366	0.27450556	-0.18090127	0.1540754	-0.32780534	0.10279201	-0.37591636	0.0881612	-0.6451109	
0	0	583	1492.6822757168368	0.68544495	0.473919	0.58461016	-0.19482799	0.27718782	-0.1873126	0.15768568	-0.35024875	0.10704955	-0.3524333	0.09799221	-0.62379235	
0	0	584	1495.2426226734697	0.69527	0.4721182	0.596871	-0.19490196	0.28034836	-0.18702549	0.16281123	-0.3515341	0.10763268	-0.2988964	0.10616646	-0.54989743	
0	0	585	1497.802969630102	0.69991595	0.47577822	0.6048864	-0.18611573	0.28246337	-0.18167275	0.16623762	-0.33305752	0.10267835	-0.26096767	0.10872908	-0.4374857	
0	0	586	1500.363316586735	0.69876486	0.47566333	0.60633755	-0.17892262	0.28303337	-0.17685254	0.16607727	-0.31268153	0.09627391	-0.29024723	0.10279776	-0.32329708	
0	0	587	1502.9236635433676	0.6969931	0.46674505	0.60543305	-0.18130383	0.28314298	-0.1766189	0.16374522	-0.308272	0.095842175	-0.37801352	0.0900018	-0.2597997	
0	0	588	1505.4840105	0.6999736	0.4523153	0.6080114	-0.19173947	0.28419903	-0.17990856	0.16217151	-0.32314354	0.1039373	-0.444503	0.07592982	-0.29904115	
0	0	589	1508.044357456633	0.7091335	0.4401628	0.61678	-0.20219928	0.28677884	-0.18247806	0.16344361	-0.34689257	0.11657772	-0.4359799	0.06778488	-0.46161032	
0	0	590	1510.6047044132656	0.72106475	0.43686417	0.62978673	-0.2040259	0.2903544	-0.17997794	0.16777728	-0.3630029	0.12744756	-0.35620186	0.07057776	-0.6495435	
0	0	591	1513.165051369898	0.72926444	0.44213164	0.6408669	-0.19461949	0.29345012	-0.17107898	0.17320934	-0.36028764	0.1305714	-0.23877075	0.08041115	-0.7225643	
0	0	592	1515.725398326531	0.73009557	0.447478	0.6446629	-0.18172696	0.29477498	-0.15966333	0.17704786	-0.34273186	0.1237878	-0.13615923	0.08816818	-0.68640023	
0	0	593	1518.2857452831634	0.72723156	0.44461393	0.64291054	-0.17614813	0.29466796	-0.15124728	0.17841728	-0.32308385	0.11175349	-0.10117064	0.088758975	-0.6214269	
0	0	594	1520.8460922397962	0.72727305	0.43375012	0.6419632	-0.18040486	0.29449293	-0.14706866	0.17827372	-0.30900267	0.10242118	-0.15016569	0.08365306	-0.5999128	
0	0	595	1523.406439196429	0.7335541	0.4219503	0.6461353	-0.18833502	0.29499882	-0.14421716	0.1776414	-0.3006332	0.100731656	-0.24042033	0.079012394	-0.6627212	
0	0	596	1525.9667861530613	0.7440612	0.41717958	0.65488344	-0.19115496	0.29574534	-0.13947473	0.17681961	-0.29585218	0.10586713	-0.30349305	0.08198714	-0.766402	
0	0	597	1528.5271331096942	0.75204986	0.42197832	0.6627465	-0.18422344	0.2955011	-0.13291909	0.17569213	-0.2945436	0.11277995	-0.30914968	0.09263582	-0.7914414	
0	0	598	1531.0874800663266	0.75139344	0.42882225	0.66331315	-0.1731828	0.29358536	-0.12949459	0.17442259	-0.29877624	0.116270915	-0.2795088	0.10217374	-0.7089822	
0	0	599	1533.6478270229593	0.7443518	0.42613855	0.65691996	-0.17015421	0.29119155	-0.13463317	0.17363784	-0.30911267	0.11518978	-0.2571445	0.10374612	-0.58344936	
0	0	600	1536.2081739795922	0.7394605	0.41062924	0.6507021	-0.18068124	0.29044217	-0.14791642	0.17386262	-0.32302272	0.112579525	-0.26774436	0.09758092	-0.47549954	
0	0	601	1538.7685209362246	0.74335974	0.38879862	0.65127605	-0.19986007	0.29264343	-0.16371047	0.17526387	-0.33700693	0.112095	-0.30674082	0.08732547	-0.42145985	
0	0	602	1541.3288678928573	0.75782627	0.37160996	0.6612255	-0.21710964	0.29791138	-0.17452481	0.17780557	-0.34732747	0.11570923	-0.34786633	0.07733624	-0.44808382	
0	0	603	1543.8892148494901	0.7783431	0.37064397	0.67768747	-0.22011702	0.30480462	-0.17260535	0.18103951	-0.34930164	0.12283926	-0.35757458	0.072817005	-0.55290455	
0	0	604	1546.4495618061226	0.79148954	0.38962603	0.68970305	-0.20308523	0.3094192	-0.15554893	0.18350177	-0.34048077	0.12928964	-0.3182032	0.0763462	-0.6452474	
0	0	605	1549.0099087627555	0.7845078	0.4120696	0.68533796	-0.18012282	0.30800727	-0.13585632	0.18349008	-0.3284597	0.12968148	-0.25424615	0.08222692	-0.6529011	
0	0	606	1551.570255719388	0.76457375	0.4148974	0.66889423	-0.17416193	0.302665	-0.131103	0.18155338	-0.32650334	0.124273755	-0.21193664	0.08499285	-0.62531286	
0	0	607	1554.1306026760205	0.74895316	0.39537683	0.6545875	-0.18990031	0.29856804	-0.14325452	0.17999665	-0.33848214	0.11774754	-0.20935121	0.085761115	-0.612471	
0	0	608	1556.6909496326534	0.74653715	0.3660433	0.6505968	-0.21664527	0.2984305	-0.16261058	0.18061021	-0.35815945	0.11325656	-0.23517674	0.08725498	-0.6171058	
0	0	609	1559.2512965892859	0.7581218	0.34146154	0.65843713	-0.24070968	0.30249387	-0.1779043	0.1841955	-0.3743333	0.11159758	-0.26998004	0.09063892	-0.6187488	
0	0	610	1561.8116435459185	0.77833277	0.33486152	0.67445266	-0.24864726	0.30899227	-0.17875487	0.19011049	-0.3724159	0.11211136	-0.29605433	0.09493435	-0.5975344	
0	0	611	1564.3719905025514	0.793051	0.35121304	0.6871637	-0.23374753	0.31332007	-0.16150747	0.19483773	-0.34295025	0.11297965	-0.30671185	0.097487666	-0.55886877	
0	0	612	1566.9323374591838	0.78832203	0.37485215	0.683653	-0.20964114	0.31107396	-0.13965157	0.19365971	-0.30003074	0.11302017	-0.31472751	0.09815648	-0.5401466	
0	0	613	1569.4926844158165	0.76985395	0.38285252	0.6672102	-0.19977507	0.30445164	-0.13247466	0.18700977	-0.27335536	0.11359027	-0.33045122	0.101542756	-0.5445753	
0	0	614	1572.0530313724491	0.75370276	0.3718686	0.6514887	-0.20961249	0.2990453	-0.14212456	0.17964208	-0.27443632	0.11615542	-0.34259263	0.10923954	-0.5223001	
0	0	615	1574.6133783290818	0.74767125	0.35322964	0.6439898	-0.2292517	0.29755068	-0.15784445	0.17476948	-0.29428223	0.12031288	-0.3329532	0.1178682	-0.44183275	
0	0	616	1577.1737252857147	0.7509688	0.33902767	0.64502025	-0.24699184	0.29955715	-0.16806814	0.17312267	-0.31877357	0.123801395	-0.29021657	0.12185885	-0.30160326	
0	0	617	1579.734072242347	0.75759387	0.3368133	0.6504873	-0.2544858	0.30252612	-0.16559958	0.17392425	-0.33593887	0.12282839	-0.22068846	0.11451811	-0.1256348	
0	0	618	1582.2944191989798	0.75886846	0.3454418	0.6534684	-0.2507629	0.30280915	-0.15269187	0.17541076	-0.3407554	0.114885986	-0.1617104	0.092790045	0.0077368426	
0	0	619	1584.8547661556124	0.7504742	0.3541275	0.6493752	-0.2444502	0.2989208	-0.14183474	0.17614067	-0.33815494	0.103638425	-0.16793735	0.06662416	-0.07924654	
0	0	620	1587.415113112245	0.73736596	0.3528743	0.6408006	-0.24527815	0.29348943	-0.14341171	0.17632486	-0.3349929	0.09686953	-0.25020692	0.0597408	-0.48377755	
0	0	621	1589.9754600688777	0.7271846	0.3418247	0.6334026	-0.25462276	0.29001966	-0.15592346	0.17682426	-0.3308159	0.0982815	-0.346525	0.07766672	-0.73400265	
0	0	622	1592.5358070255104	0.72326416	0.32762194	0.630172	-0.26756635	0.2899246	-0.17069852	0.17759418	-0.32053682	0.10515251	-0.3919661	0.100830585	-0.7220883	
0	0	623	1595.096153982143	0.72447854	0.31665036	0.630724	-0.27872878	0.2924698	-0.17940323	0.17748243	-0.30182752	0.11202826	-0.37545514	0.117689416	-0.597619	
0	0	624	1597.656500938776	0.7274428	0.3117528	0.6327867	-0.28549424	0.29560557	-0.17845023	0.17515653	-0.28011274	0.114316225	-0.3263056	0.12313448	-0.44196826	
0	0	625	1600.2168478954084	0.7288581	0.31160128	0.63406503	-0.288824	0.29729456	-0.17076105	0.1706405	-0.26705265	0.11114794	-0.28951946	0.11697705	-0.31479746	
0	0	626	1602.777194852041	0.7275177	0.31251502	0.63384086	-0.29158208	0.29703015	-0.16277686	0.16575815	-0.2708075	0.10633984	-0.2981192	0.10535543	-0.2665761	
0	0	627	1605.3375418086737	0.7244677	0.3115771	0.63293386	-0.29568356	0.29583883	-0.15850408	0.16250691	-0.2886023	0.10495916	-0.34244788	0.09697729	-0.30324656	
0	0	628	1607.8978887653063	0.72141933	0.308118	0.63230944	-0.30112332	0.29480204	-0.15742874	0.1615618	-0.31111285	0.10832713	-0.37586203	0.09569647	-0.3634214	
0	0	629	1610.458235721939	0.7194867	0.30291662	0.6322374	-0.3072343	0.29409167	-0.15745656	0.16244239	-0.3310885	0.11309322	-0.36759952	0.09848363	-0.38493034	
0	0	630	1613.0185826785716	0.7191274	0.29704648	0.6326672	-0.31389955	0.29329756	-0.15832326	0.16446204	-0.3465593	0.114948235	-0.32935593	0.10053607	-0.36137745	
0	0	631	1615.5789296352043	0.7204948	0.29163367	0.6338971	-0.32125387	0.29235536	-0.16198435	0.16738814	-0.35799485	0.112470254	-0.29544783	0.09926625	-0.31563824	
0	0	632	1618.1392765918367	0.7233528	0.28810564	0.6364823	-0.3285465	0.29201487	-0.16994192	0.17132007	-0.36398664	0.108054556	-0.29528314	0.09434088	-0.2692255	
0	0	633	1620.6996235484696	0.7265758	0.2878276	0.64033717	-0.33390749	0.29332528	-0.18042056	0.17598715	-0.36055166	0.1058824	-0.33021685	0.086168006	-0.23862249	
0	0	634	1623.2599705051023	0.72807235	0.29067668	0.6440256	-0.3359208	0.29655787	-0.18846683	0.1802446	-0.3450842	0.10825448	-0.3650897	0.07553513	-0.25110313	
0	0	635	1625.820317461735	0.72612524	0.29376104	0.64548486	-0.335885	0.30052266	-0.18983953	0.18247396	-0.3212123	0.1129545	-0.36221728	0.06547901	-0.35532188	
0	0	636	1628.3806644183676	0.72146314	0.29274672	0.6441668	-0.33775318	0.3032867	-0.18561761	0.18188472	-0.29904372	0.11533478	-0.32405567	0.06242052	-0.55756044	
0	0	637	1630.9410113750002	0.71731097	0.2855753	0.64207554	-0.34462333	0.30396053	-0.18179178	0.17938586	-0.28868356	0.11315971	-0.28449067	0.06971451	-0.7186284	
0	0	638	1633.501358331633	0.71695715	0.27445632	0.6420929	-0.35565108	0.30345643	-0.18388674	0.17685041	-0.293324	0.10822521	-0.27595642	0.08144598	-0.73471546	
0	0	639	1636.0617052882656	0.7215193	0.26451558	0.64558303	-0.36651814	0.3035739	-0.19287866	0.1757916	-0.3084878	0.10429424	-0.30920205	0.08937154	-0.6421958	
0	0	640	1638.622052244898	0.7289776	0.2608698	0.6510781	-0.37245035	0.30569813	-0.20484506	0.17668252	-0.3257757	0.10447133	-0.36507067	0.0883306	-0.50946426	
0	0	641	1641.1823992015309	0.734573	0.26483446	0.65467954	-0.37243	0.30978745	-0.21354523	0.17886959	-0.3380107	0.10903956	-0.40591064	0.07802317	-0.41547453	
0	0	642	1643.7427461581635	0.7341747	0.2712843	0.6533314	-0.37164986	0.31422848	-0.21562935	0.18112212	-0.344011	0.11522638	-0.41164812	0.065278605	-0.45876962	
0	0	643	1646.3030931147962	0.7288245	0.2723023	0.6486089	-0.37729993	0.3173937	-0.21384014	0.1827552	-0.3482549	0.12019888	-0.39394963	0.061684657	-0.64362776	
0	0	644	1648.8634400714288	0.72401625	0.2647372	0.64551693	-0.3912236	0.31930268	-0.21306732	0.18413888	-0.35517865	0.1235498	-0.3713628	0.06985289	-0.7663825	
0	0	645	1651.4237870280613	0.7248367	0.25262758	0.6481089	-0.40823185	0.3211821	-0.21467817	0.18621008	-0.36489314	0.12624274	-0.3489038	0.08130022	-0.74409574	
0	0	646	1653.9841339846942	0.73266995	0.24454954	0.65669096	-0.41933364	0.3238848	-0.21538201	0.18972301	-0.3720786	0.12847205	-0.32094008	0.08923335	-0.63838583	
0	0	647	1656.5444809413268	0.74316734	0.24906486	0.66625696	-0.4170534	0.32656503	-0.21045224	0.19422273	-0.36771032	0.12894326	-0.28557053	0.09085632	-0.5123599	
0	0	648	1659.1048278979592	0.7465586	0.2664871	0.6679786	-0.40379396	0.32676065	-0.20057309	0.19728422	-0.3481239	0.1263953	-0.2567101	0.08719165	-0.4229502	
0	0	649	1661.6651748545921	0.7365885	0.28399372	0.65825975	-0.3940332	0.32342282	-0.19494224	0.19660357	-0.32421488	0.12232733	-0.2559408	0.083716035	-0.40242788	
0	0	650	1664.2255218112248	0.71874934	0.2878352	0.64405626	-0.39957872	0.3190424	-0.20140421	0.19288978	-0.3111546	0.12036538	-0.28376877	0.08532449	-0.40964398	
0	0	651	1666.7858687678572	0.70289725	0.2762175	0.63422257	-0.41865358	0.31692153	-0.21808928	0.18854097	-0.3145772	0.122300364	-0.31345862	0.090831935	-0.3823922	
0	0	652	1669.34621572449	0.69470763	0.25607318	0.6324812	-0.44163802	0.31864953	-0.2367638	0.18549468	-0.3316145	0.12666926	-0.31821656	0.09624225	-0.30927622	
0	0	653	1671.9065626811225	0.69507104	0.23652685	0.6375119	-0.45856008	0.3237242	-0.24787317	0.184814	-0.35482192	0.13009879	-0.29099858	0.09817491	-0.20918018	
0	0	654	1674.4669096377554	0.70084375	0.22527644	0.6440299	-0.46382213	0.32935873	-0.24522993	0.1864225	-0.37440127	0.12925155	-0.24743615	0.09445891	-0.11559962	
0	0	655	1677.027256594388	0.70594925	0.22406465	0.64558035	-0.46079955	0.33162913	-0.23248261	0.18886204	-0.3847047	0.12355046	-0.21997736	0.08615905	-0.081903264	
0	0	656	1679.5876035510205	0.70622766	0.22689423	0.6406627	-0.45982578	0.32930434	-0.22231199	0.19069993	-0.3902029	0.116564944	-0.23543836	0.07933495	-0.14963907	
0	0	657	1682.1479505076534	0.7032275	0.2270095	0.6340974	-0.4672933	0.32523	-0.22384448	0.19231996	-0.39846006	0.11278073	-0.2871788	0.08009346	-0.2769712	
0	0	658	1684.708297464286	0.70100844	0.22370866	0.6310515	-0.48034102	0.3228977	-0.23550844	0.19530454	-0.40940005	0.1134603	-0.34135997	0.08882649	-0.37320423	
0	0	659	1687.2686444209185	0.70142895	0.2213866	0.6326158	-0.49128303	0.32375464	-0.24934399	0.20055881	-0.41388085	0.116545305	-0.37315816	0.10233508	-0.39505643	
0	0	660	1689.8289913775513	0.7023312	0.22447063	0.63529134	-0.4944162	0.32681814	-0.25770596	0.20679297	-0.40083173	0.119297996	-0.3854363	0.11625973	-0.34139466	
0	0	661	1692.3893383341838	0.6993986	0.23175454	0.633827	-0.4919997	0.32964897	-0.2592974	0.21055481	-0.3698523	0.12104424	-0.39758286	0.12474516	-0.23317336	
0	0	662	1694.9496852908167	0.6915731	0.23626617	0.6272205	-0.49304724	0.3309798	-0.26005083	0.2093997	-0.33673298	0.12375799	-0.41857946	0.123260595	-0.11486839	
0	0	663	1697.5100322474493	0.6829579	0.23322538	0.62023574	-0.5031184	0.3321764	-0.2649607	0.20485441	-0.31990337	0.12922414	-0.4341753	0.1132257	-0.036952354	
0	0	664	1700.0703792040817	0.6783593	0.22497016	0.6181402	-0.5188941	0.33529514	-0.27182564	0.2007045	-0.32463494	0.13678338	-0.425379	0.10014648	-0.03108007	
0	0	665	1702.6307261607146	0.6794153	0.21874005	0.6226717	-0.5313441	0.34080467	-0.27331865	0.19984013	-0.34128267	0.14383012	-0.38590804	0.08920697	-0.10664741	
0	0	666	1705.191073117347	0.6828873	0.22193515	0.6303359	-0.53116184	0.3464657	-0.26291993	0.20253962	-0.3526291	0.14695723	-0.3263661	0.08406964	-0.24466324	
0	0	667	1707.7514200739797	0.68147963	0.23452507	0.6327462	-0.5175322	0.3481	-0.24345882	0.20606433	-0.34817445	0.14439464	-0.2771767	0.085830756	-0.38955584	
0	0	668	1710.3117670306126	0.6714447	0.24556898	0.6247122	-0.503491	0.34427908	-0.22919878	0.20730217	-0.33597758	0.13984749	-0.2719333	0.09222008	-0.4947521	
0	0	669	1712.872113987245	0.65795714	0.24504873	0.6115665	-0.5022609	0.338912	-0.23080015	0.2065039	-0.3322432	0.13982797	-0.30281845	0.10071193	-0.5583776	
0	0	670	1715.4324609438777	0.6483621	0.23374444	0.60187334	-0.5136434	0.33655214	-0.24529552	0.206567	-0.3431511	0.14594314	-0.3279633	0.1106843	-0.58803964	
0	0	671	1717.9928079005106	0.64626485	0.21937066	0.59990823	-0.5284548	0.3391295	-0.26287794	0.21025307	-0.3617235	0.15522294	-0.32403877	0.121735506	-0.5800867	
0	0	672	1720.553154857143	0.65099925	0.21137786	0.6051216	-0.53553444	0.34633264	-0.27336603	0.21875283	-0.37274078	0.16423741	-0.29399097	0.13186514	-0.529555	
0	0	673	1723.1135018137759	0.6571562	0.21648356	0.6120002	-0.52680486	0.35573345	-0.26943117	0.23053819	-0.3606863	0.17083111	-0.2526719	0.13713597	-0.44507518	
0	0	674	1725.6738487704083	0.6567887	0.23122275	0.612145	-0.5053222	0.3634249	-0.25220183	0.24132612	-0.3235811	0.1752102	-0.21712784	0.13436633	-0.36276725	
0	0	675	1728.234195727041	0.64795285	0.24256152	0.60303074	-0.48526004	0.3676942	-0.23158978	0.24822344	-0.27721187	0.18004641	-0.19344077	0.12718435	-0.3365867	
0	0	676	1730.7945426836739	0.6368942	0.2422973	0.59090406	-0.47602266	0.37087566	-0.2144726	0.25314838	-0.23551588	0.18775803	-0.17028645	0.12584275	-0.37352234	
0	0	677	1733.3548896403063	0.6300439	0.23315755	0.58245033	-0.474524	0.37605044	-0.19782731	0.25969377	-0.19552925	0.19837895	-0.13157728	0.13628627	-0.39739335	
0	0	678	1735.915236596939	0.6297207	0.22307964	0.57985187	-0.47138283	0.38423416	-0.17258333	0.2692169	-0.14265415	0.21021281	-0.06706678	0.15519585	-0.33851978	
0	0	679	1738.4755835535718	0.6342588	0.22008455	0.58069396	-0.45707035	0.39337638	-0.12890868	0.27931616	-0.06147689	0.22052819	0.028154999	0.17502505	-0.18565778	
0	0	680	1741.0359305102043	0.63851786	0.22802238	0.57846594	-0.42745468	0.39801356	-0.06254877	0.2837639	0.053412125	0.22549473	0.15389815	0.18735737	0.0435979	
0	0	681	1743.5962774668371	0.63692486	0.24234933	0.5663356	-0.389574	0.39197043	0.018599909	0.2758746	0.18913482	0.22116895	0.30158427	0.18520679	0.31985167	
0	0	682	1746.1566244234696	0.62891746	0.25331366	0.5438432	-0.35790652	0.3737647	0.097974375	0.2545419	0.32015502	0.20615055	0.45483577	0.1671311	0.6076809	
0	0	683	1748.7169713801022	0.61888623	0.25546816	0.51657784	-0.3422899	0.34696358	0.162583	0.22464825	0.42541313	0.1826625	0.5979248	0.13803865	0.8761081	
0	0	684	1751.277318336735	0.6110251	0.2504509	0.49007085	-0.34463316	0.31553456	0.2061504	0.19161542	0.49424124	0.15420234	0.7217022	0.104873516	1.1028	
0	0	685	1753.8376652933675	0.6068108	0.24292022	0.46781194	-0.3636749	0.28210202	0.22174604	0.1587656	0.51605946	0.12336881	0.8177165	0.07312943	1.265185	
0	0	686	1756.3980122500002	0.60548854	0.23688969	0.45270878	-0.39634076	0.24997066	0.19650008	0.12904258	0.4675865	0.092276	0.86236024	0.046297632	1.3250606	
0	0	687	1758.9583592066328	0.605243	0.23393269	0.44711545	-0.4344128	0.2249727	0.12003242	0.10753235	0.32110953	0.06440968	0.79379785	0.026097871	1.195496	
0	0	688	1761.5187061632655	0.6045978	0.23292156	0.45036662	-0.46531817	0.21282285	0.008200051	0.09944892	0.10862383	0.04581126	0.514986	0.014222345	0.58183926	
0	0	689	1764.0790531198982	0.603462	0.23172231	0.4581756	-0.48146787	0.21323307	-0.09746814	0.10260437	-0.06760484	0.041481875	0.089035004	0.018010972	-0.3861427	
0	0	690	1766.6394000765308	0.60282373	0.22943848	0.4662327	-0.48487312	0.22050689	-0.1713983	0.10931471	-0.16885884	0.04719681	-0.21322079	0.03247204	-0.6672458	
0	0	691	1769.1997470331635	0.60365295	0.22700958	0.4729437	-0.48126975	0.22964515	-0.21603818	0.11468641	-0.22377488	0.05591286	-0.34932712	0.049041435	-0.6398783	
0	0	692	1771.7600939897964	0.60621446	0.22640261	0.47879305	-0.4742311	0.23856582	-0.24142729	0.117483765	-0.2642528	0.06432619	-0.38079774	0.0633339	-0.5056354	
0	0	693	1774.3204409464288	0.6098878	0.22964984	0.48454452	-0.4638854	0.24669847	-0.25381875	0.118491575	-0.3127949	0.070465975	-0.34841245	0.07220549	-0.3348993	
0	0	694	1776.8807879030614	0.6131794	0.23789632	0.48986304	-0.44866803	0.25352266	-0.25630113	0.12023618	-0.38074765	0.072781995	-0.2861306	0.07387166	-0.1622303	
0	0	695	1779.441134859694	0.61415595	0.2503139	0.4930937	-0.42862964	0.25828978	-0.25249436	0.12598477	-0.4540048	0.07119928	-0.2309456	0.0678098	-0.019467594	
0	0	696	1782.0014818163268	0.61158645	0.26382294	0.49279094	-0.40760463	0.26071694	-0.247854	0.13615447	-0.49828267	0.06783762	-0.2125611	0.055805534	0.02974771	
0	0	697	1784.5618287729594	0.605916	0.27467543	0.48960158	-0.39102548	0.2615249	-0.24720292	0.14724241	-0.4988129	0.06568617	-0.231015	0.044727076	-0.120922275	
0	0	698	1787.122175729592	0.5988925	0.2805832	0.48601028	-0.38157925	0.2619743	-0.25200543	0.15543978	-0.46863627	0.06611467	-0.2529517	0.043591365	-0.41571602	
0	0	699	1789.6825226862247	0.59246755	0.2813172	0.4844949	-0.37767273	0.26308835	-0.26065716	0.15895785	-0.42832202	0.068054885	-0.24770422	0.050220605	-0.6038267	
0	0	700	1792.2428696428574	0.5881886	0.2781761	0.48622963	-0.37499392	0.2654151	-0.2702334	0.15809499	-0.39666045	0.06960994	-0.21476896	0.057828415	-0.6846325	
0	0	701	1794.80321659949	0.5870216	0.27360868	0.4907524	-0.36891174	0.2691123	-0.2772592	0.15517984	-0.3878371	0.0697208	-0.17214413	0.0653312	-0.72778755	
0	0	702	1797.3635635561227	0.5890083	0.27089733	0.49622545	-0.3567515	0.27381814	-0.27788305	0.15396942	-0.40144733	0.06836483	-0.13730934	0.0741119	-0.7372956	
0	0	703	1799.9239105127554	0.59284866	0.27291548	0.5003654	-0.33932763	0.27834663	-0.26930025	0.15668043	-0.41433287	0.06585383	-0.12253021	0.08344237	-0.6850332	
0	0	704	1802.484257469388	0.5962671	0.28015792	0.5018665	-0.320429	0.2808907	-0.2525126	0.16108538	-0.40229586	0.062555544	-0.14350139	0.088967524	-0.56590205	
0	0	705	1805.0446044260207	0.5974548	0.29010347	0.5011734	-0.30414438	0.28012255	-0.23342155	0.1628284	-0.36770663	0.059811775	-0.2242038	0.08590261	-0.4144274	
0	0	706	1807.6049513826533	0.5963155	0.29904145	0.4998381	-0.29236174	0.2763016	-0.22005261	0.15984826	-0.332961	0.060869247	-0.36479744	0.073396824	-0.2910455	
0	0	707	1810.165298339286	0.5942866	0.30466062	0.49931058	-0.2844333	0.27124402	-0.21798362	0.1537236	-0.32148278	0.068574	-0.49637038	0.0558044	-0.2891124	
0	0	708	1812.7256452959184	0.5930773	0.30725795	0.50026226	-0.2784095	0.2672897	-0.22727185	0.14839055	-0.34351835	0.08167803	-0.5484681	0.042983554	-0.54289436	
0	0	709	1815.2859922525513	0.5934079	0.30897018	0.5025657	-0.2724196	0.2661003	-0.24225107	0.14748721	-0.38558862	0.096156634	-0.51965165	0.045553	-0.9068255	
0	0	710	1817.846339209184	0.5946083	0.31162125	0.5056113	-0.26555672	0.26783842	-0.25450513	0.15142627	-0.4182402	0.10795355	-0.4395177	0.056916784	-1.0266193	
0	0	711	1820.4066861658166	0.5954849	0.31483176	0.5087817	-0.2581634	0.27113375	-0.25799638	0.15718362	-0.4244971	0.113902405	-0.33971965	0.06505671	-0.9804054	
0	0	712	1822.9670331224493	0.59583294	0.3163817	0.51192784	-0.2513468	0.27406958	-0.2526156	0.16140603	-0.4116348	0.11282629	-0.25365028	0.065911755	-0.90815026	
0	0	713	1825.5273800790817	0.59701	0.31478778	0.51551974	-0.24586761	0.27551952	-0.24286059	0.16305476	-0.3971514	0.10684193	-0.21274327	0.062263913	-0.9019287	
0	0	714	1828.0877270357146	0.60085416	0.3115121	0.5202721	-0.24118772	0.27561024	-0.23343855	0.1634499	-0.39337716	0.10023931	-0.23008817	0.06150375	-0.9810369	
0	0	715	1830.6480739923472	0.6079202	0.31065893	0.5264663	-0.23545152	0.2750971	-0.2263556	0.16479176	-0.4006261	0.09627086	-0.29178	0.068064876	-1.0269727	
0	0	716	1833.2084209489797	0.61636436	0.3161875	0.53338665	-0.22662178	0.27455583	-0.22121593	0.16841726	-0.40758166	0.09590314	-0.37230003	0.076885104	-0.9426624	
0	0	717	1835.7687679056125	0.62253416	0.32825875	0.53939617	-0.21437839	0.2741135	-0.2171991	0.17339814	-0.40026024	0.09910797	-0.4492362	0.08010125	-0.75909513	
0	0	718	1838.3291148622452	0.6236594	0.34185725	0.543068	-0.20123838	0.27373475	-0.21442765	0.17684515	-0.37643647	0.10540121	-0.5012777	0.07390033	-0.54320514	
0	0	719	1840.8894618188776	0.6205264	0.35016626	0.5445918	-0.19103713	0.2735981	-0.21355061	0.176589	-0.34945118	0.11293296	-0.51314384	0.059473734	-0.36480498	
0	0	720	1843.4498087755105	0.6169393	0.34992912	0.5457796	-0.18578142	0.2740997	-0.21442881	0.17318107	-0.33640397	0.118638776	-0.48699117	0.04166647	-0.3350106	
0	0	721	1846.010155732143	0.6167435	0.34348297	0.5486181	-0.18408634	0.27553776	-0.2156541	0.1691553	-0.3471267	0.11977747	-0.44125715	0.030131405	-0.67361385	
0	0	722	1848.5705026887758	0.62153536	0.33677804	0.5538413	-0.1822207	0.27785698	-0.21529497	0.16762671	-0.3799187	0.11551265	-0.4054827	0.037256155	-1.1140691	
0	0	723	1851.1308496454085	0.62993497	0.33589014	0.56033325	-0.17660649	0.28064677	-0.21203259	0.17106055	-0.41819692	0.1085106	-0.4137225	0.054763865	-1.1418743	
0	0	724	1853.691196602041	0.63810384	0.34349087	0.5656441	-0.16652212	0.28335685	-0.20582958	0.17916138	-0.43514773	0.10467001	-0.47209096	0.070537485	-0.95995176	
0	0	725	1856.2515435586738	0.64185196	0.35672113	0.5677438	-0.15512334	0.28557193	-0.1977397	0.18753117	-0.41619542	0.107260644	-0.5270125	0.07919057	-0.7197152	
0	0	726	1858.8118905153065	0.6396118	0.3686514	0.5667583	-0.14721753	0.28713936	-0.18911983	0.19085076	-0.37532747	0.112671934	-0.5285113	0.080090195	-0.4906286	
0	0	727	1861.372237471939	0.6336468	0.37276024	0.56484383	-0.14563093	0.28809956	-0.18102026	0.18796483	-0.34156093	0.1154138	-0.4841068	0.075362936	-0.3025866	
0	0	728	1863.9325844285718	0.6285131	0.36681324	0.56452686	-0.14954156	0.2885738	-0.17406675	0.18251224	-0.3359686	0.112966016	-0.43098783	0.06708319	-0.16971654	
0	0	729	1866.4929313852042	0.62853545	0.35411453	0.5672287	-0.15539882	0.2887024	-0.16850752	0.17980681	-0.35833246	0.107211314	-0.41022757	0.056775223	-0.12070081	
0	0	730	1869.053278341837	0.635584	0.34226587	0.5726899	-0.15902601	0.28858417	-0.16426446	0.18324192	-0.3842322	0.1037178	-0.43537122	0.047728	-0.22038668	
0	0	731	1871.6136252984697	0.64757013	0.3392543	0.57918245	-0.15774183	0.28821203	-0.1612072	0.19142483	-0.38114813	0.10620428	-0.4622158	0.046895903	-0.464214	
0	0	732	1874.1739722551022	0.6589356	0.34796998	0.5843805	-0.15165599	0.28752232	-0.15966523	0.19836283	-0.33689207	0.112247966	-0.44202703	0.056748696	-0.6275441	
0	0	733	1876.734319211735	0.66420275	0.36346334	0.5865852	-0.14351936	0.28662723	-0.16055122	0.19782113	-0.26924488	0.11713947	-0.37299374	0.07040723	-0.62154454	
0	0	734	1879.2946661683675	0.66231465	0.3763662	0.58564484	-0.1371601	0.28600484	-0.16437915	0.18836355	-0.21254782	0.11756072	-0.27861848	0.08133083	-0.51740825	
0	0	735	1881.8550131250001	0.6573873	0.3799514	0.58292925	-0.1353997	0.28626567	-0.16981615	0.17456283	-0.19843158	0.11231778	-0.19232295	0.08556139	-0.37330595	
0	0	736	1884.415360081633	0.6551606	0.37485197	0.58041364	-0.13875511	0.28755715	-0.1737376	0.16387782	-0.23582332	0.1038055	-0.15519859	0.08096952	-0.23775029	
0	0	737	1886.9757070382655	0.65861475	0.36804366	0.5796146	-0.14559925	0.28922155	-0.17335549	0.1613872	-0.29563227	0.09799083	-0.18071525	0.069313146	-0.18009743	
0	0	738	1889.536053994898	0.6659422	0.3670613	0.5810483	-0.15333009	0.29009262	-0.16861203	0.16569029	-0.3320247	0.09793532	-0.2204263	0.05787644	-0.27618685	
0	0	739	1892.096400951531	0.67217684	0.37377056	0.58426315	-0.15962915	0.28930992	-0.16299675	0.17065638	-0.32828134	0.10063858	-0.2310623	0.054540187	-0.49393338	
0	0	740	1894.6567479081634	0.6736385	0.3831165	0.58819604	-0.16330466	0.2872088	-0.16166556	0.17106038	-0.30274558	0.10238942	-0.21819529	0.059251934	-0.675217	
0	0	741	1897.2170948647963	0.6712417	0.388397	0.5916866	-0.16458845	0.28539145	-0.16701968	0.16597593	-0.28596136	0.10181506	-0.20630933	0.06657865	-0.76881313	
0	0	742	1899.7774418214287	0.668981	0.38778403	0.59400374	-0.16480672	0.28543556	-0.17557617	0.15867229	-0.30237126	0.09985121	-0.21823443	0.07352856	-0.8213558	
0	0	743	1902.3377887780614	0.669469	0.38535476	0.59512246	-0.16555044	0.28741476	-0.18056975	0.15436788	-0.35565233	0.09922936	-0.26067033	0.08108461	-0.8672814	
0	0	744	1904.8981357346943	0.6714012	0.38614127	0.5955773	-0.16785403	0.28979483	-0.17789769	0.15671405	-0.42057684	0.10227026	-0.3084497	0.09152208	-0.8927662	
0	0	745	1907.4584826913267	0.6710735	0.39053565	0.5960558	-0.17185682	0.29065546	-0.16948958	0.16510138	-0.46173644	0.10789322	-0.3262477	0.10437062	-0.87000656	
0	0	746	1910.0188296479594	0.6663847	0.39340472	0.5970244	-0.17701942	0.28920838	-0.16205864	0.17556079	-0.46319968	0.112597935	-0.30728233	0.117028065	-0.79715866	
0	0	747	1912.5791766045922	0.6594743	0.3888345	0.5985875	-0.18263924	0.28659442	-0.16228752	0.18368413	-0.43183565	0.11356155	-0.26895934	0.12695506	-0.6834593	
0	0	748	1915.1395235612247	0.6551404	0.37607	0.60061246	-0.18831167	0.2851441	-0.17124052	0.18664612	-0.38536364	0.10983533	-0.23641884	0.13142283	-0.5364524	
0	0	749	1917.6998705178576	0.65666336	0.3607814	0.60300046	-0.19400975	0.28650153	-0.18293683	0.18422864	-0.3434798	0.10271949	-0.23829927	0.12735823	-0.36921307	
0	0	750	1920.26021747449	0.6631248	0.35039788	0.6058615	-0.19974408	0.29032096	-0.18931967	0.17876397	-0.3200372	0.096024334	-0.29602346	0.11343459	-0.20962824	
0	0	751	1922.8205644311226	0.6703601	0.34803978	0.60941017	-0.20511104	0.2946818	-0.18684757	0.17334631	-0.31649876	0.09425498	-0.39283073	0.09200464	-0.09925437	
0	0	752	1925.3809113877555	0.6746067	0.35066387	0.6136187	-0.20921493	0.29771	-0.1785649	0.16974567	-0.32377818	0.09839723	-0.47018096	0.067669846	-0.103940524	
0	0	753	1927.941258344388	0.67553324	0.3528634	0.61792237	-0.21121126	0.2990305	-0.17068361	0.16792978	-0.33096114	0.1047466	-0.4886293	0.04815046	-0.38441956	
0	0	754	1930.5016053010206	0.6756199	0.35217765	0.6213352	-0.21116027	0.2998563	-0.16701937	0.16683221	-0.33217326	0.10831227	-0.45563093	0.051604547	-0.93508565	
0	0	755	1933.0619522576533	0.6769488	0.35046718	0.62304616	-0.21041323	0.3016732	-0.16588607	0.1653327	-0.3284797	0.105776966	-0.404274	0.07916289	-1.1192185	
0	0	756	1935.622299214286	0.6791612	0.3507109	0.6230612	-0.21102613	0.30474612	-0.161975	0.16309787	-0.32539865	0.09719325	-0.38065708	0.10841542	-0.99725604	
0	0	757	1938.1826461709186	0.68037254	0.35329637	0.6223322	-0.21454899	0.30770957	-0.15139344	0.16071615	-0.32699773	0.08698231	-0.43175003	0.12524405	-0.7806269	
0	0	758	1940.7429931275512	0.67968	0.3556522	0.6222504	-0.22106509	0.3085023	-0.13548928	0.15886286	-0.33275238	0.08168075	-0.5593634	0.12710303	-0.5616219	
0	0	759	1943.303340084184	0.67847013	0.3553987	0.623878	-0.22911635	0.3058988	-0.12067387	0.15774244	-0.3407967	0.08372554	-0.6923626	0.117669255	-0.37188643	
0	0	760	1945.8636870408168	0.6789717	0.3534798	0.627394	-0.23650295	0.3004784	-0.11495857	0.15746364	-0.35088906	0.08984473	-0.7762699	0.10104158	-0.22581185	
0	0	761	1948.4240339974492	0.681643	0.3535862	0.63202727	-0.24147631	0.2944538	-0.123783715	0.15848337	-0.36234778	0.09659468	-0.8208924	0.0812186	-0.15040578	
0	0	762	1950.9843809540819	0.6842687	0.35835075	0.63650227	-0.24365617	0.29070988	-0.14678122	0.16127431	-0.370104	0.1035776	-0.85061795	0.063737445	-0.18093175	
0	0	763	1953.5447279107145	0.6837927	0.36618918	0.63977987	-0.24411637	0.2914917	-0.17634386	0.16531232	-0.366179	0.11236691	-0.8678686	0.0520618	-0.28481624	
0	0	764	1956.1050748673472	0.6793397	0.37206963	0.64161795	-0.24456921	0.29698354	-0.20029563	0.16873695	-0.3481227	0.1233338	-0.8549356	0.0420484	-0.40472683	
0	0	765	1958.6654218239798	0.67330927	0.3718965	0.6425418	-0.24626014	0.30473587	-0.20955652	0.16955082	-0.32466432	0.13399854	-0.8032766	0.030836247	-0.67825735	
0	0	766	1961.2257687806125	0.6691235	0.36602154	0.64333045	-0.24939513	0.3110576	-0.2046063	0.16742267	-0.31305575	0.14109726	-0.7251514	0.028998109	-1.3463916	
0	0	767	1963.7861157372452	0.66833246	0.35812736	0.6444751	-0.25335333	0.31355035	-0.19420652	0.16488558	-0.32903025	0.14273055	-0.6411079	0.047525473	-1.7570033	
0	0	768	1966.346462693878	0.6701307	0.35143545	0.64595115	-0.25735807	0.31256464	-0.18868227	0.16641602	-0.36854246	0.13877752	-0.57381374	0.07433884	-1.758338	
0	0	769	1968.9068096505105	0.6730104	0.34655425	0.64738864	-0.26114765	0.31064945	-0.19347376	0.1741494	-0.40072492	0.13153876	-0.5495448	0.09820197	-1.6024977	
0	0	770	1971.4671566071431	0.67649025	0.34253383	0.64852816	-0.26514974	0.3106533	-0.20581608	0.18464546	-0.39923126	0.12667355	-0.58349204	0.11128045	-1.4032046	
0	0	771	1974.0275035637758	0.6811424	0.33953714	0.64958173	-0.26994336	0.31356654	-0.21673156	0.19206887	-0.36939785	0.13026264	-0.6416116	0.11162347	-1.2308248	
0	0	772	1976.5878505204084	0.68678033	0.33968288	0.65110093	-0.27545136	0.3176612	-0.21880935	0.19334865	-0.33662966	0.14239495	-0.65621203	0.104180515	-1.1303337	
0	0	773	1979.148197477041	0.69115555	0.34438965	0.6533992	-0.28068843	0.32013616	-0.21307434	0.19019033	-0.32626244	0.15715322	-0.59427506	0.096347064	-1.1161314	
0	0	774	1981.7085444336738	0.6913211	0.35120356	0.65602946	-0.28445742	0.31990844	-0.20721836	0.1879204	-0.34665117	0.1665471	-0.45966578	0.09409218	-1.1613909	
0	0	775	1984.2688913903064	0.6867441	0.3540694	0.65787584	-0.28663602	0.31852204	-0.20738326	0.1910911	-0.37556157	0.1619196	-0.2749237	0.09969848	-1.1964264	
0	0	776	1986.8292383469388	0.6810868	0.34787738	0.65811354	-0.28884003	0.31828776	-0.21226111	0.19786449	-0.37791407	0.13838066	-0.09215182	0.110413045	-1.1594727	
0	0	777	1989.3895853035717	0.6800519	0.33404735	0.6572413	-0.2932807	0.31985158	-0.21517612	0.20099138	-0.34741572	0.10218398	-0.0082341535	0.1203619	-1.0427979	
0	0	778	1991.9499322602044	0.6865188	0.32097262	0.6568855	-0.300663	0.32167548	-0.2114017	0.19529246	-0.3113238	0.06996098	-0.18538907	0.124449894	-0.87446856	
0	0	779	1994.510279216837	0.69776565	0.3176103	0.65847844	-0.30934668	0.32164872	-0.20286772	0.18206869	-0.30820403	0.06406291	-0.6689064	0.12056579	-0.6876407	
0	0	780	1997.0706261734697	0.7071086	0.32670134	0.6620943	-0.31648827	0.31914958	-0.19644406	0.16867079	-0.3696288	0.0871283	-0.9438996	0.109131955	-0.5134042	
0	0	781	1999.6309731301023	0.7081497	0.34288573	0.66626084	-0.32015607	0.31577656	-0.19785655	0.16546047	-0.48688552	0.11825497	-0.91348773	0.09263694	-0.3967534	
0	0	782	2002.191320086735	0.69917953	0.3555799	0.668956	-0.32101065	0.31396416	-0.20608304	0.17718884	-0.58527434	0.14142434	-0.7213189	0.07819423	-0.40705165	
0	0	783	2004.7516670433677	0.6849555	0.35536173	0.66931295	-0.32202342	0.3146369	-0.21411367	0.19597037	-0.60438365	0.14325327	-0.4597095	0.07706888	-0.49913952	
0	0	784	2007.312014	0.67355263	0.3406228	0.66852653	-0.3259952	0.31641698	-0.21624428	0.20974542	-0.56056607	0.120487675	-0.22693753	0.08579441	-0.45592162	
0	0	785	2009.872360956633	0.6707254	0.31873518	0.6688663	-0.33301696	0.31720564	-0.21361947	0.21327047	-0.49928036	0.08507899	-0.14964433	0.088868394	-0.2739117	
0	0	786	2012.4327079132656	0.67680043	0.300577	0.671702	-0.3402701	0.3163795	-0.21258499	0.2093632	-0.45338514	0.058257435	-0.459083	0.07946786	-0.05161561	
0	0	787	2014.9930548698983	0.6873097	0.29376084	0.6762225	-0.34434932	0.31559533	-0.21792738	0.20434567	-0.4296245	0.06957817	-0.99157673	0.057411004	0.12391398	
0	0	788	2017.553401826531	0.6956389	0.29880252	0.67990094	-0.34438962	0.3172186	-0.22648723	0.20187947	-0.40668336	0.10870224	-1.069891	0.028628856	-0.1006006	
0	0	789	2020.1137487831634	0.6969219	0.30913797	0.6807134	-0.34331685	0.3214406	-0.22879843	0.19860479	-0.35964787	0.14766382	-0.87780637	0.037433043	-1.193585	
0	0	790	2022.6740957397963	0.6914876	0.3157198	0.6793127	-0.34550658	0.3254044	-0.21915688	0.187814	-0.295621	0.16857651	-0.59224343	0.07337727	-1.2017313	
0	0	791	2025.234442696429	0.6840956	0.31374925	0.67878133	-0.35266316	0.32560533	-0.20219342	0.16756134	-0.25543284	0.16512592	-0.31063256	0.097755484	-0.9931482	
0	0	792	2027.7947896530613	0.6795117	0.30518898	0.68206483	-0.3618109	0.32094127	-0.1900739	0.14393032	-0.29715508	0.14411677	-0.09088103	0.1061462	-0.81657094	
0	0	793	2030.3551366096942	0.6793982	0.2956337	0.68936217	-0.3671935	0.3140667	-0.19476907	0.13014175	-0.45764175	0.11560289	0.025588922	0.10394888	-0.7349775	
0	0	794	2032.9154835663269	0.68225884	0.28989094	0.6973971	-0.36477062	0.31028903	-0.21817614	0.13812548	-0.6440909	0.08971582	-0.03380465	0.100918815	-0.7788277	
0	0	795	2035.4758305229593	0.68506545	0.28925902	0.70147705	-0.3560097	0.31366244	-0.24560681	0.16180389	-0.70668197	0.082558095	-0.29309776	0.10960096	-0.8907227	
0	0	796	2038.0361774795922	0.6855263	0.2913685	0.6993374	-0.3474161	0.32259613	-0.25585014	0.18262926	-0.64609253	0.09896971	-0.44501907	0.13102143	-0.91179675	
0	0	797	2040.5965244362246	0.6836501	0.29277638	0.69325334	-0.34559098	0.33052337	-0.2421762	0.1872191	-0.54347205	0.11613469	-0.39368466	0.15010472	-0.8311372	
0	0	798	2043.1568713928575	0.6810193	0.29215062	0.68816954	-0.35218528	0.33184475	-0.21696128	0.17597207	-0.48428613	0.12200336	-0.30048257	0.16067854	-0.73615736	
0	0	799	2045.7172183494902	0.67862856	0.2906507	0.68791884	-0.36294967	0.326168	-0.19866812	0.16323464	-0.52587897	0.12104202	-0.24525505	0.16878653	-0.6543493	
0	0	800	2048.2775653061226	0.67589796	0.28940994	0.6927419	-0.3711011	0.31744158	-0.19963306	0.16565676	-0.6292959	0.11991841	-0.23101197	0.18053454	-0.5499418	
0	0	801	2050.8379122627553	0.67188084	0.28727257	0.69939625	-0.37224567	0.31083238	-0.22103019	0.1842862	-0.6793623	0.12173798	-0.22423825	0.19423492	-0.3504675	
0	0	802	2053.398259219388	0.66725725	0.28161085	0.7036836	-0.36733082	0.31001908	-0.25276437	0.20566551	-0.6361209	0.12430647	-0.18627638	0.19050403	0.011449704	
0	0	803	2055.9586061760206	0.66459996	0.27178377	0.70371866	-0.36128044	0.31537592	-0.27895522	0.21635263	-0.535188	0.12114301	-0.11916462	0.14555386	0.4993664	
0	0	804	2058.518953132653	0.66617984	0.26129386	0.7010507	-0.358521	0.3238686	-0.28855735	0.21011543	-0.43082467	0.10982266	-0.08545109	0.08219734	1.0546241	
0	0	805	2061.079300089286	0.67153835	0.25585762	0.69867617	-0.359643	0.3313404	-0.28159186	0.19144969	-0.3810692	0.09788265	-0.15038133	0.039227623	2.0638967	
0	0	806	2063.6396470459185	0.6770158	0.25900352	0.69830245	-0.36187658	0.33504543	-0.26537666	0.17446725	-0.42027715	0.095138304	-0.2922354	0.052065704	-2.8929389	
0	0	807	2066.199994002551	0.67779344	0.26850238	0.6993064	-0.36212912	0.33422622	-0.24858132	0.17103213	-0.505503	0.10393132	-0.39354497	0.08707553	-2.3218973	
0	0	808	2068.760340959184	0.6717698	0.27650848	0.69974196	-0.35964707	0.32971194	-0.23922077	0.17843972	-0.55420077	0.11667067	-0.37495035	0.117849104	-1.9127373	
0	0	809	2071.3206879158165	0.66231626	0.274881	0.698261	-0.35633713	0.32395947	-0.2435316	0.18553391	-0.548028	0.121190414	-0.26264545	0.12896189	-1.4816549	
0	0	810	2073.881034872449	0.65627974	0.26247397	0.6953173	-0.35476673	0.3207073	-0.2615626	0.1851758	-0.5251449	0.111050144	-0.14632642	0.10478756	-1.0600289	
0	0	811	2076.441381829082	0.65847355	0.24716888	0.6926401	-0.35578343	0.32276702	-0.28334048	0.17936708	-0.5335547	0.09214296	-0.12678923	0.05933727	-0.85732996	
0	0	812	2079.0017287857145	0.66787994	0.23989278	0.6916548	-0.35788733	0.32943806	-0.29472643	0.17772909	-0.5879423	0.076828934	-0.27942988	0.029957615	-1.4480933	
0	0	813	2081.562075742347	0.67835325	0.24625188	0.6923874	-0.35863477	0.33678755	-0.28892687	0.18711121	-0.6398016	0.07719265	-0.5505375	0.04721275	-2.1177504	
0	0	814	2084.12242269898	0.68288594	0.26267153	0.6936215	-0.3565565	0.34050056	-0.27080035	0.20307419	-0.6371584	0.09519335	-0.7052594	0.07271779	-2.0892782	
0	0	815	2086.6827696556124	0.6787262	0.279153	0.6939106	-0.3520121	0.33887202	-0.25287184	0.2162973	-0.58102965	0.11917852	-0.6586182	0.09110881	-1.8929996	
0	0	816	2089.243116612245	0.6694548	0.28659886	0.6925441	-0.34661204	0.3342951	-0.2468712	0.22074166	-0.4997846	0.13371168	-0.4879373	0.09968421	-1.6472712	
0	0	817	2091.8034635688778	0.66173244	0.2835487	0.6897742	-0.34197757	0.3314944	-0.25368282	0.21559395	-0.42337134	0.1301013	-0.2976372	0.09910347	-1.3990086	
0	0	818	2094.3638105255104	0.6596936	0.276447	0.6863788	-0.33896133	0.3330087	-0.26162478	0.20464799	-0.374995	0.11270953	-0.17305134	0.09297107	-1.1766868	
0	0	819	2096.924157482143	0.66233003	0.2731586	0.6831685	-0.3376185	0.3367381	-0.25864068	0.19399585	-0.36139217	0.09182141	-0.1762034	0.085723184	-0.9906582	
0	0	820	2099.4845044387757	0.6654849	0.27653262	0.68078	-0.33747393	0.3382498	-0.24430746	0.18760124	-0.36563453	0.078404166	-0.35177156	0.080519326	-0.8272287	
0	0	821	2102.0448513954084	0.66570514	0.28350908	0.6796085	-0.33764187	0.33497426	-0.22961749	0.1842387	-0.36392587	0.082567714	-0.59887344	0.07747174	-0.65021235	
0	0	822	2104.605198352041	0.6626862	0.2887569	0.6796488	-0.33694556	0.32870764	-0.22778334	0.17998774	-0.35283697	0.10092524	-0.690373	0.07343974	-0.4395306	
0	0	823	2107.1655453086737	0.6589433	0.28919262	0.6803399	-0.33436117	0.3244525	-0.2424323	0.17324097	-0.3503496	0.11677491	-0.62337196	0.065597676	-0.21148507	
0	0	824	2109.7258922653064	0.65725476	0.28621763	0.6807273	-0.329658	0.3260971	-0.26224637	0.16662726	-0.374776	0.11956246	-0.5305456	0.052863438	0.014655786	
0	0	825	2112.286239221939	0.65812236	0.28375155	0.6799758	-0.3236452	0.33279988	-0.270145	0.16465023	-0.421813	0.11451461	-0.51240957	0.034021687	0.21900082	
0	0	826	2114.8465861785717	0.65977836	0.28400883	0.6778442	-0.31773052	0.339504	-0.2586609	0.16914262	-0.460737	0.11347675	-0.5788426	0.008006611	-0.049490273	
0	0	827	2117.4069331352043	0.6604483	0.28582472	0.6747702	-0.31315148	0.34094024	-0.23601158	0.17675082	-0.46367505	0.12319837	-0.65082467	0.0324277	-1.9471495	
0	0	828	2119.967280091837	0.6600669	0.28677565	0.67157596	-0.31040737	0.33618024	-0.21973205	0.18148713	-0.43306732	0.1409048	-0.64656204	0.07455271	-1.6061574	
0	0	829	2122.5276270484696	0.65988576	0.28600687	0.6690453	-0.30912432	0.32982045	-0.22227839	0.17976156	-0.39573863	0.15732476	-0.55440515	0.102007	-1.1855341	
0	0	830	2125.0879740051023	0.6607938	0.28496605	0.6675831	-0.30830127	0.32769665	-0.2394116	0.17291625	-0.3816464	0.16287506	-0.41297626	0.10408229	-0.8488325	
0	0	831	2127.648320961735	0.6621512	0.28550005	0.66705453	-0.30679917	0.33165228	-0.25482005	0.1656934	-0.40727535	0.15411125	-0.27771035	0.08936846	-0.66316026	
0	0	832	2130.2086679183676	0.66245735	0.2873965	0.66683894	-0.30388838	0.33881286	-0.25560543	0.16315085	-0.46625316	0.1358646	-0.19958487	0.06940265	-0.69573534	
0	0	833	2132.7690148750003	0.6611521	0.28834057	0.66611207	-0.29969922	0.3444489	-0.24094409	0.16792667	-0.5296183	0.116895586	-0.21079236	0.060637884	-1.0631013	
0	0	834	2135.329361831633	0.6594135	0.2863211	0.6643335	-0.29530254	0.3452638	-0.22040029	0.17851229	-0.5660398	0.10449017	-0.30572775	0.08347162	-1.4202436	
0	0	835	2137.8897087882656	0.65918857	0.28180963	0.66172796	-0.29215014	0.34166396	-0.2070338	0.19041398	-0.5676865	0.1007979	-0.43156803	0.12618083	-1.4101019	
0	0	836	2140.4500557448982	0.661495	0.2778475	0.6592983	-0.29093063	0.33760646	-0.20789291	0.20018962	-0.5496889	0.10324614	-0.53768736	0.16188802	-1.2026256	
0	0	837	2143.010402701531	0.6652508	0.27797428	0.6581127	-0.2907149	0.33732963	-0.21741976	0.20805196	-0.5280046	0.10936807	-0.6103835	0.17251392	-0.95342547	
0	0	838	2145.5707496581635	0.66760135	0.2831992	0.65829325	-0.2893708	0.34157836	-0.22173433	0.21611673	-0.50344265	0.118389525	-0.6399925	0.15817088	-0.744453	
0	0	839	2148.131096614796	0.66599464	0.2905019	0.65860105	-0.28532514	0.34685853	-0.21122639	0.22467384	-0.4642673	0.12785135	-0.6098953	0.12680544	-0.6195987	
0	0	840	2150.6914435714293	0.6604177	0.2947515	0.6572787	-0.27934286	0.3482647	-0.18902661	0.23010218	-0.4026308	0.13218388	-0.52218074	0.08715741	-0.70589155	
0	0	841	2153.2517905280615	0.65347236	0.29245275	0.65373915	-0.2743429	0.34367937	-0.16862434	0.22721513	-0.3314504	0.12592617	-0.40570685	0.076212764	-1.3071982	
0	0	842	2155.812137484694	0.64846057	0.28377286	0.6493693	-0.2728208	0.33576757	-0.16320072	0.21568376	-0.28335783	0.107279584	-0.31287804	0.12713933	-1.5450822	
0	0	843	2158.372484441327	0.64767325	0.2718441	0.646335	-0.27436057	0.3296705	-0.17502068	0.20278154	-0.28519833	0.08065372	-0.353448	0.17072019	-1.3403771	
0	0	844	2160.9328313979595	0.6518816	0.26113483	0.6455891	-0.2758422	0.32885817	-0.19365336	0.19787894	-0.32648996	0.06439942	-0.73082936	0.17834191	-1.0846032	
0	0	845	2163.493178354592	0.66028064	0.25628406	0.6458693	-0.27411008	0.33278102	-0.20432676	0.20419937	-0.35445717	0.083890006	-1.1285143	0.1601771	-0.8671727	
0	0	846	2166.053525311225	0.67017347	0.26079914	0.64448404	-0.26914644	0.33739713	-0.19941191	0.21399179	-0.32187104	0.12084544	-1.1374623	0.12703125	-0.70422214	
0	0	847	2168.6138722678575	0.67723906	0.2746197	0.6398399	-0.26510763	0.33822992	-0.1842572	0.21341479	-0.23991024	0.15026085	-0.9612066	0.08648645	-0.65932333	
0	0	848	2171.17421922449	0.6780017	0.2926164	0.6336865	-0.26687232	0.33424082	-0.17238402	0.19690557	-0.17055994	0.16148522	-0.7295614	0.05418648	-1.0008842	
0	0	849	2173.734566181123	0.67271477	0.30771658	0.6298445	-0.27474785	0.32858703	-0.17319393	0.17345268	-0.17750752	0.15236323	-0.50514394	0.06462959	-1.6172428	
0	0	850	2176.2949131377554	0.6646278	0.31588855	0.6305881	-0.2838376	0.32513952	-0.18443811	0.15753081	-0.28308645	0.12789837	-0.35404563	0.1010704	-1.6530186	
0	0	851	2178.855260094388	0.65700734	0.31721926	0.634916	-0.2883951	0.32519144	-0.1966621	0.15965515	-0.4312168	0.10317547	-0.37011662	0.12949121	-1.3953387	
0	0	852	2181.4156070510207	0.6516801	0.31379515	0.6395577	-0.286002	0.3273815	-0.20238058	0.17937092	-0.5127211	0.09798832	-0.5154718	0.13519911	-1.0459347	
0	0	853	2183.975954007653	0.6493283	0.3078788	0.6412339	-0.2788689	0.32954836	-0.2004021	0.20346358	-0.47732794	0.10948456	-0.5401845	0.11937303	-0.72196066	
0	0	854	2186.536300964286	0.65014887	0.30151105	0.6388633	-0.27211356	0.33039132	-0.19390945	0.21355997	-0.3648056	0.118373	-0.403502	0.09627852	-0.5099748	
0	0	855	2189.0966479209187	0.6540137	0.29693168	0.6341932	-0.27003193	0.32982284	-0.18622404	0.20248379	-0.26035628	0.11338344	-0.18301812	0.08008536	-0.44857252	
0	0	856	2191.656994877551	0.65997946	0.29661947	0.63012314	-0.2731748	0.32811397	-0.17863418	0.18154554	-0.23309368	0.09061362	0.054841112	0.0785355	-0.4559261	
0	0	857	2194.217341834184	0.6658407	0.30204618	0.6283845	-0.27881	0.32513323	-0.17203932	0.16663504	-0.29419282	0.052973583	0.15643315	0.08822704	-0.35211784	
0	0	858	2196.7776887908167	0.668754	0.3119216	0.62875	-0.28380826	0.32079816	-0.16941418	0.16624053	-0.38719743	0.029329123	-0.69266623	0.09567833	-0.085357085	
0	0	859	2199.338035747449	0.6670281	0.32187143	0.6299465	-0.2868897	0.3161271	-0.17487936	0.17757931	-0.43059358	0.06089074	-1.2034839	0.0882326	0.2771949	
0	0	860	2201.898382704082	0.66174674	0.3266242	0.6309795	-0.28865448	0.31337443	-0.1892798	0.18905307	-0.39753935	0.09229073	-1.0679061	0.06413628	0.67984676	
0	0	861	2204.4587296607147	0.65651613	0.3236736	0.63170445	-0.29015732	0.3146436	-0.2064657	0.19008175	-0.32748482	0.10919025	-0.866635	0.029723417	1.2621586	
0	0	862	2207.0190766173473	0.65513474	0.3156646	0.63245416	-0.29173538	0.31985882	-0.21552812	0.18043098	-0.27781346	0.11227645	-0.6983492	0.02394492	-2.7334893	
0	0	863	2209.57942357398	0.6588035	0.30925423	0.6333747	-0.29300052	0.32607532	-0.20920181	0.16795202	-0.28119218	0.10695871	-0.6110865	0.074305564	-1.9819362	
0	0	864	2212.1397705306126	0.6647588	0.3106048	0.63420963	-0.29361707	0.32933632	-0.19026218	0.16057426	-0.3327506	0.10310338	-0.6246758	0.1319963	-1.5328948	
0	0	865	2214.7001174872453	0.6676674	0.32028043	0.6346027	-0.29380998	0.32762215	-0.16945015	0.16204481	-0.39445034	0.10888688	-0.66338444	0.17612866	-1.0709693	
0	0	866	2217.260464443878	0.6637152	0.33197314	0.6344531	-0.29414436	0.32220095	-0.15798374	0.17015542	-0.4210805	0.12021525	-0.6298999	0.18043989	-0.6298626	
0	0	867	2219.8208114005106	0.6540053	0.33721498	0.633924	-0.2950288	0.3165077	-0.16063954	0.17801802	-0.40043947	0.12751961	-0.53508586	0.14858976	-0.30041006	
0	0	868	2222.3811583571432	0.6434864	0.3318967	0.6332039	-0.29655457	0.31366816	-0.1729841	0.18019865	-0.35865456	0.12683664	-0.43512782	0.10389194	-0.13872296	
0	0	869	2224.9415053137755	0.63697666	0.3186355	0.6323783	-0.29875067	0.31438062	-0.1851412	0.17722493	-0.32702836	0.120604634	-0.37631297	0.063519046	-0.2639954	
0	0	870	2227.5018522704086	0.6362779	0.30423808	0.6315554	-0.30177712	0.31677043	-0.19026294	0.17295907	-0.31715915	0.11513079	-0.37721685	0.04931573	-0.8929147	
0	0	871	2230.062199227041	0.6396476	0.29504833	0.6310157	-0.3057335	0.3184124	-0.18951428	0.17028935	-0.3215706	0.11565598	-0.39989546	0.070461385	-1.3356836	
0	0	872	2232.6225461836734	0.6433155	0.2930285	0.6311216	-0.31029934	0.3184919	-0.18908189	0.16945934	-0.3264571	0.119483545	-0.38294056	0.09792874	-1.3925862	
0	0	873	2235.1828931403065	0.6442912	0.29516065	0.63202554	-0.31470445	0.31820464	-0.1937013	0.16878217	-0.3262593	0.118857905	-0.33110756	0.11677713	-1.3305783	
0	0	874	2237.743240096939	0.6423739	0.2966353	0.6334714	-0.31814247	0.31944007	-0.20243482	0.1670258	-0.32858345	0.11109367	-0.30827928	0.12324376	-1.2637906	
0	0	875	2240.3035870535714	0.63970137	0.29476517	0.63489443	-0.32032472	0.3230052	-0.20941588	0.1650953	-0.34395674	0.10240338	-0.38354936	0.12141203	-1.2526517	
0	0	876	2242.8639340102045	0.63873917	0.29057312	0.63578314	-0.32169193	0.32777944	-0.20895723	0.16530403	-0.3732389	0.105024494	-0.54610693	0.11983184	-1.3064419	
0	0	877	2245.424280966837	0.6404507	0.2878029	0.6360173	-0.3230563	0.33152324	-0.20043968	0.1695687	-0.40354067	0.12476233	-0.6445096	0.12370012	-1.3837818	
0	0	878	2247.9846279234694	0.6434356	0.29027855	0.6358702	-0.32497776	0.3325801	-0.18859707	0.17768869	-0.4142829	0.15116458	-0.5936082	0.13328892	-1.4417245	
0	0	879	2250.5449748801025	0.64449096	0.2987913	0.63569844	-0.32744426	0.33100018	-0.17990503	0.18639594	-0.39233324	0.16823535	-0.44520327	0.14743239	-1.4561903	
0	0	880	2253.105321836735	0.6407524	0.30957723	0.63564223	-0.33008164	0.3283554	-0.17830914	0.190881	-0.34483948	0.16718675	-0.27858576	0.16373092	-1.4104143	
0	0	881	2255.665668793368	0.63213414	0.31597725	0.63557243	-0.33257928	0.32651392	-0.18285674	0.18860722	-0.29541448	0.15048973	-0.15920563	0.17640384	-1.301953	
0	0	882	2258.22601575	0.62206763	0.3125467	0.6352422	-0.3349737	0.3262694	-0.18891348	0.18133543	-0.2681519	0.12766828	-0.13945396	0.17934665	-1.1573436	
0	0	883	2260.786362706633	0.6158252	0.2992077	0.6344942	-0.33766356	0.32692486	-0.19232535	0.17350689	-0.27420694	0.11058421	-0.2512608	0.17279273	-1.0110694	
0	0	884	2263.3467096632658	0.61734664	0.2827735	0.63340634	-0.34122267	0.32715738	-0.19275771	0.16924965	-0.304362	0.108694926	-0.43701047	0.16116975	-0.87604886	
0	0	885	2265.907056619898	0.6262694	0.27364036	0.6323393	-0.34610257	0.32631674	-0.19328652	0.16947885	-0.33332404	0.12019995	-0.562494	0.14739099	-0.7478097	
0	0	886	2268.467403576531	0.6372806	0.27862144	0.63185173	-0.3523078	0.32502383	-0.19699435	0.17123482	-0.34335455	0.13493012	-0.5934752	0.13182692	-0.6218217	
0	0	887	2271.0277505331637	0.64319026	0.29551724	0.63245493	-0.35919198	0.324553	-0.20351397	0.17092647	-0.34017932	0.14657725	-0.57461596	0.11398056	-0.5076632	
0	0	888	2273.588097489796	0.6401277	0.3144341	0.634305	-0.36560997	0.32547292	-0.20870978	0.16760448	-0.3425494	0.15457451	-0.5364924	0.09491691	-0.43687782	
0	0	889	2276.148444446429	0.63038176	0.32475936	0.6370138	-0.3704494	0.3268008	-0.2083584	0.16334185	-0.36668783	0.15913895	-0.4836836	0.078301206	-0.45183095	
0	0	890	2278.7087914030617	0.62030166	0.32221514	0.63976943	-0.37331343	0.32654637	-0.20262155	0.16205716	-0.41332826	0.158499	-0.4179301	0.06874778	-0.5698854	
0	0	891	2281.269138359694	0.61552095	0.3112005	0.64179975	-0.37487116	0.32334667	-0.19738372	0.16638033	-0.45669165	0.15050922	-0.35783342	0.069782905	-0.7276596	
0	0	892	2283.829485316327	0.61731756	0.30103585	0.6429275	-0.37646386	0.3180078	-0.20100626	0.17322344	-0.46778303	0.13701895	-0.34405634	0.080614015	-0.79591465	
0	0	893	2286.3898322729597	0.6222549	0.2986615	0.6437119	-0.3790772	0.3135315	-0.21778417	0.17684987	-0.45602283	0.12661631	-0.40527698	0.094025016	-0.7199811	
0	0	894	2288.950179229592	0.6253284	0.3035676	0.64495456	-0.38255173	0.31317565	-0.24279715	0.1764526	-0.45177168	0.12659077	-0.4867279	0.09976346	-0.54487556	
0	0	895	2291.5105261862245	0.6242952	0.30941454	0.6469933	-0.3857975	0.3180059	-0.2637821	0.17591636	-0.47091317	0.1321533	-0.5097162	0.091219395	-0.3518372	
0	0	896	2294.0708731428576	0.6212462	0.31056583	0.6494111	-0.3878012	0.32586592	-0.26953802	0.18003045	-0.5038954	0.13409844	-0.4801652	0.069464855	-0.24497676	
0	0	897	2296.63122009949	0.62001467	0.30726266	0.6513974	-0.38858223	0.3324119	-0.2579106	0.19080684	-0.51682854	0.12886016	-0.4507808	0.044955164	-0.47620457	
0	0	898	2299.1915670561225	0.62229824	0.30500853	0.6524832	-0.38926002	0.3338646	-0.23772225	0.20307343	-0.4784813	0.12023654	-0.47726193	0.048739906	-1.173003	
0	0	899	2301.7519140127556	0.6259679	0.3092788	0.6530205	-0.3911282	0.3299305	-0.22309595	0.206747	-0.4020422	0.11798167	-0.5726249	0.08180768	-1.3498816	
0	0	900	2304.3122609693883	0.6266498	0.320335	0.6539286	-0.3945201	0.32400516	-0.2234544	0.19836204	-0.33581337	0.12847899	-0.6470054	0.11348178	-1.2173967	
0	0	901	2306.8726079260205	0.62130976	0.33231094	0.6559516	-0.3985097	0.320237	-0.23740852	0.18391722	-0.3188528	0.14438811	-0.6194966	0.13014556	-1.0126874	
0	0	902	2309.4329548826536	0.61101073	0.33712155	0.6590745	-0.4016356	0.32061392	-0.2553835	0.17207403	-0.36339968	0.1539862	-0.51768637	0.12781236	-0.82181895	
0	0	903	2311.9933018392862	0.6004662	0.33022648	0.6625324	-0.4030411	0.32421747	-0.26754546	0.17001505	-0.44668943	0.1524478	-0.40162152	0.10968418	-0.71099234	
0	0	904	2314.5536487959184	0.5948626	0.31410825	0.66540974	-0.40314865	0.32841486	-0.2705417	0.17951046	-0.51032823	0.14226851	-0.3204243	0.086532235	-0.78706497	
0	0	905	2317.1139957525515	0.5965783	0.29689437	0.66737634	-0.4033036	0.33108458	-0.26853883	0.1933943	-0.5118257	0.13069353	-0.30662403	0.08005211	-1.1131078	
0	0	906	2319.674342709184	0.6039228	0.28706637	0.6689426	-0.4046844	0.3322788	-0.26791316	0.2010588	-0.46852186	0.12618695	-0.34556732	0.10169894	-1.3405861	
0	0	907	2322.2346896658164	0.6123495	0.28828543	0.6710481	-0.40740228	0.3336109	-0.2706098	0.19895591	-0.43005362	0.13027588	-0.3613062	0.13039978	-1.3136653	
0	0	908	2324.795036622449	0.6171863	0.2978204	0.67437166	-0.41040796	0.3361051	-0.27304688	0.19318339	-0.43305004	0.13484354	-0.31335288	0.14731334	-1.1762007	
0	0	909	2327.355383579082	0.6162799	0.3087482	0.6788206	-0.41217723	0.33896	-0.27100888	0.19321342	-0.47158733	0.13249855	-0.23784485	0.14756705	-1.0284472	
0	0	910	2329.9157305357144	0.6110833	0.31401822	0.68350023	-0.4117756	0.3402982	-0.2649702	0.20285846	-0.49655363	0.123373814	-0.19316296	0.13539582	-0.920412	
0	0	911	2332.476077492347	0.6055969	0.3102741	0.6872742	-0.40961742	0.33919317	-0.26075926	0.21564741	-0.46813542	0.11420249	-0.22240815	0.11753464	-0.87799126	
0	0	912	2335.03642444898	0.60395265	0.299511	0.6895928	-0.40724584	0.3370204	-0.26434022	0.22089685	-0.39566308	0.1138928	-0.30264324	0.09972245	-0.92174494	
0	0	913	2337.5967714056123	0.60833555	0.28772086	0.6909087	-0.4062218	0.33636016	-0.27545843	0.21306539	-0.31879067	0.12375838	-0.33329955	0.08742912	-1.0696884	
0	0	914	2340.157118362245	0.61821026	0.2818268	0.6923481	-0.40699482	0.33853576	-0.28756008	0.19506435	-0.28234854	0.13433446	-0.26725405	0.086675696	-1.2808335	
0	0	915	2342.717465318878	0.6304527	0.2868202	0.6949106	-0.4084883	0.34254855	-0.29402345	0.17658612	-0.32171193	0.13586485	-0.1413532	0.098143645	-1.4256132	
0	0	916	2345.2778122755103	0.6399635	0.3033199	0.6986261	-0.4086594	0.3461205	-0.29370993	0.16967268	-0.42701724	0.12461725	-0.009145334	0.11435566	-1.4460483	
0	0	917	2347.838159232143	0.64177316	0.3255395	0.7021689	-0.40599185	0.3477103	-0.29142722	0.17854317	-0.51771486	0.10214533	0.06747824	0.12766978	-1.3796932	
0	0	918	2350.398506188776	0.63512254	0.342684	0.7035323	-0.40119672	0.34799805	-0.29325625	0.19387545	-0.5342614	0.076215945	-0.03257526	0.13415372	-1.2701445	
0	0	919	2352.9588531454087	0.62537044	0.34640992	0.7017482	-0.39741132	0.34925383	-0.30005208	0.20384425	-0.49728528	0.06675097	-0.424881	0.13251872	-1.1473457	
0	0	920	2355.519200102041	0.61982185	0.33792463	0.6980907	-0.39800683	0.35282114	-0.30604956	0.20458072	-0.45362112	0.08477666	-0.72000754	0.123482406	-1.0401076	
0	0	921	2358.079547058674	0.62218547	0.3264254	0.6953595	-0.40391603	0.35758463	-0.30491084	0.19991383	-0.43500903	0.10909218	-0.7510871	0.11101135	-0.98377603	
0	0	922	2360.6398940153067	0.630972	0.3220222	0.696081	-0.41283956	0.36096177	-0.29582375	0.19620657	-0.44675583	0.12624098	-0.69005847	0.10242851	-0.9864366	
0	0	923	2363.200240971939	0.6407797	0.3298545	0.7011189	-0.42038044	0.36100593	-0.2841351	0.19750875	-0.46975774	0.13530076	-0.6231634	0.10055434	-0.9813627	
0	0	924	2365.7605879285716	0.6450877	0.34693867	0.70902973	-0.42211854	0.35797969	-0.2777212	0.20308833	-0.47839397	0.1393782	-0.5760231	0.09931063	-0.92564934	
0	0	925	2368.3209348852047	0.640901	0.36304012	0.7163066	-0.41619346	0.35445186	-0.28131133	0.20871343	-0.46413764	0.14162983	-0.5497477	0.09470984	-0.8627264	
0	0	926	2370.881281841837	0.6320266	0.368139	0.719274	-0.40516412	0.353426	-0.29193628	0.210947	-0.4399438	0.14392512	-0.5360672	0.09009337	-0.8444967	
0	0	927	2373.4416287984695	0.6257261	0.3614617	0.7169842	-0.39459988	0.35575417	-0.30082437	0.21023306	-0.42344695	0.14693889	-0.5267002	0.09212374	-0.85902584	
0	0	928	2376.0019757551026	0.62593496	0.35152012	0.71195143	-0.38858643	0.3594973	-0.30126068	0.20944999	-0.42020333	0.15114586	-0.5154334	0.10348532	-0.8167902	
0	0	929	2378.562322711735	0.6306154	0.34747675	0.70756626	-0.38676554	0.3617877	-0.29369798	0.2105879	-0.42308703	0.15701406	-0.49134672	0.11847523	-0.65584004	
0	0	930	2381.1226696683675	0.6344078	0.351457	0.7052624	-0.38565204	0.36103174	-0.28410175	0.21351616	-0.42254823	0.16331303	-0.4378061	0.12629354	-0.39442042	
0	0	931	2383.6830166250006	0.6335866	0.35778475	0.7039022	-0.38214532	0.35779148	-0.27928895	0.21681246	-0.41443813	0.16577767	-0.3466021	0.117586814	-0.09872384	
0	0	932	2386.243363581633	0.62940454	0.35902414	0.70123523	-0.37612128	0.3542604	-0.28266692	0.21904732	-0.4009387	0.15915467	-0.23224273	0.09231864	0.12419367	
0	0	933	2388.8037105382655	0.62648743	0.3534878	0.69611686	-0.37033308	0.35278144	-0.29187942	0.21956834	-0.3872346	0.14167552	-0.13229604	0.0634759	0.08241506	
0	0	934	2391.3640574948986	0.6279331	0.3468635	0.6896541	-0.36783642	0.3541905	-0.30020928	0.21846166	-0.37833056	0.11737801	-0.10225546	0.05763813	-0.36278638	
0	0	935	2393.924404451531	0.6321644	0.3465674	0.6843227	-0.3692604	0.35721967	-0.30158114	0.21628621	-0.37864518	0.0956027	-0.21225697	0.08423136	-0.59252703	
0	0	936	2396.4847514081634	0.63405234	0.35445026	0.6820509	-0.37217107	0.35946116	-0.29484195	0.21425958	-0.39173168	0.08960288	-0.4629691	0.12122114	-0.49462837	
0	0	937	2399.045098364796	0.6294569	0.36414513	0.6828351	-0.37273383	0.35896453	-0.28407454	0.21431696	-0.41658124	0.10429992	-0.6428591	0.15455331	-0.23993102	
0	0	938	2401.605445321429	0.61966014	0.3657466	0.6847057	-0.3683915	0.35540643	-0.27610773	0.21805224	-0.44383878	0.12596862	-0.6266705	0.16956984	0.1165507	
0	0	939	2404.1657922780614	0.6110393	0.35472247	0.6850781	-0.3596758	0.35044727	-0.27679935	0.22511935	-0.45983657	0.13761522	-0.48873037	0.14940682	0.5157725	
0	0	940	2406.726139234694	0.6097747	0.33698195	0.6826073	-0.349686	0.34691548	-0.2868146	0.23296131	-0.4567316	0.13164495	-0.3304361	0.09971617	0.82324183	
0	0	941	2409.286486191327	0.61674047	0.3246957	0.6779975	-0.34166512	0.34681693	-0.3000215	0.23831712	-0.4377637	0.112357676	-0.23697886	0.050120857	0.7926459	
0	0	942	2411.8468331479594	0.62671155	0.3265369	0.6731339	-0.33681703	0.34970218	-0.30799955	0.23931694	-0.41448054	0.090933256	-0.28780246	0.03391681	-0.00899326	
0	0	943	2414.407180104592	0.6321522	0.34101892	0.6695425	-0.33402336	0.35315326	-0.30695847	0.23679434	-0.39886943	0.08175649	-0.51261574	0.05077268	-0.4182898	
0	0	944	2416.967527061225	0.6290319	0.35792816	0.6674884	-0.33125815	0.3548597	-0.29991728	0.23329072	-0.39424083	0.093019925	-0.7134655	0.06264737	-0.40398383	
0	0	945	2419.5278740178574	0.6200443	0.36632553	0.66620016	-0.32730234	0.3543787	-0.29317954	0.23022297	-0.3942523	0.11307791	-0.71534246	0.05856782	-0.3506923	
0	0	946	2422.08822097449	0.6120639	0.36295652	0.6648034	-0.3224255	0.35324064	-0.29060158	0.22666371	-0.39323285	0.12458475	-0.5895299	0.045377813	-0.605024	
0	0	947	2424.648567931123	0.61032265	0.3542952	0.6631023	-0.3176559	0.3532234	-0.29005316	0.22111768	-0.39513054	0.1204362	-0.45263925	0.055355117	-1.1025453	
0	0	948	2427.2089148877553	0.61464185	0.35041076	0.66155064	-0.31354922	0.3542857	-0.28589448	0.214092	-0.41155392	0.105697565	-0.3937172	0.07919035	-1.2075306	
0	0	949	2429.769261844388	0.620373	0.35642338	0.6605972	-0.30967468	0.35433	-0.27560014	0.20897248	-0.44970426	0.09128376	-0.4763755	0.09728924	-1.17504	
0	0	950	2432.3296088010206	0.62263757	0.36927846	0.6601218	-0.30518526	0.35116482	-0.26386517	0.20979369	-0.49823084	0.08990919	-0.6834441	0.10854862	-1.1428286	
0	0	951	2434.8899557576533	0.6201527	0.38142806	0.65948755	-0.2998061	0.34504443	-0.26025292	0.21728969	-0.5298308	0.10726542	-0.8274008	0.11696023	-1.1453899	
0	0	952	2437.450302714286	0.6157327	0.38712263	0.65813	-0.29428104	0.33942458	-0.2710131	0.22730646	-0.5242705	0.13250946	-0.7979188	0.12957865	-1.1717243	
0	0	953	2440.0106496709186	0.6135812	0.38643938	0.6561302	-0.2898439	0.33845788	-0.29109457	0.23327583	-0.48481938	0.15006314	-0.66798985	0.15124151	-1.1412485	
0	0	954	2442.5709966275513	0.6159358	0.38446638	0.6542323	-0.28716138	0.34321523	-0.30649796	0.23097762	-0.4348201	0.1548163	-0.53106534	0.16935821	-1.0015548	
0	0	955	2445.131343584184	0.6217418	0.3865775	0.653263	-0.28569824	0.3506809	-0.30635184	0.22194265	-0.4012028	0.15159038	-0.42913306	0.16985974	-0.8297874	
0	0	956	2447.6916905408166	0.6281517	0.39431557	0.6534554	-0.28405896	0.3561931	-0.290968	0.21151227	-0.39662096	0.14572537	-0.3641923	0.15697037	-0.68854564	
0	0	957	2450.2520374974497	0.6330262	0.40549725	0.6542208	-0.28103405	0.35678646	-0.2700194	0.20409596	-0.41497436	0.13948196	-0.3272766	0.13713776	-0.5933883	
0	0	958	2452.812384454082	0.63600427	0.41712812	0.65453404	-0.27655014	0.35312498	-0.25504422	0.20106658	-0.4409731	0.1333705	-0.3161877	0.11450461	-0.57636905	
0	0	959	2455.3727314107146	0.63779	0.42757416	0.6536825	-0.27181938	0.34858897	-0.2512745	0.2015122	-0.46170086	0.1286999	-0.3373628	0.09948899	-0.70232576	
0	0	960	2457.9330783673477	0.63901037	0.43663108	0.6518388	-0.26852155	0.34617364	-0.25482202	0.20373619	-0.4721803	0.12856911	-0.38501412	0.10815902	-0.83967054	
0	0	961	2460.49342532398	0.6397434	0.44439402	0.6500086	-0.26757833	0.34632477	-0.2580068	0.20655195	-0.47387207	0.1347869	-0.42574444	0.12538567	-0.7479986	
0	0	962	2463.0537722806125	0.6398815	0.45033354	0.6493609	-0.26840463	0.34753245	-0.25659147	0.20966595	-0.4686455	0.14535823	-0.42797536	0.12788105	-0.5297987	
0	0	963	2465.614119237245	0.639768	0.45346174	0.6504347	-0.2691773	0.34831828	-0.25159332	0.21280733	-0.4554261	0.15624091	-0.3856208	0.114688054	-0.2883752	
0	0	964	2468.174466193878	0.6403785	0.4533118	0.65272593	-0.2679463	0.3484536	-0.24573737	0.21492417	-0.4332725	0.1634228	-0.30993477	0.08964085	-0.056578822	
0	0	965	2470.7348131505105	0.64290357	0.4507292	0.654933	-0.26389027	0.34843677	-0.23941845	0.21447347	-0.4059594	0.16407746	-0.21961103	0.05473431	0.07510016	
0	0	966	2473.295160107143	0.6481126	0.44799075	0.65573245	-0.25787494	0.34806025	-0.23087934	0.21066867	-0.38426393	0.15745519	-0.13591109	0.028490672	-0.6254681	
0	0	967	2475.855507063776	0.6556647	0.44824982	0.6546006	-0.2519187	0.34607175	-0.22045043	0.20531605	-0.38201427	0.14490405	-0.080590904	0.060761433	-1.157201	
0	0	968	2478.4158540204085	0.6635715	0.45405078	0.65209514	-0.24794313	0.3416283	-0.21322872	0.20276055	-0.39989334	0.12949783	-0.07844563	0.093958676	-0.8900621	
0	0	969	2480.976200977041	0.66857535	0.4651252	0.64943504	-0.24666724	0.3359863	-0.2163724	0.20523548	-0.41609755	0.11655021	-0.15276349	0.1056325	-0.5438518	
0	0	970	2483.536547933674	0.66805834	0.4772552	0.6477074	-0.24731658	0.33257806	-0.23235676	0.20986393	-0.4108079	0.11245093	-0.28580368	0.09656911	-0.22832312	
0	0	971	2486.0968948903064	0.66229963	0.4840797	0.6472382	-0.24829644	0.33481702	-0.25320414	0.21219756	-0.38516718	0.118508115	-0.4017033	0.07032248	0.0026901464	
0	0	972	2488.657241846939	0.65488654	0.481017	0.64752376	-0.24833071	0.3428759	-0.26352283	0.20963001	-0.35295945	0.12946045	-0.45400622	0.034788504	-0.17418073	
0	0	973	2491.2175888035717	0.6507966	0.4685951	0.64772654	-0.24723615	0.3526011	-0.2528687	0.2021152	-0.3317281	0.13983087	-0.45334178	0.044136584	-1.326486	
0	0	974	2493.7779357602044	0.6534839	0.4529927	0.64731336	-0.24580018	0.35820296	-0.22418359	0.19235958	-0.33804858	0.14659242	-0.42337632	0.09269508	-1.3724892	
0	0	975	2496.338282716837	0.66256416	0.4428258	0.6463492	-0.2450174	0.3562229	-0.19081129	0.18513235	-0.3760102	0.14852521	-0.3846322	0.13509734	-1.1755723	
0	0	976	2498.89862967347	0.67365205	0.4435243	0.64531803	-0.24535672	0.34757385	-0.16837965	0.18367699	-0.42646423	0.14617488	-0.35414386	0.16386871	-0.97259575	
0	0	977	2501.4589766301024	0.68110293	0.45363152	0.6446903	-0.24655296	0.33682367	-0.16708519	0.18671478	-0.46603566	0.14139149	-0.33959892	0.18087466	-0.80301416	
0	0	978	2504.019323586735	0.68197614	0.4663411	0.6445919	-0.24795821	0.3294662	-0.18586846	0.19155435	-0.49122545	0.13520811	-0.3390251	0.19055478	-0.66330177	
0	0	979	2506.5796705433677	0.6777641	0.47485504	0.6447988	-0.24911053	0.32865795	-0.21248308	0.19793315	-0.5067677	0.12723972	-0.35680354	0.19487739	-0.53400606	
0	0	980	2509.1400175000003	0.6724049	0.47686595	0.64499146	-0.25003278	0.33373037	-0.2323162	0.2067789	-0.5066221	0.118195064	-0.4169226	0.19170289	-0.40017915	
0	0	981	2511.700364456633	0.6688861	0.47479603	0.6450283	-0.2510913	0.34152752	-0.23783813	0.21654253	-0.47757566	0.11342752	-0.54699403	0.1770196	-0.2634525	
0	0	982	2514.2607114132657	0.66757494	0.47247046	0.6450106	-0.25263777	0.3487364	-0.22988835	0.22232698	-0.41765848	0.12212373	-0.7000175	0.14809105	-0.15263054	
0	0	983	2516.8210583698983	0.66706216	0.47174636	0.64516085	-0.25475767	0.35322517	-0.2137047	0.21928169	-0.34432924	0.1449423	-0.75031596	0.109139234	-0.16957553	
0	0	984	2519.381405326531	0.6661078	0.47180673	0.6456547	-0.25727397	0.35427427	-0.19538876	0.20672047	-0.2887223	0.16860071	-0.66380125	0.08532274	-0.5106138	
0	0	985	2521.9417522831636	0.6648182	0.47099724	0.6465378	-0.25991032	0.35232085	-0.180113	0.18999976	-0.2853875	0.17814998	-0.4954397	0.10272162	-0.84383905	
0	0	986	2524.5020992397963	0.6641765	0.46892962	0.6477467	-0.26244727	0.3485613	-0.17125449	0.17940886	-0.3480846	0.16634156	-0.31272244	0.1291044	-0.8473522	
0	0	987	2527.062446196429	0.6647502	0.46669057	0.6491722	-0.26478904	0.3444965	-0.16990712	0.18356931	-0.43038076	0.13655919	-0.19437444	0.1396809	-0.72533613	
0	0	988	2529.6227931530616	0.66617155	0.4653075	0.6507106	-0.26695207	0.3414539	-0.17474677	0.19978668	-0.4558254	0.104128055	-0.2606232	0.1317916	-0.5926672	
0	0	989	2532.183140109694	0.6678349	0.46461856	0.6522974	-0.26903656	0.34014052	-0.1826312	0.21566288	-0.40526766	0.09465095	-0.54991126	0.11027638	-0.52078146	
0	0	990	2534.743487066327	0.669786	0.46387956	0.6539353	-0.27117485	0.3404488	-0.19016819	0.2200941	-0.31499577	0.11440987	-0.72495866	0.0873936	-0.61385405	
0	0	991	2537.3038340229596	0.6726158	0.46328324	0.6557035	-0.27344763	0.3417097	-0.19531965	0.21055123	-0.23577142	0.1390304	-0.6674297	0.082429744	-0.8522124	
0	0	992	2539.8641809795918	0.67632866	0.46432784	0.65771073	-0.27578282	0.34319556	-0.19782758	0.1935913	-0.20999527	0.15038516	-0.49705997	0.09213022	-0.94216126	
0	0	993	2542.424527936225	0.6795794	0.46809837	0.65999556	-0.27794784	0.3444657	-0.1984753	0.17974827	-0.2516322	0.14198923	-0.30411667	0.096160665	-0.8753916	
0	0	994	2544.9848748928575	0.68051404	0.47331125	0.6624337	-0.2796837	0.34540674	-0.19814174	0.1759884	-0.33013907	0.11624923	-0.17529736	0.08798539	-0.7810039	
0	0	995	2547.54522184949	0.6785422	0.4764651	0.6647516	-0.28094062	0.34609008	-0.19725034	0.18138362	-0.39764547	0.087162584	-0.2670101	0.07120878	-0.77705306	
0	0	996	2550.105568806123	0.6753737	0.47425106	0.66667545	-0.28203714	0.34657595	-0.19566406	0.19089566	-0.43674603	0.085579045	-0.62465113	0.05957334	-1.0209813	
0	0	997	2552.6659157627555	0.6741812	0.46661717	0.66814077	-0.28358603	0.3467486	-0.1929902	0.20169061	-0.45614576	0.116804495	-0.73980325	0.07165809	-1.2801232	
0	0	998	2555.226262719388	0.6770637	0.4577792	0.6694174	-0.2861789	0.3462685	-0.18920264	0.21406548	-0.46045554	0.14775962	-0.5824262	0.09234083	-1.2327415	
0	0	999	2557.786609676021	0.68282986	0.453139	0.67103946	-0.28999954	0.3447289	-0.18529488	0.2277665	-0.4413616	0.159634	-0.33769855	0.10488309	-1.0696081	
0	0	1000	2560.3469566326535	0.6876076	0.4543728	0.67355204	-0.29459247	0.34200576	-0.18349549	0.23884827	-0.3917048	0.15037093	-0.10072872	0.110572666	-0.9035707	
0	0	1001	2562.907303589286	0.6880968	0.45773506	0.6771827	-0.2989802	0.3386663	-0.18652545	0.24086207	-0.3224482	0.12677966	0.07057424	0.11437723	-0.74680376	
0	0	1002	2565.467650545919	0.6844674	0.45713398	0.6816328	-0.30213568	0.3360785	-0.19559546	0.2309442	-0.26665136	0.0990975	0.11370081	0.118422665	-0.5755526	
0	0	1003	2568.0279975025514	0.6802758	0.44914773	0.6861571	-0.30359337	0.33577082	-0.20806459	0.21522167	-0.2610227	0.079646274	-0.036688875	0.11986538	-0.3643273	
0	0	1004	2570.588344459184	0.6795249	0.43588057	0.68994904	-0.3038023	0.33810553	-0.21771914	0.2047635	-0.3102538	0.078618236	-0.29660752	0.11251153	-0.1283527	
0	0	1005	2573.1486914158163	0.68351525	0.42320612	0.6926412	-0.3039275	0.34150454	-0.2194312	0.20547752	-0.37332967	0.09199042	-0.44735694	0.09567368	0.07237091	
0	0	1006	2575.7090383724494	0.6901458	0.4160113	0.6945681	-0.30514333	0.34347364	-0.21404637	0.21395044	-0.40300453	0.10855751	-0.46798158	0.074837126	0.19140604	
0	0	1007	2578.269385329082	0.6959008	0.4149213	0.6965649	-0.30785048	0.3426587	-0.2080967	0.22156933	-0.38640785	0.12241221	-0.4263795	0.053626955	0.19357426	
0	0	1008	2580.8297322857143	0.6985605	0.41695794	0.6993977	-0.31138524	0.34004793	-0.2089755	0.22058517	-0.3445893	0.1320646	-0.36318788	0.034373816	-0.06777526	
0	0	1009	2583.3900792423474	0.6982953	0.41884094	0.7032107	-0.31446767	0.33844915	-0.21913975	0.2094517	-0.31671274	0.1372788	-0.29489025	0.031398676	-0.8849898	
0	0	1010	2585.95042619898	0.69638133	0.4195393	0.707401	-0.31613073	0.3403949	-0.23276183	0.19484428	-0.3364964	0.13775913	-0.2311583	0.0577853	-1.300556	
0	0	1011	2588.5107731556122	0.6932253	0.41966695	0.71105146	-0.3164406	0.34563628	-0.23940787	0.18596154	-0.40115088	0.13352695	-0.184316	0.09152985	-1.2651722	
0	0	1012	2591.0711201122454	0.68814814	0.41882265	0.71360844	-0.31643012	0.3508297	-0.23410316	0.18589516	-0.47057354	0.12584743	-0.17185728	0.11811797	-1.1419487	
0	0	1013	2593.631467068878	0.6811432	0.4144442	0.7152702	-0.31732902	0.35257238	-0.22267371	0.1905787	-0.5133122	0.11811521	-0.20987189	0.13750783	-1.0358149	
0	0	1014	2596.1918140255107	0.6743545	0.40399596	0.71681595	-0.3197166	0.3506497	-0.21620864	0.19498895	-0.5316515	0.11485419	-0.28653556	0.15369058	-0.94232285	
0	0	1015	2598.7521609821433	0.6712029	0.3884079	0.7190641	-0.3232024	0.34819436	-0.22146447	0.1977751	-0.5420964	0.11667156	-0.3527848	0.1661637	-0.83851016	
0	0	1016	2601.312507938776	0.6737153	0.37289223	0.7223882	-0.32675424	0.34906542	-0.23488712	0.20062529	-0.5518183	0.11861899	-0.38624224	0.16999906	-0.72444206	
0	0	1017	2603.8728548954086	0.6805412	0.36365345	0.7265819	-0.32934234	0.35452867	-0.24444725	0.20479248	-0.55439836	0.11730102	-0.4177945	0.16244633	-0.6385439	
0	0	1018	2606.433201852041	0.6875382	0.36319965	0.73105544	-0.33042783	0.36162618	-0.23984781	0.20919232	-0.5422847	0.11508517	-0.4827089	0.15106247	-0.626498	
0	0	1019	2608.993548808674	0.6907084	0.36846617	0.73514277	-0.3300834	0.3652339	-0.22269878	0.21163797	-0.5178451	0.11724087	-0.57573515	0.14715286	-0.6692168	
0	0	1020	2611.5538957653066	0.68919283	0.3734395	0.73834074	-0.32889298	0.36267224	-0.20601827	0.21130967	-0.49224207	0.12606749	-0.64690375	0.15267348	-0.6907679	
0	0	1021	2614.114242721939	0.68552047	0.37405708	0.7404996	-0.3277506	0.3563983	-0.20359454	0.2099465	-0.47485983	0.13773504	-0.6591165	0.16077802	-0.64405024	
0	0	1022	2616.674589678572	0.6828536	0.37096035	0.7419547	-0.32751617	0.3520085	-0.21844585	0.21016058	-0.4625325	0.14621337	-0.6255634	0.16269258	-0.5312293	
0	0	1023	2619.2349366352046	0.6821288	0.36772063	0.7434498	-0.32851687	0.35359797	-0.23957194	0.21236196	-0.44251335	0.14927569	-0.5826356	0.15212402	-0.38166678	
0	0	1024	2621.795283591837	0.68176436	0.36665	0.7457336	-0.33020446	0.36051488	-0.25091282	0.21424285	-0.40758857	0.14964545	-0.5519033	0.1285269	-0.24210897	
0	0	1025	2624.35563054847	0.6798519	0.36651108	0.74902594	-0.3313735	0.36796737	-0.24487285	0.21315862	-0.36308768	0.15061629	-0.52502906	0.098002225	-0.18099236	
0	0	1026	2626.9159775051025	0.6764274	0.36417446	0.75274277	-0.3309218	0.3708414	-0.22756255	0.20823783	-0.32169127	0.15193394	-0.4811137	0.071980774	-0.29779702	
0	0	1027	2629.4763244617347	0.67349464	0.35814968	0.7557643	-0.32871947	0.3677077	-0.2130728	0.20083708	-0.29575154	0.15017653	-0.4140013	0.06274194	-0.581602	
0	0	1028	2632.036671418368	0.6730357	0.35028282	0.75720185	-0.32591507	0.36184373	-0.21277256	0.19367549	-0.29006058	0.14207366	-0.34416696	0.06672923	-0.7814049	
0	0	1029	2634.5970183750005	0.67512465	0.34421083	0.75716007	-0.3242406	0.3584328	-0.22677834	0.18875292	-0.29747152	0.12869194	-0.31766212	0.07235096	-0.86795825	
0	0	1030	2637.1573653316327	0.6777638	0.34217158	0.756755	-0.3247019	0.36046785	-0.24408013	0.18550853	-0.30728638	0.118176356	-0.37608102	0.07818985	-0.9227103	
0	0	1031	2639.7177122882654	0.67857057	0.34301186	0.75727797	-0.32679123	0.36682695	-0.25181213	0.182102	-0.32017934	0.12008956	-0.47423765	0.08713768	-0.9566982	
0	0	1032	2642.2780592448985	0.676879	0.34333393	0.75924134	-0.32890186	0.37355536	-0.24463479	0.1783286	-0.34782818	0.13329118	-0.5034479	0.10112715	-0.94381803	
0	0	1033	2644.8384062015307	0.6741277	0.3406384	0.76205635	-0.32953647	0.37663096	-0.22663754	0.17669651	-0.39989755	0.14776802	-0.4350536	0.1200277	-0.85582376	
0	0	1034	2647.3987531581633	0.67230797	0.33519843	0.76450574	-0.32836092	0.37420654	-0.20749256	0.18150227	-0.4683773	0.15417731	-0.30713332	0.13947955	-0.6741181	
0	0	1035	2649.9591001147965	0.6723467	0.32925084	0.76565623	-0.3263719	0.3673706	-0.1972386	0.19550842	-0.5192024	0.14799964	-0.17554054	0.1477425	-0.41764018	
0	0	1036	2652.519447071429	0.67376035	0.32496363	0.7655276	-0.32505	0.35936528	-0.20189075	0.21507429	-0.5173802	0.13259776	-0.10436716	0.1364579	-0.1792931	
0	0	1037	2655.0797940280613	0.67539406	0.32309878	0.76497155	-0.32520235	0.3539652	-0.22082458	0.23104008	-0.46504328	0.11868107	-0.13674831	0.11633746	-0.055964552	
0	0	1038	2657.6401409846944	0.6763533	0.32314518	0.7649113	-0.326456	0.35386083	-0.24657038	0.2369153	-0.39414507	0.11579843	-0.23247604	0.10114309	-0.05811414	
0	0	1039	2660.200487941327	0.6763065	0.32430992	0.7656368	-0.3277184	0.35942346	-0.26775968	0.23309284	-0.33538538	0.123165965	-0.29290912	0.0955995	-0.129401	
0	0	1040	2662.7608348979593	0.67513347	0.32603496	0.7666769	-0.32811892	0.36822435	-0.27518618	0.22402029	-0.30620918	0.132417	-0.28267324	0.09875818	-0.19449636	
0	0	1041	2665.3211818545924	0.67268217	0.32765317	0.76726246	-0.32768318	0.3761269	-0.2675858	0.21517578	-0.3115175	0.1364003	-0.23582953	0.106892526	-0.2010816	
0	0	1042	2667.881528811225	0.66907454	0.3280456	0.7670011	-0.3272512	0.37986985	-0.25191694	0.21137476	-0.3399779	0.13397244	-0.20280476	0.11414285	-0.13606665	
0	0	1043	2670.4418757678573	0.6651234	0.32621	0.76622844	-0.32774037	0.37900347	-0.23783657	0.21387532	-0.3634933	0.12979314	-0.2129667	0.11357049	-0.02443104	
0	0	1044	2673.0022227244904	0.66206926	0.32238737	0.7657668	-0.3293493	0.3755058	-0.23193724	0.21825811	-0.3601765	0.12903246	-0.2520884	0.10143419	0.073580146	
0	0	1045	2675.562569681123	0.660602	0.31832197	0.76631176	-0.3313123	0.37213618	-0.23558424	0.2183813	-0.33767158	0.13211437	-0.28057703	0.08130111	0.061140604	
0	0	1046	2678.122916637755	0.6601613	0.31592938	0.7678962	-0.33234933	0.37108827	-0.24542661	0.21266493	-0.32242557	0.13486393	-0.27939293	0.06582428	-0.20031305	
0	0	1047	2680.683263594388	0.6593506	0.31551084	0.7697988	-0.33150178	0.37316093	-0.25518143	0.20505224	-0.33536804	0.1329398	-0.26835582	0.07440454	-0.5979516	
0	0	1048	2683.243610551021	0.6572396	0.3152685	0.7709635	-0.32876974	0.37737823	-0.25882784	0.20151807	-0.37559745	0.12670442	-0.28936568	0.10526979	-0.73523283	
0	0	1049	2685.803957507653	0.6544331	0.31279358	0.77065	-0.325096	0.38153073	-0.25408608	0.20561992	-0.41655684	0.12213784	-0.36649272	0.1410552	-0.6492355	
0	0	1050	2688.364304464286	0.65279216	0.3074447	0.76882637	-0.3217366	0.38350633	-0.2432278	0.21524993	-0.4255221	0.12535408	-0.46558553	0.16995522	-0.45417076	
0	0	1051	2690.924651420919	0.653876	0.30139107	0.7660582	-0.3195529	0.3823016	-0.2311082	0.22352329	-0.3926648	0.13609222	-0.52006376	0.18421613	-0.19869146	
0	0	1052	2693.484998377551	0.6574731	0.2981295	0.7630725	-0.3186993	0.37826297	-0.22296488	0.22386529	-0.33696905	0.14770123	-0.50125086	0.17753163	0.09920048	
0	0	1053	2696.045345334184	0.6615148	0.29964125	0.7603702	-0.31880012	0.37296256	-0.22268091	0.2151233	-0.291091	0.15203968	-0.43092507	0.1447267	0.42204356	
0	0	1054	2698.605692290817	0.66356456	0.30456483	0.758116	-0.31934604	0.36868185	-0.23068699	0.20237347	-0.28157637	0.14514187	-0.3587517	0.086695045	0.6881951	
0	0	1055	2701.1660392474496	0.6628185	0.30912292	0.75625545	-0.31996477	0.36716926	-0.24278376	0.19283082	-0.31095648	0.1308237	-0.3404152	0.030728484	0.112499066	
0	0	1056	2703.726386204082	0.6607466	0.3102025	0.75466913	-0.32046145	0.36843544	-0.25276545	0.19029541	-0.353812	0.118528545	-0.40607235	0.06931333	-0.79401046	
0	0	1057	2706.286733160715	0.6596767	0.30772448	0.7532361	-0.32075977	0.3710477	-0.25706893	0.1929653	-0.38058385	0.11606911	-0.5145858	0.11387461	-0.5857581	
0	0	1058	2708.8470801173476	0.66088295	0.30418962	0.7518514	-0.3208795	0.3735563	-0.25602713	0.19631748	-0.38298807	0.122394316	-0.57878387	0.13483389	-0.27743682	
0	0	1059	2711.4074270739798	0.66386646	0.3023287	0.75048137	-0.32092005	0.37530836	-0.2514512	0.1970543	-0.37224254	0.12995906	-0.5676548	0.13231987	0.027264819	
0	0	1060	2713.9677740306124	0.667063	0.30306357	0.74919826	-0.32092825	0.3761141	-0.24445882	0.19481157	-0.3651438	0.13255621	-0.5072828	0.11143968	0.2827421	
0	0	1061	2716.5281209872455	0.6692012	0.3052103	0.7480854	-0.32073793	0.37559626	-0.235749	0.19180128	-0.3725193	0.12796998	-0.43458757	0.08201016	0.4162788	
0	0	1062	2719.0884679438777	0.6701719	0.30693573	0.74702114	-0.32002288	0.37322688	-0.22735569	0.19088045	-0.39141318	0.11736026	-0.38677204	0.058029287	0.31617555	
0	0	1063	2721.6488149005104	0.6706544	0.30737454	0.74558794	-0.3186627	0.36915419	-0.22307114	0.19299516	-0.40771824	0.105269186	-0.40137202	0.05032535	0.03957292	
0	0	1064	2724.2091618571435	0.6711425	0.30671027	0.74331367	-0.31714305	0.36475965	-0.2261373	0.19648442	-0.4103	0.098422304	-0.48292452	0.050796878	-0.13231596	
0	0	1065	2726.7695088137757	0.6716862	0.30503902	0.740156	-0.31648445	0.362092	-0.23623072	0.19879824	-0.39982334	0.0997139	-0.57133603	0.047448315	-0.2789855	
0	0	1066	2729.3298557704084	0.6725577	0.30185726	0.73676324	-0.31752816	0.36257172	-0.24867049	0.19839887	-0.3860212	0.105878845	-0.6159683	0.0468316	-0.62766916	
0	0	1067	2731.8902027270415	0.6748133	0.29709938	0.7341236	-0.32013056	0.36593106	-0.25702307	0.1957861	-0.38102287	0.1132915	-0.6206637	0.06449511	-0.9313721	
0	0	1068	2734.4505496836737	0.67971396	0.2926649	0.7328024	-0.3230747	0.37025946	-0.2576233	0.19337927	-0.39018166	0.12079731	-0.6033211	0.09329398	-0.94495153	
0	0	1069	2737.0108966403063	0.68714964	0.29235694	0.73243606	-0.32493186	0.37337762	-0.25207967	0.19334126	-0.40478852	0.12857814	-0.57231325	0.11872004	-0.8087824	
0	0	1070	2739.5712435969394	0.6945054	0.29927072	0.7319513	-0.32520258	0.3743953	-0.24520446	0.19507939	-0.41039723	0.13656387	-0.52698356	0.12980452	-0.6290287	
0	0	1071	2742.1315905535716	0.6976636	0.3124142	0.73041534	-0.32477838	0.37389374	-0.24090113	0.19585024	-0.40255737	0.1436256	-0.46765065	0.12055593	-0.5079962	
0	0	1072	2744.6919375102043	0.694121	0.32611156	0.72784674	-0.32521605	0.37290707	-0.2403864	0.19320159	-0.39029777	0.14854789	-0.4017807	0.10462663	-0.60858995	
0	0	1073	2747.252284466837	0.68535423	0.33363014	0.72522163	-0.32734108	0.37216774	-0.24329866	0.1868662	-0.3917287	0.15099695	-0.33678117	0.11565901	-0.86374265	
0	0	1074	2749.81263142347	0.675824	0.33189607	0.723584	-0.33042803	0.37219802	-0.24897195	0.1801346	-0.42496955	0.15072238	-0.2760697	0.15277328	-0.92893606	
0	0	1075	2752.3729783801023	0.66982424	0.32328835	0.7230402	-0.33277258	0.37356213	-0.2560136	0.17882708	-0.48540738	0.14706779	-0.2254514	0.1914262	-0.81615955	
0	0	1076	2754.933325336735	0.6689955	0.3137421	0.72253746	-0.33322415	0.37647608	-0.26142925	0.18526506	-0.5359862	0.14003064	-0.19949742	0.2139837	-0.60607827	
0	0	1077	2757.493672293368	0.671694	0.30885202	0.7206803	-0.33237138	0.38003597	-0.26193386	0.19507168	-0.5491945	0.13195224	-0.21734184	0.20387788	-0.35010415	
0	0	1078	2760.0540192500002	0.6743162	0.31033522	0.7169475	-0.33229384	0.38232893	-0.2573915	0.20256825	-0.5316011	0.1272757	-0.2812126	0.15653671	-0.14702319	
0	0	1079	2762.614366206633	0.6739461	0.31534222	0.712261	-0.33502564	0.3819892	-0.2523816	0.2051955	-0.50365317	0.12899245	-0.3588776	0.097755276	-0.20778202	
0	0	1080	2765.174713163266	0.6703321	0.3192264	0.70841914	-0.340974	0.37978613	-0.25296357	0.20377971	-0.48371622	0.13552381	-0.4095308	0.07469492	-0.77774394	
0	0	1081	2767.735060119898	0.6655256	0.3190767	0.7068827	-0.34851077	0.37830514	-0.26092845	0.20157425	-0.48012078	0.14218125	-0.4238352	0.102655895	-1.1955473	
0	0	1082	2770.295407076531	0.66206276	0.3151594	0.70784175	-0.354969	0.37967908	-0.27108935	0.2016362	-0.48438135	0.14548516	-0.4250317	0.14164528	-1.2380933	
0	0	1083	2772.855754033164	0.6614572	0.3101889	0.7101305	-0.35829672	0.38337412	-0.27521715	0.20374429	-0.4809358	0.14653617	-0.44265893	0.17106062	-1.1234535	
0	0	1084	2775.416100989796	0.663548	0.3076643	0.71197987	-0.35821664	0.38618943	-0.2698959	0.20549732	-0.46527985	0.15030064	-0.48064792	0.1777255	-0.94030076	
0	0	1085	2777.976447946429	0.6665839	0.30996162	0.7120741	-0.35616127	0.3849575	-0.26095158	0.20525192	-0.44325796	0.160484	-0.50382125	0.15550034	-0.77782816	
0	0	1086	2780.5367949030615	0.6681106	0.31686845	0.71019024	-0.35423002	0.37991205	-0.2596154	0.20272994	-0.4223768	0.17433886	-0.46899813	0.11888154	-0.7650559	
0	0	1087	2783.097141859694	0.6664198	0.32554212	0.7070972	-0.3539922	0.37524801	-0.27248704	0.19840902	-0.40881267	0.18272969	-0.36880434	0.09585356	-1.0009342	
0	0	1088	2785.657488816327	0.6616445	0.33204854	0.7039508	-0.35585693	0.3757475	-0.29398343	0.19320384	-0.4077487	0.17705397	-0.2394164	0.10329526	-1.2784052	
0	0	1089	2788.2178357729595	0.65579545	0.33355427	0.7016687	-0.35918164	0.3827281	-0.30975655	0.18849057	-0.4229829	0.15744922	-0.1380825	0.12477819	-1.3306217	
0	0	1090	2790.778182729592	0.65174276	0.33016783	0.70060676	-0.36281383	0.39303434	-0.30810282	0.18610986	-0.45482537	0.13250539	-0.11959547	0.1382448	-1.2314434	
0	0	1091	2793.338529686225	0.65147966	0.3254549	0.7005758	-0.36568063	0.40123942	-0.28764018	0.1881917	-0.49646628	0.11374048	-0.21732774	0.13727042	-1.097293	
0	0	1092	2795.8988766428574	0.6544845	0.32450795	0.70103234	-0.36715123	0.40291458	-0.2566632	0.19627798	-0.53022236	0.110634685	-0.37787452	0.12709177	-0.98830754	
0	0	1093	2798.4592235994905	0.6576215	0.33006003	0.70131373	-0.36717674	0.39704615	-0.22776078	0.20899963	-0.5323604	0.12123095	-0.4566036	0.115226924	-0.9204046	
0	0	1094	2801.0195705561227	0.65734047	0.33987537	0.70086825	-0.36627966	0.3862483	-0.21146406	0.22026059	-0.49403337	0.13142228	-0.40950927	0.106605396	-0.875118	
0	0	1095	2803.5799175127554	0.65257376	0.34817582	0.6994818	-0.3653774	0.374782	-0.2119934	0.22332658	-0.43750128	0.13012674	-0.31237045	0.1010387	-0.8074161	
0	0	1096	2806.1402644693885	0.6456717	0.34998038	0.6974139	-0.36539924	0.36632043	-0.22700894	0.21819858	-0.39861527	0.1187541	-0.25353667	0.093059376	-0.70305365	
0	0	1097	2808.7006114260207	0.64060104	0.34482256	0.6953099	-0.3667904	0.36308154	-0.24976303	0.21108632	-0.39666224	0.10643264	-0.28291038	0.079522036	-0.6282059	
0	0	1098	2811.2609583826534	0.6400134	0.33713847	0.69385	-0.3691863	0.3657673	-0.27086645	0.20838077	-0.4240374	0.10183341	-0.38670513	0.06549549	-0.70562506	
0	0	1099	2813.8213053392865	0.64336705	0.33291757	0.6932905	-0.37156612	0.3731236	-0.28024256	0.21267577	-0.45333067	0.10801269	-0.48373455	0.065230265	-0.9935383	
0	0	1100	2816.3816522959187	0.6474247	0.3351058	0.69320244	-0.37292588	0.3813812	-0.27154523	0.22125204	-0.45824477	0.121138744	-0.50643176	0.09122642	-1.1730549	
0	0	1101	2818.9419992525513	0.6488268	0.34153107	0.6926734	-0.37312564	0.3852925	-0.24766672	0.22812866	-0.43645328	0.1346773	-0.45507756	0.13414961	-1.0703743	
0	0	1102	2821.502346209184	0.6467525	0.34698838	0.69097656	-0.37324902	0.38160005	-0.22148576	0.22976117	-0.40820825	0.14371364	-0.36188996	0.17515844	-0.813437	
0	0	1103	2824.0626931658167	0.6434151	0.34766042	0.6882506	-0.37500584	0.37203592	-0.20833637	0.22806881	-0.3923716	0.14625898	-0.2565754	0.1992858	-0.519463	
0	0	1104	2826.6230401224493	0.641958	0.34419286	0.68559486	-0.37949157	0.36210486	-0.21548668	0.22691956	-0.38896602	0.14210193	-0.1582942	0.20319577	-0.25284642	
0	0	1105	2829.183387079082	0.6437285	0.34085575	0.68441755	-0.3862434	0.35693848	-0.23744942	0.2273686	-0.3850226	0.13131787	-0.08462855	0.19086222	-0.041291356	
0	0	1106	2831.7437340357146	0.6473159	0.34169114	0.6855204	-0.39333653	0.3580999	-0.2604872	0.22705291	-0.37325308	0.11475642	-0.071079135	0.16813041	0.090639375	
0	0	1107	2834.3040809923473	0.64985883	0.34731612	0.6885504	-0.39848265	0.36305612	-0.2731494	0.22339481	-0.3619263	0.097950265	-0.1926396	0.14455183	0.10839503	
0	0	1108	2836.86442794898	0.6492655	0.35466635	0.6921531	-0.40039802	0.36755458	-0.27487037	0.21701898	-0.36883906	0.096849896	-0.47747877	0.13177215	0.021300856	
0	0	1109	2839.4247749056126	0.6457771	0.35927287	0.69476235	-0.39953044	0.36962804	-0.27425763	0.21264538	-0.4051007	0.122711964	-0.6802632	0.13207057	-0.08254916	
0	0	1110	2841.9851218622453	0.6418899	0.35853124	0.6955111	-0.3976661	0.3711753	-0.27800593	0.21611337	-0.45513248	0.16022299	-0.6720874	0.13880719	-0.14586446	
0	0	1111	2844.545468818878	0.6405157	0.35388505	0.69462264	-0.3967427	0.3749845	-0.28288594	0.2278669	-0.4802467	0.19087967	-0.55266356	0.14718746	-0.16680613	
0	0	1112	2847.105815775511	0.6427119	0.34984222	0.6930624	-0.39777532	0.38085622	-0.2795631	0.24068196	-0.46157685	0.2065775	-0.40177953	0.15471148	-0.14231627	
0	0	1113	2849.666162732143	0.6469651	0.35048643	0.6918216	-0.400587	0.38474253	-0.2634022	0.24724554	-0.416998	0.20612626	-0.25793228	0.1561185	-0.0622498	
0	0	1114	2852.226509688776	0.6503547	0.35672286	0.6914077	-0.40430778	0.38184902	-0.24254502	0.24648133	-0.372725	0.19138141	-0.15016057	0.14295152	0.05659792	
0	0	1115	2854.7868566454085	0.6503839	0.365885	0.69180644	-0.40810722	0.37213778	-0.23541602	0.24151684	-0.34187815	0.16893563	-0.12320179	0.11296862	0.14163965	
0	0	1116	2857.347203602041	0.6465594	0.37317923	0.6927733	-0.41159776	0.36248732	-0.25543192	0.23527214	-0.32395563	0.15441911	-0.20714451	0.077173986	0.04848394	
0	0	1117	2859.907550558674	0.64101446	0.3745731	0.6941486	-0.41474342	0.36161983	-0.29538405	0.22832109	-0.31414756	0.15938888	-0.3044998	0.058336012	-0.41885826	
0	0	1118	2862.4678975153065	0.6372319	0.36991912	0.6959325	-0.4175134	0.37326166	-0.32961047	0.21980102	-0.3149459	0.17230763	-0.30599993	0.072247446	-0.8652731	
0	0	1119	2865.028244471939	0.6374363	0.36333224	0.69812244	-0.41968066	0.39338988	-0.33244973	0.21064124	-0.33876842	0.17727302	-0.23372151	0.09637148	-0.9492488	
0	0	1120	2867.588591428572	0.6410951	0.3599598	0.7005221	-0.42097184	0.41125473	-0.29529095	0.20519972	-0.39202675	0.16745889	-0.14366023	0.11250081	-0.8729867	
0	0	1121	2870.1489383852045	0.6455994	0.3624561	0.7027618	-0.4214391	0.4145645	-0.23392865	0.20797592	-0.45628515	0.14326434	-0.104011655	0.1166804	-0.7623557	
0	0	1122	2872.709285341837	0.6480321	0.3697235	0.7045831	-0.4216356	0.39989698	-0.18212287	0.21892655	-0.49762246	0.1169993	-0.23133974	0.11405082	-0.6676491	
0	0	1123	2875.26963229847	0.6469216	0.37786403	0.70617044	-0.42232335	0.37707523	-0.16758265	0.23281048	-0.49615863	0.11641902	-0.5241117	0.11163751	-0.5638088	
0	0	1124	2877.8299792551024	0.6431736	0.3827645	0.708181	-0.42383683	0.3590788	-0.19138958	0.24240562	-0.45802557	0.14459027	-0.66049594	0.10888896	-0.37856087	
0	0	1125	2880.390326211735	0.63925695	0.3829987	0.7113757	-0.42556262	0.35204318	-0.23258974	0.24292904	-0.407375	0.17353444	-0.5990638	0.0993937	-0.066870905	
0	0	1126	2882.9506731683678	0.6370931	0.38051265	0.71599793	-0.42602438	0.35457024	-0.2675679	0.23528126	-0.37162432	0.18566048	-0.4536244	0.08016579	0.40541515	
0	0	1127	2885.5110201250004	0.6366916	0.37829113	0.7213322	-0.42373672	0.36131096	-0.2845177	0.22478703	-0.36543274	0.17502609	-0.30260357	0.05739048	1.1634284	
0	0	1128	2888.0713670816326	0.636732	0.37752923	0.72591704	-0.41837332	0.36683038	-0.2862625	0.21628296	-0.38428405	0.1468247	-0.23469512	0.052340664	2.3426847	
0	0	1129	2890.6317140382657	0.6362218	0.37703863	0.7284393	-0.4112561	0.36895224	-0.28386906	0.21116555	-0.41466242	0.12187635	-0.34799328	0.076169565	-2.9352949	
0	0	1130	2893.1920609948984	0.63554525	0.3750777	0.7286474	-0.40461603	0.36946326	-0.2855425	0.20865677	-0.4484619	0.121812575	-0.55995506	0.106586084	-2.245176	
0	0	1131	2895.752407951531	0.6359904	0.37155876	0.7275	-0.40018085	0.371046	-0.2902604	0.20852451	-0.48469526	0.14063828	-0.6504233	0.1285216	-1.6867286	
0	0	1132	2898.3127549081637	0.6383309	0.36853516	0.72645015	-0.39818445	0.37409782	-0.2918444	0.21181042	-0.51942796	0.16035855	-0.60181105	0.13699053	-1.2089387	
0	0	1133	2900.8731018647964	0.6417645	0.3685022	0.72647995	-0.39746365	0.37648684	-0.28711733	0.2189472	-0.5407259	0.1692659	-0.47323695	0.13364813	-0.81008834	
0	0	1134	2903.433448821429	0.64423794	0.37180105	0.72757524	-0.3964966	0.37575576	-0.28058004	0.2281225	-0.5366425	0.1602796	-0.3257113	0.12340371	-0.49695247	
0	0	1135	2905.9937957780617	0.6443213	0.37564304	0.72899705	-0.39457315	0.37222436	-0.28203928	0.23559915	-0.5036361	0.13751751	-0.25218806	0.11165834	-0.27074337	
0	0	1136	2908.5541427346943	0.64288855	0.37658373	0.7300975	-0.39211667	0.36989754	-0.29672968	0.23691295	-0.44936186	0.12005343	-0.30794296	0.10237896	-0.107258126	
0	0	1137	2911.114489691327	0.6422984	0.37416404	0.73090154	-0.38995084	0.37296224	-0.31753036	0.22929637	-0.39432564	0.117372334	-0.38910863	0.094296396	0.051571384	
0	0	1138	2913.6748366479596	0.643937	0.3713795	0.73196197	-0.38833106	0.3817714	-0.33040118	0.21502143	-0.36536273	0.1205035	-0.397063	0.07971272	0.23631318	
0	0	1139	2916.2351836045923	0.64679027	0.37177917	0.7337302	-0.3866471	0.39250442	-0.32606316	0.20027679	-0.37651113	0.11972924	-0.34358385	0.05254566	0.37022543	
0	0	1140	2918.795530561225	0.6480499	0.37597996	0.7360667	-0.38395903	0.39953434	-0.30631927	0.18978289	-0.42165834	0.1103835	-0.28392953	0.021187501	-0.20968477	
0	0	1141	2921.355877517857	0.64546305	0.38011208	0.7382806	-0.3798184	0.39910436	-0.2837698	0.18543302	-0.48724657	0.09511464	-0.3180527	0.048853613	-1.3417008	
0	0	1142	2923.9162244744903	0.64001375	0.37817082	0.7396242	-0.3746771	0.3929898	-0.27462873	0.18861154	-0.5569372	0.09104427	-0.51301825	0.09633865	-1.2461178	
0	0	1143	2926.476571431123	0.6359855	0.36756742	0.73982644	-0.36962765	0.38799253	-0.28525233	0.19986165	-0.6036176	0.10872131	-0.62586254	0.13232365	-1.0108178	
0	0	1144	2929.036918387755	0.6375606	0.35249534	0.7392904	-0.36569825	0.38994613	-0.30457112	0.21509275	-0.60256624	0.12964304	-0.5470054	0.14658467	-0.78519964	
0	0	1145	2931.5972653443882	0.6453415	0.3411422	0.7388329	-0.36323333	0.39857227	-0.3142103	0.22665092	-0.5592415	0.13948259	-0.38532957	0.13932008	-0.63636583	
0	0	1146	2934.157612301021	0.6557635	0.33956912	0.73921055	-0.3617252	0.40831646	-0.3050879	0.22971871	-0.49987793	0.1345824	-0.21988444	0.120631106	-0.6351914	
0	0	1147	2936.717959257653	0.6634006	0.3474652	0.7407255	-0.360094	0.4131332	-0.2826624	0.22386682	-0.4502435	0.11757428	-0.12564991	0.110884845	-0.83958876	
0	0	1148	2939.278306214286	0.6647088	0.35848665	0.7430465	-0.35721844	0.41088614	-0.2605062	0.2118353	-0.43586126	0.10144909	-0.19831084	0.1309562	-1.0643551	
0	0	1149	2941.838653170919	0.66058004	0.36490014	0.745284	-0.35253584	0.40447342	-0.2500765	0.20106375	-0.48039457	0.105696365	-0.37140584	0.1683767	-1.069969	
0	0	1150	2944.3990001275515	0.65528524	0.36306667	0.746379	-0.34652084	0.39901474	-0.25276002	0.20281099	-0.5678009	0.12732507	-0.4047776	0.192402	-0.9322881	
0	0	1151	2946.959347084184	0.65293497	0.35526958	0.74576133	-0.34065804	0.39737928	-0.25988287	0.2206679	-0.6258414	0.14753148	-0.29612863	0.19031219	-0.7872126	
0	0	1152	2949.519694040817	0.6549119	0.347024	0.74384916	-0.3366681	0.398233	-0.26224694	0.24537326	-0.6116399	0.15562594	-0.13246652	0.17197473	-0.7178928	
0	0	1153	2952.0800409974495	0.65977395	0.3429979	0.7419136	-0.33541864	0.3984979	-0.25865263	0.26542175	-0.5367268	0.1489678	0.026239155	0.15490322	-0.7535481	
0	0	1154	2954.6403879540817	0.66475224	0.34466323	0.7413472	-0.336295	0.39676997	-0.2539932	0.27192312	-0.42523798	0.13045846	0.12598105	0.15283072	-0.83816874	
0	0	1155	2957.200734910715	0.6674462	0.35041842	0.7428254	-0.33749026	0.3939398	-0.2523782	0.25814602	-0.30900958	0.108973734	0.09945596	0.16275036	-0.84284544	
0	0	1156	2959.7610818673475	0.6668316	0.35712582	0.7458727	-0.3370832	0.39146882	-0.25349647	0.22558865	-0.24723916	0.09853283	-0.077961534	0.16406646	-0.74279135	
0	0	1157	2962.3214288239797	0.6633392	0.36170676	0.7491895	-0.3342485	0.3895655	-0.25441632	0.19279413	-0.31235695	0.10611639	-0.26268077	0.14659187	-0.6462257	
0	0	1158	2964.8817757806128	0.6584121	0.36209145	0.75156647	-0.32962307	0.38719186	-0.25449133	0.18346506	-0.48021865	0.12251373	-0.33489996	0.12357847	-0.6623447	
0	0	1159	2967.4421227372454	0.65398514	0.35768571	0.7526199	-0.32452586	0.3839624	-0.25688937	0.199176	-0.6104865	0.13787547	-0.32941547	0.113594495	-0.797421	
0	0	1160	2970.0024696938776	0.6519245	0.34971678	0.7527182	-0.3198397	0.38119718	-0.2643546	0.22439623	-0.6455049	0.14914298	-0.294153	0.123418644	-0.9010815	
0	0	1161	2972.5628166505107	0.65325886	0.34110537	0.75232744	-0.31561843	0.38085213	-0.27521664	0.2469066	-0.613307	0.15618609	-0.24846756	0.143061	-0.8431501	
0	0	1162	2975.1231636071434	0.6574974	0.3352247	0.751529	-0.31155884	0.38382605	-0.28343904	0.2607923	-0.54787886	0.15852174	-0.19917943	0.15444215	-0.6284542	
0	0	1163	2977.6835105637756	0.66277933	0.33389604	0.75013065	-0.30766833	0.3887929	-0.28238946	0.26413074	-0.47429857	0.1554024	-0.15891121	0.13899554	-0.33516255	
0	0	1164	2980.2438575204087	0.6670849	0.33631954	0.74811256	-0.30431998	0.39257205	-0.2706378	0.25811416	-0.41270724	0.14863113	-0.14766338	0.0944005	-0.1753435	
0	0	1165	2982.8042044770414	0.6695885	0.3400647	0.7457923	-0.30172902	0.39268064	-0.2540742	0.2470525	-0.37941435	0.14260906	-0.16839369	0.072159186	-0.6755071	
0	0	1166	2985.3645514336736	0.67089546	0.34323767	0.7434669	-0.29956725	0.38946068	-0.24042413	0.23753951	-0.37858763	0.13933712	-0.1970012	0.12932803	-0.8430335	
0	0	1167	2987.924898390306	0.6719664	0.34578097	0.7409827	-0.29731166	0.3849841	-0.23301706	0.234347	-0.3915761	0.13652441	-0.21223778	0.1881604	-0.4665798	
0	0	1168	2990.4852453469393	0.6728918	0.3486546	0.73781955	-0.29500872	0.38080347	-0.2308274	0.23610477	-0.39122579	0.13058746	-0.22048272	0.20669468	-0.005231479	
0	0	1169	2993.045592303572	0.6728868	0.35189548	0.7337181	-0.29356486	0.37731597	-0.23231469	0.23743685	-0.36890593	0.120957196	-0.2588889	0.19044515	0.39524633	
0	0	1170	2995.605939260204	0.67152137	0.35384464	0.729228	-0.29405963	0.37472376	-0.23769565	0.23404874	-0.33661398	0.11374931	-0.3621446	0.1579132	0.7015844	
0	0	1171	2998.1662862168373	0.6697874	0.3525187	0.7255294	-0.296614	0.37399063	-0.24731262	0.22544701	-0.31604528	0.115805425	-0.48361203	0.118683375	0.8956114	
0	0	1172	3000.72663317347	0.66981566	0.34790397	0.7235503	-0.2998741	0.37652013	-0.25854045	0.21582423	-0.3264761	0.12402578	-0.5475581	0.07825062	0.8582258	
0	0	1173	3003.286980130102	0.6732278	0.34305114	0.72309935	-0.30180228	0.3828516	-0.2650867	0.21193835	-0.36407498	0.1312706	-0.5529946	0.06512838	0.25642094	
0	0	1174	3005.8473270867353	0.679372	0.34233356	0.7228245	-0.30127725	0.39137676	-0.26011002	0.21652225	-0.39367455	0.13375287	-0.53385985	0.11574083	-0.039148442	
0	0	1175	3008.407674043368	0.6852991	0.34784648	0.7212105	-0.29916516	0.39830953	-0.24199235	0.22420168	-0.38351536	0.13122112	-0.52526164	0.1728913	0.20474432	
0	0	1176	3010.968021	0.68788135	0.35749698	0.71785456	-0.2977472	0.4001083	-0.2177548	0.22560933	-0.33717945	0.12711515	-0.5588358	0.18426238	0.54729223	
0	0	1177	3013.5283679566332	0.6861446	0.36659488	0.71386117	-0.29892185	0.39657837	-0.19864647	0.21475299	-0.29118973	0.12842405	-0.63453865	0.15159084	0.78852826	
0	0	1178	3016.088714913266	0.68178606	0.37116498	0.7110101	-0.3026829	0.39078698	-0.19201477	0.19544382	-0.29871845	0.13950798	-0.69132364	0.10007242	0.79194987	
0	0	1179	3018.649061869898	0.6777603	0.37035725	0.7104259	-0.30704632	0.3864978	-0.19800685	0.18074024	-0.38907096	0.15591975	-0.6765161	0.07243515	0.16100125	
0	0	1180	3021.209408826531	0.67626494	0.3664943	0.7117281	-0.30944568	0.38635734	-0.21097216	0.18126394	-0.5190917	0.16981561	-0.5992228	0.124399774	-0.2911504	
0	0	1181	3023.769755783164	0.6776636	0.36308172	0.713225	-0.30860493	0.3911263	-0.22188616	0.19585496	-0.6136236	0.17632794	-0.49063057	0.18345495	-0.16921788	
0	0	1182	3026.330102739796	0.6808147	0.3626673	0.71306807	-0.3055384	0.39907652	-0.22195406	0.21643922	-0.6438404	0.17403351	-0.37633038	0.20181625	0.034179162	
0	0	1183	3028.8904496964287	0.6839915	0.36605325	0.7105706	-0.30291387	0.40622365	-0.2076566	0.23470348	-0.6203728	0.16347101	-0.27616945	0.18578722	0.16628952	
0	0	1184	3031.450796653062	0.6855596	0.3724649	0.70670426	-0.3032418	0.40824	-0.1834468	0.24386345	-0.5696727	0.1463163	-0.21366246	0.15326941	0.18415897	
0	0	1185	3034.011143609694	0.68443555	0.3798364	0.70339656	-0.3072192	0.40287617	-0.15978196	0.24261649	-0.52785265	0.12653439	-0.23034404	0.11862853	0.013059048	
0	0	1186	3036.5714905663267	0.6806502	0.38531104	0.70223194	-0.31338063	0.39127085	-0.1490753	0.23801422	-0.51588523	0.114625685	-0.37199482	0.10788541	-0.4354428	
0	0	1187	3039.13183752296	0.67565817	0.38649428	0.7035224	-0.31921682	0.3778938	-0.1612115	0.23666838	-0.5181447	0.12461176	-0.5355664	0.14488727	-0.8038453	
0	0	1188	3041.6921844795925	0.6718121	0.38301998	0.7062921	-0.32283613	0.36926234	-0.19756508	0.2378039	-0.50956744	0.14701118	-0.5251775	0.2047894	-0.8692104	
0	0	1189	3044.2525314362247	0.6710764	0.3772303	0.7090782	-0.32400015	0.37115046	-0.24511102	0.23671784	-0.4826487	0.15637104	-0.38990638	0.25994235	-0.7850951	
0	0	1190	3046.812878392858	0.6737003	0.37319958	0.71092945	-0.32392046	0.38452706	-0.27927357	0.22927992	-0.4494669	0.14556319	-0.25197977	0.29778272	-0.6367148	
0	0	1191	3049.3732253494904	0.6776762	0.3741918	0.7119109	-0.32406366	0.40292406	-0.28086907	0.21562093	-0.4368571	0.12190158	-0.18465582	0.30820045	-0.4502297	
0	0	1192	3051.9335723061226	0.67975366	0.3800059	0.71274257	-0.3249872	0.4154778	-0.25247598	0.20225622	-0.46772093	0.09562266	-0.26193765	0.2805207	-0.2645983	
0	0	1193	3054.4939192627558	0.6778161	0.386557	0.71394914	-0.32614818	0.41542038	-0.21614663	0.19708921	-0.5290466	0.08209383	-0.5585535	0.22624317	-0.17148876	
0	0	1194	3057.0542662193884	0.67272586	0.38867417	0.7153437	-0.32680383	0.40565267	-0.1956068	0.20146874	-0.5777428	0.09527105	-0.8602219	0.17978165	-0.23043841	
0	0	1195	3059.6146131760206	0.6677484	0.38394636	0.7163691	-0.32704183	0.39513847	-0.1996804	0.21018578	-0.58502394	0.12108945	-0.91340625	0.1553318	-0.37792107	
0	0	1196	3062.1749601326533	0.6661312	0.37439007	0.71692485	-0.3277727	0.39122772	-0.2178844	0.21613245	-0.55320954	0.1371291	-0.8228623	0.14433855	-0.5374727	
0	0	1197	3064.7353070892864	0.66897464	0.36482078	0.71776175	-0.32958987	0.39463547	-0.2298855	0.21438766	-0.5085613	0.13646396	-0.7242809	0.14115311	-0.7142869	
0	0	1198	3067.2956540459186	0.67478865	0.35942855	0.719858	-0.33162662	0.3994354	-0.22311462	0.20646633	-0.4869363	0.12622759	-0.69152915	0.15501703	-0.90419716	
0	0	1199	3069.8560010025512	0.6808004	0.35920894	0.72323996	-0.33177277	0.39823	-0.20358753	0.19998007	-0.505792	0.11729312	-0.7403578	0.19719295	-0.9587805	
0	0	1200	3072.4163479591843	0.68497276	0.36204663	0.7263794	-0.32843146	0.3889336	-0.19053416	0.20197871	-0.5456825	0.11649018	-0.82361263	0.24380988	-0.77880144	
0	0	1201	3074.9766949158166	0.68712425	0.36503795	0.7269926	-0.3224308	0.37702695	-0.20081455	0.21412812	-0.5650778	0.12304571	-0.86876404	0.2541143	-0.4699517	
0	0	1202	3077.537041872449	0.6884051	0.36673814	0.7239377	-0.3172357	0.3713802	-0.23415595	0.23160896	-0.5298558	0.1313751	-0.8483684	0.2226747	-0.13706315	
0	0	1203	3080.0973888290823	0.6899526	0.3677152	0.71860737	-0.31670552	0.37734818	-0.2697776	0.24314201	-0.43698597	0.1367058	-0.77898145	0.16240652	0.19453448	
0	0	1204	3082.6577357857145	0.6919276	0.3695482	0.7142662	-0.3219578	0.39217988	-0.28226826	0.23796362	-0.32754275	0.13740383	-0.68551	0.081875876	0.49320954	
0	0	1205	3085.218082742347	0.69338006	0.37330806	0.7136703	-0.3301401	0.40665156	-0.2632916	0.21882187	-0.2623102	0.13419287	-0.5843747	0.019482985	-1.2401843	
0	0	1206	3087.7784296989803	0.6929293	0.37839568	0.7170298	-0.33639804	0.41194072	-0.22594056	0.19875515	-0.27308983	0.12842962	-0.4821403	0.10593784	-1.4527286	
0	0	1207	3090.338776655613	0.6899119	0.38250348	0.7218577	-0.3374374	0.40598762	-0.19290759	0.18838425	-0.34630343	0.12098109	-0.3806907	0.17347665	-1.0297025	
0	0	1208	3092.899123612245	0.6852126	0.38293195	0.7247728	-0.33389455	0.39426887	-0.18181555	0.19165803	-0.43203261	0.112097904	-0.2834561	0.20379926	-0.5806318	
0	0	1209	3095.459470568878	0.6810953	0.37849653	0.7240252	-0.32976514	0.38511828	-0.19527158	0.20480286	-0.47635874	0.101898395	-0.20064323	0.19539079	-0.14965111	
0	0	1210	3098.019817525511	0.6800634	0.3709018	0.7208116	-0.3292544	0.38392785	-0.22044882	0.2180864	-0.4671525	0.09130595	-0.15145724	0.15411194	0.23548187	
0	0	1211	3100.580164482143	0.68320715	0.3646322	0.7181309	-0.3335399	0.39051992	-0.23991343	0.2239939	-0.43482378	0.082658745	-0.14967331	0.09061439	0.47861588	
0	0	1212	3103.140511438776	0.688826	0.36458382	0.71826345	-0.3401989	0.4007831	-0.24397996	0.22292866	-0.41232565	0.07744358	-0.1757422	0.038753495	-0.19096452	
0	0	1213	3105.700858395409	0.69275844	0.3722174	0.72117776	-0.34557474	0.4100198	-0.23350339	0.21951172	-0.41110006	0.073603764	-0.20387013	0.08693047	-0.9623131	
0	0	1214	3108.261205352041	0.6911326	0.38350612	0.72495353	-0.3477707	0.41525492	-0.21547538	0.21738283	-0.42365056	0.06821466	-0.25761336	0.15145497	-0.8080692	
0	0	1215	3110.8215523086737	0.68352795	0.39119416	0.7275947	-0.34780124	0.41599205	-0.19806615	0.21680634	-0.43410948	0.06202803	-0.41983962	0.20039648	-0.5359666	
0	0	1216	3113.381899265307	0.6735568	0.3896525	0.72868854	-0.34821773	0.41383183	-0.18712766	0.21439493	-0.43658644	0.0651101	-0.75135976	0.2244974	-0.23052467	
0	0	1217	3115.942246221939	0.6665181	0.37868202	0.7295091	-0.35055336	0.41129175	-0.1841827	0.20830674	-0.44879797	0.091540284	-1.0003422	0.21213539	0.09145154	
0	0	1218	3118.5025931785717	0.6660917	0.36399594	0.7315062	-0.35395658	0.41038382	-0.18631965	0.2025336	-0.4855115	0.13465884	-0.9853189	0.15642913	0.3531684	
0	0	1219	3121.062940135205	0.6719799	0.35379282	0.7347294	-0.3562836	0.4115484	-0.18811728	0.20149066	-0.53599256	0.17623027	-0.82631546	0.08941863	0.2485759	
0	0	1220	3123.623287091837	0.6799587	0.35313466	0.73771054	-0.35647866	0.4133261	-0.185106	0.20638323	-0.57617617	0.20461139	-0.6268859	0.07782128	-0.37677398	
0	0	1221	3126.1836340484697	0.6847542	0.3604839	0.73889637	-0.3559042	0.41318592	-0.17726745	0.21481492	-0.5807262	0.216232	-0.42679548	0.1020533	-0.66651565	
0	0	1222	3128.743981005103	0.6837649	0.3694056	0.73832864	-0.35735983	0.40941516	-0.1696522	0.21882479	-0.5388992	0.20952985	-0.23979911	0.124496475	-0.7634153	
0	0	1223	3131.304327961735	0.6784469	0.37343416	0.7379723	-0.36252022	0.40250412	-0.16905425	0.20926595	-0.48839113	0.1839322	-0.09325433	0.14675577	-0.8090129	
0	0	1224	3133.8646749183677	0.6726739	0.36996636	0.74021834	-0.37005404	0.39479044	-0.17992829	0.19228002	-0.49746212	0.1474061	-0.05795174	0.17109713	-0.7879281	
0	0	1225	3136.4250218750003	0.6700005	0.3611293	0.7458082	-0.37626535	0.38924393	-0.2023451	0.18316762	-0.5707664	0.12030856	-0.20083691	0.1888535	-0.6820995	
0	0	1226	3138.985368831633	0.67167825	0.3518957	0.7529654	-0.37791216	0.38840473	-0.23134582	0.18734136	-0.65041083	0.11494283	-0.41690624	0.1846857	-0.5240727	
0	0	1227	3141.5457157882656	0.6762623	0.34669024	0.7585299	-0.37486947	0.39318332	-0.2576165	0.20150308	-0.68485427	0.12031055	-0.5580837	0.15264732	-0.4139386	
0	0	1228	3144.1060627448983	0.68092424	0.34679648	0.7603406	-0.37037253	0.40169844	-0.27200022	0.21784832	-0.65379167	0.124218985	-0.6421715	0.11427055	-0.5327335	
0	0	1229	3146.6664097015314	0.68337464	0.35042185	0.758948	-0.36857355	0.41002795	-0.2721072	0.22487748	-0.5747796	0.1250515	-0.7352306	0.10875749	-0.87457544	
0	0	1230	3149.2267566581636	0.6828671	0.3545736	0.75706697	-0.37139502	0.41501936	-0.26293197	0.21689808	-0.51036996	0.13017617	-0.8674333	0.13101277	-1.0307239	
0	0	1231	3151.7871036147963	0.6800383	0.35673296	0.757311	-0.37736738	0.41584724	-0.25136256	0.2056119	-0.5165812	0.14882633	-0.9699834	0.14829007	-0.9983171	
0	0	1232	3154.3474505714294	0.67630297	0.35566762	0.7603595	-0.38328826	0.413294	-0.24237268	0.20564552	-0.57087743	0.17548764	-0.9532112	0.14703654	-0.914738	
0	0	1233	3156.9077975280616	0.6731592	0.35175323	0.7649759	-0.3869136	0.40872744	-0.23882903	0.21878013	-0.6104104	0.19506454	-0.8448174	0.12720679	-0.88997436	
0	0	1234	3159.468144484694	0.67145085	0.34667608	0.7695019	-0.3882657	0.40376213	-0.2419636	0.23830372	-0.6053482	0.20244634	-0.7030414	0.105161555	-1.084934	
0	0	1235	3162.0284914413273	0.67094874	0.3423641	0.7733238	-0.38870436	0.40003905	-0.2509619	0.25660342	-0.56369984	0.20033747	-0.54619026	0.11777785	-1.4306978	
0	0	1236	3164.5888383979595	0.6706194	0.33970782	0.77697676	-0.38902718	0.39867648	-0.2628543	0.26924074	-0.5097076	0.19022031	-0.3646615	0.16011074	-1.4944146	
0	0	1237	3167.149185354592	0.6694443	0.33797735	0.78099006	-0.38862646	0.3998803	-0.2738747	0.27772883	-0.46507642	0.16924937	-0.14519803	0.19154614	-1.3577759	
0	0	1238	3169.709532311225	0.66734016	0.33538586	0.7848399	-0.38650048	0.4031389	-0.2809723	0.2873855	-0.42858604	0.13307941	0.10140458	0.19531265	-1.1998327	
0	0	1239	3172.2698792678575	0.6654741	0.33073106	0.78725094	-0.38289908	0.40754423	-0.28223443	0.29825303	-0.3794184	0.08398227	0.3027822	0.1818482	-1.1273788	
0	0	1240	3174.83022622449	0.6654091	0.32493815	0.78756094	-0.37964857	0.41188315	-0.2770316	0.30309537	-0.3130576	0.035327945	0.12951054	0.17512913	-1.1583147	
0	0	1241	3177.390573181123	0.66767126	0.32078063	0.786643	-0.37870663	0.41487312	-0.26655215	0.2967276	-0.24970603	0.037127025	-1.1922374	0.18786192	-1.1905298	
0	0	1242	3179.9509201377555	0.6711138	0.320869	0.78633726	-0.38037762	0.41576737	-0.25361532	0.28080997	-0.21587676	0.07894435	-1.3149748	0.21416333	-1.1343573	
0	0	1243	3182.511267094388	0.6735201	0.325733	0.7879322	-0.38298595	0.41470474	-0.24110085	0.26289424	-0.23431651	0.11858284	-1.1185604	0.24467807	-0.9740966	
0	0	1244	3185.071614051021	0.6729426	0.33320734	0.791144	-0.38435337	0.41231436	-0.23052803	0.2555229	-0.3044893	0.14790694	-0.83431786	0.26960894	-0.70099616	
0	0	1245	3187.6319610076534	0.66909456	0.33949983	0.7945668	-0.38363746	0.40906578	-0.22216295	0.26703063	-0.36389992	0.15724775	-0.5104468	0.26643726	-0.30167863	
0	0	1246	3190.192307964286	0.66373634	0.34165114	0.7970765	-0.38172016	0.4050132	-0.21624598	0.28338954	-0.34618396	0.13846365	-0.20523928	0.20768714	0.15063035	
0	0	1247	3192.7526549209188	0.6594019	0.3396585	0.7987191	-0.37989005	0.40013927	-0.21419223	0.2824283	-0.28044897	0.0959308	-0.0650966	0.122078285	0.43012947	
0	0	1248	3195.313001877552	0.65755135	0.33620808	0.8002191	-0.3784029	0.39509702	-0.21828441	0.26098165	-0.23236564	0.06556382	-0.51506114	0.06534136	0.2153647	
0	0	1249	3197.873348834184	0.6577533	0.3344063	0.8017931	-0.37646794	0.3913899	-0.22919455	0.22976275	-0.25237745	0.102668576	-0.9719628	0.06661097	-0.34819627	
0	0	1250	3200.4336957908167	0.65828955	0.33558467	0.80266577	-0.37360814	0.39033946	-0.24423642	0.2057465	-0.3761621	0.15832368	-0.87582153	0.09454214	-0.4374149	
0	0	1251	3202.9940427474494	0.6574442	0.3385642	0.8019423	-0.37080267	0.3921187	-0.25918558	0.20864695	-0.5542955	0.19587483	-0.6467176	0.11857487	-0.27409464	
0	0	1252	3205.554389704082	0.6547083	0.34051815	0.7999252	-0.3699148	0.39593396	-0.27088597	0.23648044	-0.6359058	0.20676312	-0.42334276	0.12610155	-0.02514905	
0	0	1253	3208.1147366607147	0.6512186	0.3388064	0.7983031	-0.3717944	0.40055123	-0.2780805	0.26198277	-0.5930024	0.19547401	-0.26764482	0.10849361	0.1907275	
0	0	1254	3210.6750836173474	0.64924186	0.33280975	0.79881954	-0.37504607	0.40459332	-0.28159204	0.26807725	-0.49766615	0.17602348	-0.22716376	0.0763319	0.11548366	
0	0	1255	3213.23543057398	0.6509503	0.32496417	0.80163	-0.37679037	0.4070949	-0.2848596	0.25513658	-0.40166602	0.1674989	-0.297368	0.07718604	-0.4188622	
0	0	1256	3215.7957775306127	0.6568711	0.3202288	0.8048364	-0.37501377	0.40868586	-0.29271743	0.22912231	-0.33227557	0.17755312	-0.3655247	0.122137494	-0.5985379	
0	0	1257	3218.3561244872453	0.6647149	0.32347926	0.8058601	-0.37050182	0.41183236	-0.30666035	0.1970846	-0.31686765	0.19315511	-0.35037118	0.17234948	-0.47069916	
0	0	1258	3220.916471443878	0.66977304	0.33573976	0.8036736	-0.36638415	0.41883883	-0.3219534	0.16876891	-0.38734123	0.19847265	-0.28052145	0.2054771	-0.21909755	
0	0	1259	3223.4768184005106	0.6675858	0.35204482	0.79972136	-0.36554047	0.42999905	-0.3305492	0.15557192	-0.53726053	0.18764102	-0.22091684	0.19650224	0.10150619	
0	0	1260	3226.0371653571433	0.65744567	0.3633184	0.79665756	-0.368325	0.44305292	-0.32516617	0.16164447	-0.6759996	0.1679458	-0.24218734	0.12777878	0.34933802	
0	0	1261	3228.597512313776	0.6436477	0.36178914	0.7963127	-0.37244952	0.45293853	-0.30337003	0.17802787	-0.72096217	0.15717645	-0.36609015	0.056980845	-0.30596855	
0	0	1262	3231.1578592704086	0.6329605	0.34640908	0.79846454	-0.37477234	0.45354098	-0.27318755	0.19054772	-0.6818775	0.16499604	-0.48911548	0.11379761	-1.111278	
0	0	1263	3233.7182062270413	0.6303006	0.32412678	0.80114794	-0.37360218	0.44347033	-0.2533227	0.19099471	-0.6223384	0.18099351	-0.51367867	0.1865161	-1.1006436	
0	0	1264	3236.2785531836735	0.6357839	0.30539137	0.8022525	-0.36975095	0.42964372	-0.26005942	0.18393348	-0.604381	0.18838733	-0.4473047	0.24404366	-0.99984026	
0	0	1265	3238.8389001403066	0.6449579	0.29686683	0.8010766	-0.36548942	0.4222412	-0.29273945	0.18121563	-0.64157706	0.17532924	-0.35598707	0.2868878	-0.8778745	
0	0	1266	3241.3992470969392	0.6523137	0.2971155	0.7984766	-0.3625806	0.42792892	-0.33274686	0.19097383	-0.6890743	0.14724788	-0.34314013	0.30829152	-0.7263699	
0	0	1267	3243.959594053572	0.65582955	0.29920393	0.79578084	-0.3612629	0.4463983	-0.35311493	0.21257281	-0.6849683	0.12388738	-0.46713546	0.2833447	-0.5750516	
0	0	1268	3246.5199410102045	0.6582598	0.29817772	0.79377365	-0.36066976	0.46809822	-0.33483696	0.23588705	-0.5998869	0.115975015	-0.66994613	0.22961046	-0.62453794	
0	0	1269	3249.080287966837	0.66352403	0.29614395	0.79246825	-0.3598251	0.47742143	-0.28492197	0.24429895	-0.45946437	0.12208822	-0.8520941	0.21849611	-0.82381207	
0	0	1270	3251.64063492347	0.67204094	0.30001843	0.7915039	-0.35820895	0.46677405	-0.23524043	0.23041129	-0.3385885	0.1386092	-0.9569986	0.22877862	-0.95422435	
0	0	1271	3254.2009818801025	0.67932785	0.31440195	0.7905429	-0.3556816	0.4444302	-0.21494696	0.2076205	-0.3045564	0.16194287	-0.9496704	0.23853315	-1.0424243	
0	0	1272	3256.761328836735	0.67920715	0.33573148	0.7893015	-0.35215947	0.42404094	-0.23055197	0.19416197	-0.35806748	0.17657162	-0.8078005	0.24905686	-1.1236295	
0	0	1273	3259.321675793368	0.6698751	0.35325894	0.78736085	-0.347627	0.41460767	-0.26869586	0.19774334	-0.43082398	0.15892245	-0.6765221	0.2673455	-1.1844305	
0	0	1274	3261.8820227500005	0.65674573	0.357848	0.784179	-0.3424789	0.41846275	-0.305924	0.21234071	-0.44481626	0.14151204	-0.74203855	0.29226127	-1.1749192	
0	0	1275	3264.442369706633	0.647764	0.3503882	0.77945405	-0.3376708	0.4312339	-0.32067955	0.22085094	-0.3874613	0.1486097	-0.841244	0.3045405	-1.0711501	
0	0	1276	3267.002716663266	0.64667916	0.34058446	0.7734697	-0.334374	0.4434829	-0.30682075	0.21104923	-0.3314617	0.16965474	-0.8400366	0.28360322	-0.9148044	
0	0	1277	3269.563063619898	0.6509185	0.338454	0.767054	-0.33333403	0.44711637	-0.27743426	0.19454387	-0.3547592	0.1937913	-0.73092854	0.2311513	-0.7757402	
0	0	1278	3272.123410576531	0.65403247	0.34681907	0.7611712	-0.33453646	0.44186196	-0.25165233	0.18817271	-0.43923244	0.21041436	-0.5245953	0.16690464	-0.7351624	
0	0	1279	3274.6837575331638	0.6505484	0.35926852	0.7565508	-0.33733845	0.4332868	-0.23854868	0.19349281	-0.5134723	0.20399651	-0.24041772	0.117174044	-0.894746	
0	0	1280	3277.244104489796	0.6407616	0.3647566	0.75358015	-0.3407452	0.42607856	-0.23467614	0.20254427	-0.540992	0.1617904	0.046591215	0.10013891	-1.1960461	
0	0	1281	3279.804451446429	0.6309397	0.35683864	0.7522742	-0.34356183	0.42084527	-0.23261125	0.20616792	-0.52989507	0.09969856	0.096521184	0.10127704	-1.3718752	
0	0	1282	3282.3647984030617	0.62781143	0.3394318	0.7521558	-0.34455216	0.41555083	-0.22992162	0.1984602	-0.5204003	0.08045379	-0.41633412	0.09912632	-1.4328331	
0	0	1283	3284.925145359694	0.63328105	0.322734	0.7521473	-0.34288198	0.40902653	-0.2313082	0.18449089	-0.5752992	0.11463794	-0.580052	0.09388024	-1.518797	
0	0	1284	3287.485492316327	0.6442791	0.3144935	0.7507758	-0.33878165	0.40325525	-0.24263525	0.1815047	-0.70252687	0.13795494	-0.3929564	0.09971734	-1.6383961	
0	0	1285	3290.0458392729597	0.656191	0.3157369	0.7468635	-0.3338996	0.40219188	-0.26273692	0.19558443	-0.80379695	0.13370214	-0.14414227	0.12172167	-1.634816	
0	0	1286	3292.6061862295924	0.6662241	0.3227861	0.74037033	-0.33082378	0.4084297	-0.28109366	0.21470152	-0.8306149	0.106110826	0.057925597	0.1519826	-1.4763888	
0	0	1287	3295.166533186225	0.674512	0.3318893	0.73273504	-0.33170033	0.42051092	-0.28388867	0.2286173	-0.81402385	0.0661755	0.05483435	0.18578705	-1.2259991	
0	0	1288	3297.7268801428577	0.68256944	0.3426585	0.72617584	-0.33673638	0.43249497	-0.2639936	0.23580699	-0.7925377	0.045993913	-0.6673387	0.2221111	-0.92679816	
0	0	1289	3300.2872270994903	0.6904901	0.3576864	0.722319	-0.34389788	0.43686795	-0.2279585	0.24174331	-0.78370064	0.083487034	-1.1382747	0.2574522	-0.6029743	
0	0	1290	3302.8475740561225	0.69573164	0.37866426	0.7212408	-0.35020354	0.43032077	-0.19384162	0.25238663	-0.7692726	0.13001922	-1.0394589	0.28496462	-0.2818385	
0	0	1291	3305.4079210127557	0.69497925	0.403216	0.72160107	-0.3535342	0.41692856	-0.17917101	0.2647337	-0.7195252	0.159004	-0.82810515	0.30284718	0.012261459	
0	0	1292	3307.9682679693883	0.68692297	0.42569166	0.7215333	-0.3536342	0.40446684	-0.18933994	0.26968524	-0.63749814	0.16453922	-0.6455785	0.3131659	0.291885	
0	0	1293	3310.5286149260205	0.6733165	0.4400599	0.7196807	-0.35194865	0.39882773	-0.21636464	0.26282838	-0.5527849	0.15634385	-0.5651097	0.3068459	0.58752376	
0	0	1294	3313.0889618826536	0.65838385	0.44263563	0.7158143	-0.350631	0.40179822	-0.24568151	0.24798065	-0.49619877	0.15240456	-0.5956684	0.26835003	0.89502305	
0	0	1295	3315.6493088392863	0.6470425	0.43468255	0.71077794	-0.35131943	0.411426	-0.26416308	0.23413001	-0.48097008	0.16379143	-0.64484525	0.19739054	1.1719733	
0	0	1296	3318.2096557959185	0.64176315	0.4226728	0.70586866	-0.35439652	0.4232939	-0.26586127	0.22886607	-0.48628834	0.1847098	-0.6183533	0.10932324	1.3536409	
0	0	1297	3320.7700027525516	0.6407939	0.41285023	0.70213383	-0.35901377	0.43270898	-0.25373647	0.2315434	-0.4682393	0.20125973	-0.51282316	0.025211245	0.7441512	
0	0	1298	3323.3303497091842	0.64095896	0.40579957	0.69996685	-0.36363474	0.4372264	-0.23598969	0.23268968	-0.40239012	0.20180628	-0.3711792	0.08549267	-0.8415243	
0	0	1299	3325.8906966658164	0.6414445	0.39832675	0.6990003	-0.3667275	0.437187	-0.2199173	0.22071625	-0.3096834	0.18261984	-0.2597403	0.17157198	-0.7106029	
0	0	1300	3328.4510436224496	0.64433295	0.3888862	0.69828016	-0.36743993	0.43411636	-0.20931956	0.19323415	-0.25921497	0.15577687	-0.27263272	0.22853734	-0.46090537	
0	0	1301	3331.011390579082	0.6521755	0.3812433	0.69671124	-0.36601865	0.42958978	-0.2060679	0.1662992	-0.33488253	0.14783117	-0.41873798	0.22940308	-0.23344342	
0	0	1302	3333.5717375357144	0.66392773	0.38320145	0.6936246	-0.36364812	0.42556733	-0.21096529	0.16171585	-0.5054927	0.16441183	-0.49569175	0.18573609	-0.17255074	
0	0	1303	3336.1320844923475	0.67300826	0.3983426	0.6890661	-0.36175406	0.42440134	-0.22143812	0.17950156	-0.619362	0.18158033	-0.43044844	0.14408039	-0.42788872	
0	0	1304	3338.69243144898	0.6725092	0.41929948	0.68362176	-0.36130232	0.42720747	-0.23040737	0.20430699	-0.6302793	0.18276362	-0.30079064	0.15527792	-0.89443904	
0	0	1305	3341.252778405613	0.6622724	0.4329046	0.67800236	-0.36257285	0.43258598	-0.23032197	0.22439265	-0.5746344	0.1659239	-0.17774346	0.21619791	-1.1079854	
0	0	1306	3343.813125362245	0.6490674	0.42988232	0.67277396	-0.36538646	0.43719348	-0.21743199	0.23257633	-0.49414548	0.13683859	-0.12672274	0.2707612	-1.0832547	
0	0	1307	3346.373472318878	0.642289	0.41057515	0.6683453	-0.36935505	0.4367962	-0.19340093	0.2276253	-0.439107	0.10858749	-0.2544986	0.28016207	-1.0422639	
0	0	1308	3348.933819275511	0.648901	0.38703507	0.66501653	-0.37390438	0.4277989	-0.16710286	0.22142227	-0.44811285	0.10858045	-0.5666501	0.27006066	-1.122323	
0	0	1309	3351.494166232143	0.66786855	0.37781432	0.66288596	-0.37819725	0.41074297	-0.15454563	0.22703038	-0.48322237	0.14017043	-0.6482791	0.27859932	-1.2834356	
0	0	1310	3354.054513188776	0.6883027	0.39368656	0.66166276	-0.38138142	0.39250615	-0.16817975	0.24135089	-0.48754755	0.15852673	-0.49345574	0.31505403	-1.4194189	
0	0	1311	3356.614860145409	0.69638586	0.4278378	0.6607057	-0.3831371	0.38089645	-0.20272204	0.25585157	-0.45320347	0.14878577	-0.3423562	0.3721858	-1.4727305	
0	0	1312	3359.175207102041	0.6863557	0.46098518	0.659448	-0.38402024	0.3780105	-0.24082024	0.2646082	-0.39167705	0.12680277	-0.30260915	0.43771258	-1.4361669	
0	0	1313	3361.735554058674	0.6648274	0.4745839	0.65786225	-0.3850463	0.38118035	-0.26917353	0.26301643	-0.31748158	0.10866313	-0.42110047	0.49819934	-1.3248012	
0	0	1314	3364.2959010153068	0.6454834	0.46227765	0.656499	-0.38678572	0.38653135	-0.28313136	0.24847719	-0.25545928	0.110508434	-0.6613192	0.5471809	-1.1556937	
0	0	1315	3366.856247971939	0.6398509	0.43461347	0.6559753	-0.38881806	0.39033172	-0.28450215	0.22506313	-0.243644	0.14065278	-0.77881664	0.5875099	-0.9143581	
0	0	1316	3369.416594928572	0.6502116	0.41297117	0.6563791	-0.39007902	0.3898451	-0.28121322	0.20459367	-0.3087057	0.17638384	-0.6358276	0.58897686	-0.5289332	
0	0	1317	3371.9769418852047	0.6678278	0.414117	0.6571734	-0.38986057	0.3856473	-0.2854772	0.19815621	-0.42537415	0.17710328	-0.37616977	0.4406625	-0.040937576	
0	0	1318	3374.537288841837	0.6783279	0.43727276	0.6577199	-0.38842347	0.38258526	-0.304319	0.20700455	-0.5256531	0.1419941	-0.21435653	0.23857276	0.17139985	
0	0	1319	3377.0976357984696	0.6729988	0.4648557	0.65785515	-0.38650626	0.38608822	-0.33123893	0.22277229	-0.56551355	0.1006518	-0.3138857	0.13493861	-0.10831155	
0	0	1320	3379.6579827551027	0.6565544	0.4770879	0.65780175	-0.38438758	0.39811644	-0.35047328	0.23395315	-0.553842	0.08811118	-0.8150997	0.12950014	-0.6329715	
0	0	1321	3382.218329711735	0.64183515	0.46790835	0.65754104	-0.3817307	0.4160562	-0.34661695	0.23424345	-0.5342962	0.13249657	-1.1885782	0.18081677	-0.84177744	
0	0	1322	3384.7786766683676	0.63834536	0.44807863	0.65651125	-0.3785274	0.4325818	-0.31258392	0.22883376	-0.5484576	0.20764513	-1.1517727	0.26235628	-0.7248439	
0	0	1323	3387.3390236250007	0.6462368	0.43476644	0.6541972	-0.37599868	0.43779278	-0.25722745	0.22856466	-0.59548175	0.27208623	-0.91084695	0.33824217	-0.3027299	
0	0	1324	3389.8993705816333	0.65778136	0.43761483	0.6510601	-0.3760414	0.4270002	-0.2061051	0.23815216	-0.63458306	0.2877973	-0.6327997	0.3029502	0.3002254	
0	0	1325	3392.4597175382655	0.6642865	0.4523548	0.6486311	-0.37940586	0.40695077	-0.18554477	0.25293046	-0.62903273	0.2586822	-0.44973803	0.1885131	0.8242938	
0	0	1326	3395.0200644948986	0.6639178	0.46713433	0.6483618	-0.38450965	0.39024484	-0.20246318	0.26229605	-0.5737942	0.21960402	-0.43668845	0.08427044	1.5021793	
0	0	1327	3397.5804114515313	0.66231334	0.47595567	0.6502825	-0.38846627	0.38574982	-0.23975918	0.255928	-0.50098294	0.20717914	-0.58779395	0.081577584	-2.9433117	
0	0	1328	3400.1407584081635	0.6644814	0.48503596	0.65282935	-0.38961777	0.3940797	-0.26849794	0.23575763	-0.4719725	0.23986395	-0.70766044	0.22133346	-2.207736	
0	0	1329	3402.7011053647966	0.6674462	0.5043864	0.6542588	-0.3892903	0.40758017	-0.2692063	0.2192254	-0.5203751	0.2915617	-0.64081603	0.44386274	-1.7267905	
0	0	1330	3405.2614523214293	0.6621925	0.5339595	0.65458685	-0.39065203	0.41549605	-0.24691291	0.2189152	-0.5962121	0.31916612	-0.43761978	0.70516485	-1.1070117	
0	0	1331	3407.8217992780615	0.64315253	0.5599258	0.6559388	-0.3952537	0.41309816	-0.22509108	0.23071352	-0.6319753	0.29725885	-0.18464476	0.76519376	-0.4320395	
0	0	1332	3410.382146234694	0.61511505	0.563901	0.6606452	-0.4006806	0.40557492	-0.22484577	0.24421729	-0.612078	0.2245064	0.03973898	0.64518887	0.05190644	
0	0	1333	3412.9424931913272	0.59118676	0.5362091	0.6687654	-0.40182826	0.40287718	-0.24874498	0.2510035	-0.55450535	0.12352227	0.017947419	0.512614	0.37864497	
0	0	1334	3415.5028401479594	0.5852314	0.48648414	0.67715186	-0.3951085	0.41218632	-0.27766183	0.24693716	-0.4910157	0.095792726	-0.8928245	0.39187276	0.63217854	
0	0	1335	3418.063187104592	0.60259956	0.44360992	0.68128216	-0.38240337	0.43193176	-0.28316534	0.23567858	-0.45866126	0.17646615	-1.1527275	0.27208468	0.81575733	
0	0	1336	3420.623534061225	0.6337296	0.4346086	0.67919964	-0.3707127	0.45050856	-0.2524538	0.22821477	-0.4685151	0.24032488	-0.9979026	0.16750623	0.766818	
0	0	1337	3423.1838810178574	0.65960217	0.4609492	0.67365205	-0.36673585	0.4549119	-0.20143771	0.23111126	-0.48274204	0.2666194	-0.7854928	0.13702628	0.37356248	
0	0	1338	3425.74422797449	0.66701895	0.50170577	0.6698386	-0.37149018	0.44262344	-0.1603362	0.23964004	-0.46264368	0.25921786	-0.5771684	0.15810157	0.2350775	
0	0	1339	3428.304574931123	0.6570872	0.5334436	0.6713906	-0.37989327	0.42236263	-0.15161933	0.24499638	-0.4086336	0.22454238	-0.40183604	0.16557668	0.33296913	
0	0	1340	3430.8649218877554	0.6404827	0.5436789	0.67809814	-0.3848024	0.40628138	-0.1789677	0.24193566	-0.34969655	0.17247853	-0.33252478	0.14731015	0.50328434	
0	0	1341	3433.425268844388	0.6286544	0.53419966	0.68633854	-0.38213184	0.40281922	-0.22451021	0.23364273	-0.32303762	0.13546681	-0.5414511	0.102226034	0.65524244	
0	0	1342	3435.985615801021	0.6273589	0.5178589	0.6918279	-0.3735693	0.41141877	-0.2593353	0.23077701	-0.33710146	0.16096945	-0.7597958	0.048958767	0.22527961	
0	0	1343	3438.545962757654	0.63426805	0.50860554	0.69295937	-0.36464	0.42302585	-0.26948237	0.23969659	-0.3508464	0.19435768	-0.5880447	0.08150085	-0.5256752	
0	0	1344	3441.106309714286	0.64229184	0.5112259	0.69163465	-0.35981846	0.4292953	-0.26600242	0.2555992	-0.32309216	0.1826046	-0.2984181	0.115015246	-0.39322576	
0	0	1345	3443.6666566709187	0.6456091	0.52069557	0.69097704	-0.35942373	0.43010873	-0.26726532	0.26830694	-0.24886553	0.13801152	-0.0655398	0.118976824	-0.22703286	
0	0	1346	3446.2270036275518	0.6429454	0.5283889	0.6926579	-0.36049816	0.43145004	-0.28031513	0.26801807	-0.15061046	0.08265215	-0.016998148	0.10705178	-0.12226213	
0	0	1347	3448.787350584184	0.6371953	0.5275252	0.6960455	-0.35993144	0.43868953	-0.2965222	0.25100377	-0.07371729	0.046605963	-0.69912726	0.086717494	-0.088489726	
0	0	1348	3451.3476975408166	0.6334571	0.5163406	0.69924647	-0.35694146	0.45161092	-0.30032444	0.22733769	-0.07350511	0.08828071	-1.3797885	0.05986121	-0.20058762	
0	0	1349	3453.9080444974497	0.636302	0.49952552	0.7008833	-0.3532735	0.4640871	-0.2835563	0.21631338	-0.15196161	0.15826245	-1.2646123	0.04077722	-0.99594253	
0	0	1350	3456.468391454082	0.6468295	0.4862202	0.70118684	-0.35144368	0.46883273	-0.2526908	0.22438176	-0.22257867	0.21492101	-0.923315	0.10031225	-1.6309752	
0	0	1351	3459.0287384107146	0.6613457	0.48391065	0.70169985	-0.35272133	0.46353805	-0.22317217	0.23798712	-0.22486638	0.22685362	-0.53942853	0.19415593	-1.2935088	
0	0	1352	3461.5890853673477	0.673503	0.4927124	0.7041704	-0.35628247	0.4522523	-0.20695311	0.24082467	-0.18364675	0.19869667	-0.24342483	0.22820221	-0.831587	
0	0	1353	3464.14943232398	0.6789364	0.50534457	0.7094972	-0.35970202	0.4405315	-0.2047252	0.22810782	-0.16302508	0.15860482	-0.08697688	0.21783572	-0.48085713	
0	0	1354	3466.7097792806126	0.67857766	0.5127013	0.71723765	-0.36020425	0.4304389	-0.21033229	0.21120264	-0.22555251	0.12368816	-0.08632833	0.1949749	-0.16600409	
0	0	1355	3469.2701262372457	0.6778092	0.5104378	0.7256792	-0.3559911	0.4209079	-0.2209516	0.2113608	-0.36609906	0.1035792	-0.2531671	0.1662171	0.21077093	
0	0	1356	3471.830473193878	0.68235743	0.5023524	0.7324421	-0.34721905	0.4115907	-0.2404525	0.23873432	-0.4672327	0.10512787	-0.48240417	0.1369546	0.7671758	
0	0	1357	3474.3908201505105	0.6935988	0.49818367	0.73555946	-0.33625665	0.40540788	-0.2732122	0.2771609	-0.44341847	0.120264634	-0.6042403	0.12987198	1.6151679	
0	0	1358	3476.9511671071436	0.7063071	0.50555825	0.73465776	-0.32680407	0.40733328	-0.31395262	0.29809123	-0.32509112	0.13595144	-0.6449531	0.17829593	2.5111299	
0	0	1359	3479.511514063776	0.7121768	0.5219639	0.73134977	-0.32199222	0.41941097	-0.34458798	0.28480563	-0.19430514	0.15142156	-0.66901594	0.27877805	-3.0486743	
0	0	1360	3482.0718610204085	0.7075095	0.5358655	0.72837794	-0.32264328	0.43636322	-0.34812793	0.24619219	-0.13692367	0.17048155	-0.67893463	0.4010762	-2.3230817	
0	0	1361	3484.632207977041	0.6966378	0.5360944	0.7280434	-0.3268703	0.44827864	-0.32586172	0.20804043	-0.2183473	0.19427732	-0.6502338	0.43103975	-1.4413221	
0	0	1362	3487.1925549336743	0.6881781	0.51950043	0.7310043	-0.33134633	0.44890225	-0.29618564	0.19685769	-0.41469076	0.21779546	-0.5549672	0.28141904	-0.5892303	
0	0	1363	3489.7529018903065	0.6896171	0.4925258	0.7361879	-0.3334025	0.44066995	-0.27969393	0.21637109	-0.56308776	0.22346875	-0.38560596	0.12116403	0.1555054	
0	0	1364	3492.313248846939	0.7035129	0.46807814	0.74180996	-0.33240867	0.43217725	-0.28490597	0.24196543	-0.59001297	0.18828496	-0.22922398	0.04379753	1.9791049	
0	0	1365	3494.8735958035722	0.7254036	0.45827132	0.7467017	-0.32940587	0.4313207	-0.30194196	0.2526526	-0.5638734	0.1317405	-0.3712644	0.121634096	-2.9939024	
0	0	1366	3497.4339427602044	0.74548095	0.4658753	0.75078964	-0.3255527	0.43920827	-0.3094693	0.24819157	-0.563825	0.13878135	-0.9202084	0.22810628	-2.4852388	
0	0	1367	3499.994289716837	0.7554664	0.4822802	0.75442314	-0.3209794	0.44874915	-0.29277468	0.24349469	-0.62776446	0.21967667	-1.0662302	0.36657616	-1.9846729	
0	0	1368	3502.55463667347	0.7549276	0.495213	0.7573748	-0.3150941	0.44971985	-0.25740153	0.25629425	-0.72312844	0.3000509	-0.90324247	0.51214284	-1.3176346	
0	0	1369	3505.1149836301024	0.74989915	0.49802977	0.7586197	-0.30796313	0.43788254	-0.2262201	0.29006183	-0.75817555	0.34209934	-0.6663587	0.49625918	-0.5505259	
0	0	1370	3507.675330586735	0.7467936	0.49221474	0.7572956	-0.30118942	0.41967434	-0.2220537	0.32365978	-0.69180524	0.3471891	-0.4434406	0.34802854	-0.005756697	
0	0	1371	3510.235677543368	0.7483877	0.48377743	0.75382584	-0.29711238	0.40688956	-0.2493724	0.33203885	-0.5758423	0.33145162	-0.24446303	0.21358186	0.28634635	
0	0	1372	3512.7960245000004	0.7535508	0.47826317	0.74995923	-0.29712316	0.40788573	-0.2892488	0.3137039	-0.48055378	0.3039468	-0.045596547	0.106947586	0.27192038	
0	0	1373	3515.356371456633	0.75924766	0.4777486	0.74777144	-0.30054107	0.42259964	-0.3119958	0.2836009	-0.44271585	0.261855	0.19124697	0.07405869	-0.8170105	
0	0	1374	3517.9167184132657	0.7630247	0.481008	0.7483579	-0.3048577	0.44226572	-0.29849824	0.25592375	-0.47033343	0.18815932	0.50086355	0.18838497	-1.1547853	
0	0	1375	3520.4770653698984	0.7641343	0.48590255	0.75108725	-0.3073147	0.45411906	-0.25336722	0.24003424	-0.54782724	0.07220714	0.6629366	0.34208477	-0.7886067	
0	0	1376	3523.037412326531	0.7626881	0.4912455	0.75408065	-0.3068851	0.45053884	-0.20038758	0.23856196	-0.63323045	0.064752795	-0.89378566	0.41708696	-0.16792428	
0	0	1377	3525.5977592831637	0.75832844	0.49617	0.7557588	-0.3048608	0.43467936	-0.16498838	0.24617837	-0.69218284	0.11932751	-0.8726136	0.34788656	0.43442783	
0	0	1378	3528.1581062397963	0.75066376	0.4982069	0.7560779	-0.3034049	0.41620466	-0.15928534	0.2580934	-0.725054	0.14003667	-0.75258595	0.23792608	0.9704572	
0	0	1379	3530.718453196429	0.7412821	0.4933669	0.756279	-0.30352512	0.40381593	-0.17852147	0.27531987	-0.73209405	0.14538483	-0.6885389	0.1457295	1.6890737	
0	0	1380	3533.2788001530616	0.73471856	0.47955132	0.75753754	-0.30433086	0.4010828	-0.2063139	0.29774213	-0.6934315	0.14789091	-0.67364734	0.12820931	2.9646068	
0	0	1381	3535.8391471096947	0.73635364	0.46044013	0.7598209	-0.30406773	0.40585247	-0.22673246	0.31667408	-0.5900521	0.15412143	-0.6707434	0.22360918	-2.2521122	
0	0	1382	3538.399494066327	0.74853575	0.4455581	0.7619251	-0.30195457	0.41340238	-0.23519157	0.31567875	-0.43177068	0.1637446	-0.63545614	0.3209945	-1.4392651	
0	0	1383	3540.9598410229596	0.76748896	0.44515947	0.762716	-0.29907203	0.42103297	-0.23654754	0.2846665	-0.26638293	0.17093751	-0.5493521	0.30658624	-0.7697972	
0	0	1384	3543.5201879795927	0.783491	0.46242636	0.7624159	-0.29735917	0.42933565	-0.23475116	0.23225993	-0.1590313	0.16746938	-0.42215356	0.22836503	-0.3422325	
0	0	1385	3546.080534936225	0.78680825	0.4887354	0.76256603	-0.29752272	0.43944272	-0.22676207	0.17733435	-0.17848639	0.1449193	-0.31370288	0.15122657	-0.118759565	
0	0	1386	3548.6408818928576	0.77657443	0.5085426	0.7645301	-0.2979981	0.4491184	-0.20634541	0.14103284	-0.39525816	0.11669226	-0.41827542	0.089136355	-0.13967204	
0	0	1387	3551.2012288494902	0.76204175	0.51179236	0.76798743	-0.29619575	0.45255446	-0.17611797	0.14337097	-0.7140289	0.12349263	-0.6350633	0.06232271	-0.6908072	
0	0	1388	3553.761575806123	0.7538194	0.5013327	0.770931	-0.2909626	0.44731167	-0.15167078	0.1759002	-0.8631881	0.14340013	-0.6404601	0.09286934	-1.0491259	
0	0	1389	3556.3219227627555	0.7556398	0.48873538	0.77134556	-0.2838816	0.43857604	-0.14613828	0.20907208	-0.839916	0.1525629	-0.544089	0.12553695	-0.86329085	
0	0	1390	3558.882269719388	0.76276946	0.48357525	0.7690276	-0.2781198	0.43341643	-0.15826777	0.22700365	-0.76074207	0.14709955	-0.4211019	0.13028067	-0.57097834	
0	0	1391	3561.442616676021	0.7671867	0.4846692	0.7658883	-0.2757853	0.43552092	-0.17669475	0.23214002	-0.69339204	0.12399561	-0.31940803	0.117470905	-0.32813874	
0	0	1392	3564.0029636326535	0.76673144	0.48192525	0.76434004	-0.27604145	0.44436407	-0.18797798	0.23303658	-0.65168506	0.085159555	-0.43309367	0.10026493	-0.13873026	
0	0	1393	3566.563310589286	0.76821035	0.46896356	0.76510334	-0.27583438	0.4556309	-0.1836104	0.23493503	-0.6213614	0.08541868	-1.1331459	0.07939324	0.031585492	
0	0	1394	3569.123657545919	0.7796734	0.45186302	0.7666051	-0.2728851	0.46356845	-0.16565663	0.23745787	-0.5821274	0.15671268	-1.2829667	0.043830745	-0.014085796	
0	0	1395	3571.6840045025515	0.8013209	0.44415194	0.76668626	-0.26785594	0.46567458	-0.14366817	0.23473887	-0.52903754	0.22467202	-1.0656002	0.060533095	-0.9549846	
0	0	1396	3574.244351459184	0.8229807	0.45382822	0.7648309	-0.26330063	0.46346897	-0.123440534	0.22271524	-0.49982157	0.26542038	-0.78672165	0.10241265	-0.84407806	
0	0	1397	3576.804698415817	0.83115697	0.4728779	0.7624386	-0.26079985	0.4577876	-0.103751175	0.2131713	-0.53369546	0.27663207	-0.5000378	0.13270886	-0.72667575	
0	0	1398	3579.3650453724495	0.82410103	0.48080242	0.76108634	-0.2592816	0.44633374	-0.084990844	0.21713105	-0.58278567	0.25737	-0.21831664	0.16546318	-0.63808703	
0	0	1399	3581.925392329082	0.817374	0.46423227	0.76046956	-0.25619662	0.42710224	-0.077947244	0.2295209	-0.5926791	0.20895626	0.030461814	0.20440191	-0.53423786	
0	0	1400	3584.4857392857148	0.8305244	0.43225417	0.75818604	-0.2508156	0.40438068	-0.10085159	0.24159862	-0.555926	0.1418501	0.16050369	0.2435115	-0.38201717	
0	0	1401	3587.0460862423474	0.8716805	0.41242275	0.75227016	-0.2462862	0.3890841	-0.1602137	0.24550559	-0.48588789	0.084152736	-0.103231624	0.2606595	-0.18347916	
0	0	1402	3589.60643319898	0.9274669	0.43305102	0.743919	-0.2471919	0.39008975	-0.23532806	0.2350341	-0.4145265	0.089281395	-0.7760713	0.23321639	-0.02928632	
0	0	1403	3592.1667801556127	0.95996934	0.49746302	0.73685855	-0.25518772	0.40714833	-0.29327217	0.21288718	-0.40167186	0.13556519	-0.9530739	0.17878716	-0.093249135	
0	0	1404	3594.7271271122454	0.937934	0.5676092	0.73443043	-0.26755932	0.4325817	-0.3146943	0.19731219	-0.4960696	0.17660066	-0.8867713	0.15339045	-0.5553087	
0	0	1405	3597.287474068878	0.8804267	0.5963043	0.7375413	-0.2790814	0.45600143	-0.29998365	0.20844716	-0.6294768	0.2017708	-0.7748432	0.22553015	-1.0381949	
0	0	1406	3599.8478210255107	0.8299885	0.57315934	0.7441778	-0.28511038	0.4684297	-0.26409182	0.2449939	-0.66319734	0.21307911	-0.68767315	0.38823113	-1.0947467	
0	0	1407	3602.4081679821434	0.8101535	0.5208897	0.75049144	-0.28449246	0.46749103	-0.22914441	0.28508452	-0.5534935	0.22253741	-0.6477314	0.5677111	-0.86471885	
0	0	1408	3604.968514938776	0.823369	0.47155118	0.75344163	-0.28023526	0.45951048	-0.21056561	0.29700047	-0.34669092	0.24154572	-0.6029774	0.64281285	-0.5424705	
0	0	1409	3607.5288618954087	0.85729045	0.45101097	0.75289804	-0.27662027	0.45231754	-0.20577382	0.26529324	-0.14947937	0.2611054	-0.49748513	0.59391785	-0.28159094	
0	0	1410	3610.0892088520413	0.88705546	0.46562797	0.75075763	-0.27568856	0.4471167	-0.20334637	0.21321493	-0.06979234	0.26539797	-0.35359707	0.48197317	-0.1281617	
0	0	1411	3612.649555808674	0.8906041	0.49426922	0.74856657	-0.27693307	0.4403334	-0.20094301	0.17214967	-0.15801412	0.25001603	-0.21896036	0.35377783	-0.13131756	
0	0	1412	3615.2099027653067	0.8719598	0.50687295	0.7466358	-0.27942008	0.4309521	-0.20791148	0.1603143	-0.3669378	0.220719	-0.1408773	0.26414195	-0.40029883	
0	0	1413	3617.770249721939	0.853006	0.49268445	0.7449743	-0.28309914	0.4239013	-0.23253836	0.17957705	-0.5297804	0.19149613	-0.16854781	0.26767159	-0.8208042	
0	0	1414	3620.330596678572	0.85072756	0.46162271	0.7442112	-0.28803605	0.42655265	-0.26792863	0.21501973	-0.53688073	0.18189433	-0.29676452	0.34078622	-1.0498934	
0	0	1415	3622.8909436352046	0.87153596	0.4327035	0.74517107	-0.29303074	0.4417753	-0.290953	0.24159205	-0.40616477	0.20028833	-0.39220253	0.4374508	-1.0829967	
0	0	1416	3625.451290591837	0.910833	0.42675388	0.7475633	-0.29574507	0.46286345	-0.27906257	0.23415636	-0.23159532	0.23110932	-0.349283	0.53104997	-0.96417356	
0	0	1417	3628.01163754847	0.94862074	0.45533952	0.7493065	-0.2948402	0.47486892	-0.2313774	0.19693029	-0.15902759	0.24851699	-0.18421808	0.5464682	-0.7106063	
0	0	1418	3630.5719845051026	0.958286	0.50533974	0.74796635	-0.29229897	0.46574888	-0.17588182	0.16622488	-0.30018649	0.22955659	0.033234414	0.4284125	-0.54084	
0	0	1419	3633.132331461735	0.9344004	0.54665965	0.74356246	-0.29253417	0.44025835	-0.15239099	0.17514014	-0.558409	0.17198637	0.16984858	0.32689545	-0.6721115	
0	0	1420	3635.692678418368	0.8953694	0.5595645	0.7391663	-0.29810008	0.41697443	-0.17936242	0.22396488	-0.6843074	0.112552084	-0.058055192	0.31391215	-0.9452058	
0	0	1421	3638.2530253750006	0.8616382	0.541965	0.73821914	-0.30699176	0.41113955	-0.23614146	0.29090524	-0.6286034	0.1228527	-0.6578713	0.37209907	-1.1621935	
0	0	1422	3640.813372331633	0.8473942	0.5031068	0.74171746	-0.31399968	0.424324	-0.28136092	0.34819472	-0.44628298	0.19553639	-0.8201418	0.5254338	-1.2663329	
0	0	1423	3643.373719288266	0.8598105	0.46235144	0.7470495	-0.31426582	0.44606948	-0.28867963	0.36472133	-0.20981628	0.27836376	-0.6853758	0.9960319	-1.0691044	
0	0	1424	3645.9340662448985	0.8925757	0.44248873	0.7489839	-0.30777407	0.46193174	-0.2626697	0.33244243	-0.0075300992	0.33711937	-0.42235148	1.0724785	0.18360637	
0	0	1425	3648.494413201531	0.92611814	0.45039278	0.74422807	-0.30118468	0.46399683	-0.22982538	0.2745999	0.08990838	0.3399934	-0.13615417	0.45282194	0.47570196	
0	0	1426	3651.0547601581634	0.94498235	0.47328886	0.7354377	-0.3020513	0.45740455	-0.21585867	0.21916793	0.029054815	0.29553932	0.062561095	0.27510834	0.34127197	
0	0	1427	3653.6151071147965	0.9479226	0.49624747	0.7283164	-0.31181955	0.4539297	-0.22421895	0.19383506	-0.2145476	0.24192277	0.11528338	0.20469142	0.12524767	
0	0	1428	3656.175454071429	0.9408042	0.51208043	0.7267732	-0.32633147	0.46003792	-0.23711257	0.21838272	-0.45996442	0.20538731	0.020467086	0.1687367	-0.13776718	
0	0	1429	3658.7358010280614	0.9290457	0.5193364	0.73178875	-0.33958423	0.47318292	-0.23545401	0.26488307	-0.5161191	0.1974817	-0.15820494	0.15578182	-0.53388107	
0	0	1430	3661.2961479846945	0.9158735	0.5183408	0.74178284	-0.34580272	0.48568204	-0.21284357	0.29263076	-0.47940516	0.21575944	-0.30013824	0.22217898	-0.9492742	
0	0	1431	3663.856494941327	0.9035945	0.5093198	0.75242376	-0.34131226	0.489624	-0.17680813	0.30039382	-0.46827546	0.2442553	-0.34728748	0.34261802	-0.7927063	
0	0	1432	3666.4168418979593	0.89488506	0.49300745	0.7575996	-0.3276204	0.48178318	-0.14515561	0.3086258	-0.50793594	0.26562268	-0.3326234	0.36009133	-0.5833689	
0	0	1433	3668.9771888545924	0.8922161	0.47204548	0.753433	-0.31233627	0.4679077	-0.13567987	0.3338557	-0.5579916	0.2720929	-0.31328133	0.35644874	-0.50904924	
0	0	1434	3671.537535811225	0.8964038	0.4505971	0.7417231	-0.30443203	0.4581571	-0.14785041	0.3783861	-0.5506645	0.26709583	-0.33633122	0.36164063	-0.46290004	
0	0	1435	3674.0978827678573	0.90618074	0.43265283	0.7282372	-0.3084817	0.45553234	-0.16553757	0.42021805	-0.4457243	0.26322287	-0.43463504	0.36413744	-0.38782555	
0	0	1436	3676.6582297244904	0.91875833	0.42057598	0.71881086	-0.32324916	0.45633894	-0.18036526	0.42214918	-0.27852842	0.28389853	-0.59315646	0.34574795	-0.30342317	
0	0	1437	3679.218576681123	0.931013	0.41458145	0.7172206	-0.34326982	0.45824602	-0.1951277	0.3762798	-0.13324878	0.34954634	-0.6866981	0.31462353	-0.25689438	
0	0	1438	3681.7789236377553	0.9406559	0.4134235	0.724536	-0.36068457	0.46280354	-0.21289073	0.3085045	-0.07333978	0.4355274	-0.6186741	0.28426212	-0.23772423	
0	0	1439	3684.3392705943884	0.94650114	0.41566315	0.7382465	-0.36719504	0.47334537	-0.22841188	0.24571805	-0.14567679	0.48943916	-0.45587835	0.25320446	-0.21418147	
0	0	1440	3686.899617551021	0.94764173	0.42027184	0.7510976	-0.3581414	0.48940262	-0.22615121	0.21513075	-0.37376478	0.49791434	-0.28541455	0.20979512	-0.1658834	
0	0	1441	3689.4599645076537	0.94286203	0.4255976	0.7535456	-0.33900118	0.5002053	-0.19664979	0.2348754	-0.5927266	0.47569782	-0.13056435	0.13069296	-0.2006006	
0	0	1442	3692.020311464286	0.93204165	0.42849064	0.7431872	-0.32509196	0.49365208	-0.1603926	0.2750191	-0.630247	0.43166614	0.0175369	0.12191491	-1.1672559	
0	0	1443	3694.580658420919	0.9174296	0.4258565	0.72887224	-0.32747486	0.47420314	-0.14921159	0.2972872	-0.5667151	0.363734	0.16613913	0.21144068	-1.1195618	
0	0	1444	3697.1410053775517	0.9025076	0.41645372	0.7211339	-0.3432599	0.45608553	-0.17342354	0.2987362	-0.5038144	0.26662725	0.2827588	0.23143661	-0.94195443	
0	0	1445	3699.701352334184	0.8906295	0.4007632	0.7242872	-0.36103845	0.4503353	-0.22107637	0.29448593	-0.4722165	0.15906508	0.15728715	0.22309253	-0.8133329	
0	0	1446	3702.261699290817	0.88485825	0.38076586	0.73591757	-0.36904457	0.46169883	-0.26519027	0.29608616	-0.4510971	0.1335936	-0.49548295	0.19942959	-0.6909762	
0	0	1447	3704.8220462474496	0.8876201	0.36056995	0.74785405	-0.36126235	0.48479638	-0.2747632	0.30243346	-0.40182087	0.18441829	-0.75857556	0.15431894	-0.5466815	
0	0	1448	3707.382393204082	0.8990103	0.3462584	0.7501423	-0.34330067	0.5022354	-0.24167874	0.3019372	-0.31482404	0.21812937	-0.7578035	0.06517309	-0.56573385	
0	0	1449	3709.942740160715	0.91535175	0.3430244	0.7404528	-0.33026874	0.4997234	-0.193913	0.28662163	-0.21940312	0.22998862	-0.74567586	0.13924369	-2.2115867	
0	0	1450	3712.5030871173476	0.9305629	0.35204166	0.7270477	-0.332784	0.48171324	-0.16485281	0.25907812	-0.1526999	0.23850447	-0.76882046	0.2957468	-1.625789	
0	0	1451	3715.06343407398	0.9389257	0.37030783	0.71978354	-0.34866396	0.46166044	-0.1645612	0.22717139	-0.1455726	0.25979143	-0.78180224	0.32963052	-1.1380819	
0	0	1452	3717.623781030613	0.936886	0.39204276	0.7231099	-0.36782935	0.44853154	-0.18267106	0.20063765	-0.22417746	0.29172072	-0.7069869	0.32092312	-0.7791307	
0	0	1453	3720.1841279872456	0.9245874	0.4097037	0.73560673	-0.37964806	0.44350442	-0.20072213	0.19115575	-0.38491473	0.3133853	-0.5241043	0.29742476	-0.46175548	
0	0	1454	3722.744474943878	0.90729386	0.41654822	0.75135154	-0.37799686	0.440477	-0.20659705	0.20706812	-0.5511112	0.30521896	-0.26362494	0.2589911	-0.16418266	
0	0	1455	3725.3048219005104	0.89360934	0.41135755	0.7626831	-0.36449674	0.43203592	-0.20948026	0.24505901	-0.6327184	0.26189336	0.04645263	0.20181091	0.06891036	
0	0	1456	3727.8651688571435	0.88975227	0.40049013	0.7651071	-0.34746224	0.42058575	-0.23184887	0.29266945	-0.6110611	0.1887735	0.40426767	0.13703762	0.029740518	
0	0	1457	3730.4255158137757	0.8950184	0.3929882	0.7602266	-0.33566603	0.4174088	-0.2781805	0.33386952	-0.51441	0.09690073	0.8714089	0.14086404	-0.5036638	
0	0	1458	3732.9858627704084	0.9033079	0.39300302	0.7531635	-0.3327027	0.43038687	-0.32555085	0.35529763	-0.3872502	0.025637884	2.7541082	0.24423233	-0.6045312	
0	0	1459	3735.5462097270415	0.9090783	0.3975735	0.7481441	-0.33691713	0.45778933	-0.34388888	0.35505122	-0.2688018	0.098435566	-2.0932434	0.3578741	-0.37399194	
0	0	1460	3738.106556683674	0.9118103	0.40117982	0.74684775	-0.3447754	0.48848724	-0.31760374	0.33918768	-0.17773572	0.16585827	-1.6568309	0.4335655	-0.0763455	
0	0	1461	3740.6669036403064	0.9149433	0.40156567	0.7492758	-0.35331774	0.5061234	-0.2561791	0.3132174	-0.12233464	0.21001935	-1.3094484	0.45300317	0.20888056	
0	0	1462	3743.2272505969395	0.9211523	0.40152007	0.7548572	-0.36038893	0.5007924	-0.19188608	0.28191003	-0.11731285	0.23013654	-0.9914677	0.41710308	0.44650105	
0	0	1463	3745.787597553572	0.9282449	0.4053612	0.7624937	-0.36418295	0.47969335	-0.15937127	0.2542311	-0.18512909	0.22508013	-0.696191	0.3440416	0.60765445	
0	0	1464	3748.3479445102043	0.92982405	0.4122919	0.7701879	-0.36388633	0.4601379	-0.17029487	0.24448028	-0.31663916	0.19911064	-0.45346472	0.25904393	0.6741103	
0	0	1465	3750.9082914668375	0.922893	0.41373256	0.77583146	-0.3610602	0.45470193	-0.20807698	0.25830913	-0.4305642	0.16576746	-0.2906764	0.17681192	0.64084715	
0	0	1466	3753.46863842347	0.9140619	0.40134543	0.7793063	-0.3588936	0.46557474	-0.24421729	0.28124896	-0.4658013	0.13399956	-0.20124441	0.09743173	0.4449572	
0	0	1467	3756.0289853801023	0.91419196	0.37651044	0.7828794	-0.3587784	0.48690474	-0.2577009	0.2949984	-0.4453745	0.104591034	-0.18623713	0.04563829	-0.88938135	
0	0	1468	3758.589332336735	0.9298081	0.3497529	0.7888278	-0.35834324	0.50866497	-0.24349141	0.29317814	-0.42128453	0.07825079	-0.3057497	0.15840839	-1.7796484	
0	0	1469	3761.149679293368	0.9594831	0.33464718	0.7967356	-0.3528354	0.5210303	-0.2126105	0.28320995	-0.43581864	0.06370839	-0.6848981	0.35681835	-1.6253037	
0	0	1470	3763.7100262500003	0.99212366	0.34085447	0.80218273	-0.33913553	0.5213963	-0.18570477	0.2806987	-0.494105	0.07746919	-1.140055	0.5077621	-1.1492631	
0	0	1471	3766.270373206633	1.009783	0.36554587	0.79908323	-0.32085395	0.51696223	-0.17540878	0.29566714	-0.54476905	0.116205074	-1.2873026	0.4631085	-0.7338143	
0	0	1472	3768.830720163266	1.0023994	0.39181206	0.7865867	-0.30789652	0.51498115	-0.17585133	0.32053846	-0.5302889	0.16433711	-1.1882379	0.35684183	-0.5157281	
0	0	1473	3771.3910671198983	0.9784878	0.40355322	0.7713114	-0.30690634	0.51528645	-0.17603108	0.3351894	-0.4490359	0.20126133	-0.9459259	0.25545922	-0.41245896	
0	0	1474	3773.951414076531	0.9530326	0.398328	0.7604141	-0.315529	0.513925	-0.17340489	0.3247981	-0.35310584	0.20499535	-0.68288314	0.15888053	-0.41934708	
0	0	1475	3776.511761033164	0.9340912	0.3827166	0.7565091	-0.32669798	0.50871444	-0.1735583	0.29720798	-0.31027356	0.1880964	-0.50191814	0.07773609	-0.92965573	
0	0	1476	3779.072107989796	0.9228705	0.36364534	0.7581212	-0.33407575	0.5016267	-0.18333197	0.27557814	-0.3445469	0.16878022	-0.3740876	0.122295	-1.9421772	
0	0	1477	3781.632454946429	0.91826993	0.3454696	0.76160043	-0.3347602	0.49747828	-0.20301662	0.274228	-0.4095778	0.14652935	-0.2501358	0.22804838	-1.8827244	
0	0	1478	3784.192801903062	0.91909033	0.33129355	0.7633493	-0.33010978	0.49945235	-0.22335072	0.29095256	-0.43944758	0.11591048	-0.12092028	0.2867055	-1.5503637	
0	0	1479	3786.7531488596946	0.9233242	0.32417643	0.76218265	-0.32403284	0.5054938	-0.23276506	0.31466776	-0.40289694	0.072906554	-0.04657966	0.26951265	-1.178167	
0	0	1480	3789.313495816327	0.92684895	0.32578975	0.75958526	-0.31920484	0.509649	-0.2279541	0.33106485	-0.30162802	0.029429989	-0.75558466	0.19370683	-0.82011545	
0	0	1481	3791.87384277296	0.9246995	0.33377856	0.7572959	-0.3152189	0.50707835	-0.21639554	0.3249855	-0.16014098	0.075192355	-1.745374	0.08017287	-0.5043853	
0	0	1482	3794.4341897295926	0.9149109	0.34173995	0.7552874	-0.31042516	0.49816525	-0.20978989	0.28888366	-0.03138489	0.14169033	-1.5603831	0.056714278	-2.9560375	
0	0	1483	3796.994536686225	0.90098405	0.34313047	0.75212103	-0.3048464	0.4878828	-0.21408036	0.23477077	-0.000606617	0.18756254	-1.2494509	0.18657322	-2.601483	
0	0	1484	3799.5548836428575	0.8899624	0.33624247	0.74704224	-0.30113438	0.48065722	-0.22493237	0.19419067	-0.15025325	0.20649937	-0.9377964	0.2653336	-2.1291046	
0	0	1485	3802.1152305994906	0.8873791	0.32602727	0.7417032	-0.3024746	0.4765937	-0.2345824	0.19631295	-0.38762793	0.20231313	-0.6464901	0.2617414	-1.7115567	
0	0	1486	3804.675577556123	0.8931444	0.32061797	0.7395722	-0.3093248	0.4734022	-0.24089804	0.22910851	-0.4894518	0.17943597	-0.3820062	0.20507462	-1.4874057	
0	0	1487	3807.2359245127554	0.90143186	0.32489368	0.7436414	-0.31821868	0.47035426	-0.24712205	0.2582952	-0.45482448	0.14203249	-0.17070438	0.15723169	-1.5976131	
0	0	1488	3809.7962714693886	0.9050704	0.33650768	0.7546309	-0.323223	0.46934232	-0.25499243	0.26588273	-0.3798891	0.09721298	-0.10771347	0.17221692	-1.9029444	
0	0	1489	3812.3566184260208	0.90107274	0.34790206	0.7700588	-0.3184704	0.47255716	-0.25958058	0.25433618	-0.33942786	0.06599088	-0.4952292	0.24886431	-1.9721591	
0	0	1490	3814.9169653826534	0.89254886	0.35185418	0.784003	-0.30137664	0.47852108	-0.2508998	0.23911856	-0.37723967	0.09227418	-1.0437318	0.36207917	-1.7859628	
0	0	1491	3817.4773123392865	0.8860431	0.3461504	0.78929126	-0.2763257	0.47985473	-0.22587174	0.24079567	-0.4794499	0.15486148	-1.0434281	0.4733054	-1.382352	
0	0	1492	3820.0376592959187	0.8867856	0.33468404	0.7834984	-0.2542061	0.4699811	-0.2011394	0.270224	-0.54051507	0.22080806	-0.8318243	0.46565622	-0.8426745	
0	0	1493	3822.5980062525514	0.89517033	0.32380322	0.7722274	-0.24416083	0.45378953	-0.20067766	0.30869886	-0.47056723	0.2806228	-0.5713182	0.3292156	-0.43302354	
0	0	1494	3825.1583532091845	0.9078302	0.31679788	0.7637764	-0.24637857	0.44332278	-0.22984743	0.319299	-0.30533	0.33785805	-0.29791138	0.19067787	-0.2948223	
0	0	1495	3827.7187001658167	0.92185366	0.31295133	0.7628771	-0.2540125	0.44698733	-0.27264884	0.28778887	-0.14327279	0.3991615	0.016979815	0.092298076	-0.63031805	
0	0	1496	3830.2790471224494	0.9367643	0.31102216	0.7693706	-0.2585478	0.4664828	-0.30395576	0.23060487	-0.0731531	0.44650495	0.45786175	0.09285089	-1.791991	
0	0	1497	3832.839394079082	0.952661	0.3119596	0.77874017	-0.25382435	0.49559233	-0.30170056	0.17558493	-0.20521651	0.37503448	1.0498432	0.20210275	-2.2398727	
0	0	1498	3835.399741035715	0.96713257	0.31784573	0.7836563	-0.2402648	0.5191639	-0.2635007	0.16830087	-0.5740433	0.19062123	1.4201465	0.43325916	-2.2912445	
0	0	1499	3837.9600879923473	0.9750979	0.32764265	0.7798124	-0.22649337	0.5247814	-0.21736807	0.22404432	-0.7502679	0.07720931	0.88439506	1.0051757	-1.703597	
0	0	1500	3840.52043494898	0.9740808	0.33587685	0.77094966	-0.22137883	0.51937574	-0.19479688	0.28168553	-0.64950854	0.11679029	-0.0153587265	0.7210287	-0.88187456	
0	0	1501	3843.080781905613	0.9669499	0.33836457	0.76404244	-0.2252974	0.5190137	-0.19628693	0.30305937	-0.47544837	0.19986497	-0.10424746	0.5285773	-0.84395385	
0	0	1502	3845.6411288622453	0.95705765	0.33559015	0.7625626	-0.2322613	0.5308111	-0.1976429	0.29375282	-0.32662493	0.29241908	0.031222807	0.50024676	-0.8652718	
0	0	1503	3848.201475818878	0.9444441	0.3294335	0.7654745	-0.23567192	0.5479326	-0.17372821	0.26860693	-0.23118737	0.37423167	0.33709762	0.5141663	-0.78987676	
0	0	1504	3850.761822775511	0.92709666	0.31883937	0.76834273	-0.23213139	0.5516574	-0.12284148	0.23900896	-0.2140207	0.36684456	0.755671	0.49573687	-0.5855888	
0	0	1505	3853.3221697321433	0.90567034	0.29823682	0.76594055	-0.2247088	0.5302415	-0.080565274	0.22351275	-0.30337316	0.2675024	1.0603092	0.3735539	-0.38485488	
0	0	1506	3855.882516688776	0.8879945	0.2627588	0.7578291	-0.22162195	0.49839175	-0.084728815	0.24452135	-0.39680013	0.16555992	1.1551116	0.25741026	-0.55593795	
0	0	1507	3858.442863645409	0.8848238	0.21780801	0.7495198	-0.22732964	0.47740042	-0.13418761	0.28365833	-0.35113403	0.084052436	1.009061	0.2687835	-0.8439469	
0	0	1508	3861.0032106020412	0.8998692	0.17799047	0.74624956	-0.23844469	0.47613704	-0.20250955	0.3102051	-0.21497785	0.037766278	-0.237488	0.32565776	-0.82834953	
0	0	1509	3863.563557558674	0.92753965	0.15662704	0.7493208	-0.24822894	0.49494112	-0.26124066	0.31632024	-0.047536217	0.11581444	-1.1713271	0.3635104	-0.56540924	
0	0	1510	3866.1239045153065	0.95549303	0.1598379	0.75642294	-0.25061923	0.5290491	-0.28554964	0.2990988	0.12953219	0.2505379	-1.068721	0.32382748	-0.059636656	
0	0	1511	3868.684251471939	0.9672859	0.18255484	0.7620572	-0.24325429	0.56419426	-0.26159534	0.25484666	0.2820693	0.35232025	-0.6813051	0.16802509	0.60296726	
0	0	1512	3871.244598428572	0.95370674	0.20557004	0.7604744	-0.23134239	0.57946426	-0.20557462	0.19185302	0.311095	0.3467565	-0.34700462	0.012273558	1.5757976	
0	0	1513	3873.8049453852045	0.92643714	0.20826015	0.7522217	-0.22490466	0.57024956	-0.1560705	0.14655766	0.042737275	0.30229497	-0.13725027	0.078574456	-1.6015797	
0	0	1514	3876.365292341837	0.9072332	0.18834269	0.74401796	-0.22822522	0.5514918	-0.13286299	0.16438268	-0.35413218	0.25156197	0.04081081	0.12046202	-1.1119592	
0	0	1515	3878.92563929847	0.90854377	0.16010743	0.7413715	-0.23694165	0.53573316	-0.12883899	0.22469789	-0.46814582	0.1933771	0.2536318	0.1411693	-0.5736001	
0	0	1516	3881.4859862551025	0.93090147	0.1413352	0.7451326	-0.24350017	0.52559966	-0.12857768	0.28343514	-0.3747497	0.12532161	0.54346246	0.1629945	0.028367566	
0	0	1517	3884.0463332117356	0.9652203	0.1459333	0.7518798	-0.24203652	0.5164985	-0.12122374	0.3079829	-0.20370673	0.05412123	1.017785	0.19877441	0.6258805	
0	0	1518	3886.606680168368	0.99296135	0.17642726	0.7555507	-0.23248944	0.50118923	-0.11002081	0.2895848	-0.077431984	0.02159051	-3.0376234	0.24300537	1.1837718	
0	0	1519	3889.1670271250005	0.9980184	0.21718056	0.752423	-0.22217588	0.4786148	-0.112541676	0.2592311	-0.076450184	0.05977414	-2.0362751	0.26999697	1.7598567	
0	0	1520	3891.7273740816336	0.9848896	0.24792603	0.74557275	-0.21903954	0.4567888	-0.14240256	0.24697143	-0.16574876	0.075555764	-1.5253004	0.2290708	2.4590857	
0	0	1521	3894.2877210382658	0.96937376	0.2636916	0.7412856	-0.22347087	0.445027	-0.19686882	0.25577512	-0.24828376	0.061910868	-0.98940176	0.10456986	-2.8118336	
0	0	1522	3896.8480679948984	0.960006	0.27154613	0.74287164	-0.22902331	0.44956082	-0.25976726	0.27207753	-0.26620838	0.028547294	-0.24426614	0.08721473	-0.6136866	
0	0	1523	3899.408414951531	0.95617235	0.2789504	0.7483457	-0.22824384	0.4726303	-0.3047257	0.2748871	-0.22250152	0.019573038	2.0490584	0.17163144	0.11876268	
0	0	1524	3901.9687619081637	0.95336556	0.2885328	0.7514382	-0.21881816	0.50761753	-0.30364156	0.24542116	-0.20773807	0.047620006	2.9086776	0.22527775	0.4164009	
0	0	1525	3904.5291088647964	0.94811827	0.2981125	0.74657255	-0.20744559	0.53474563	-0.25035924	0.21540573	-0.4066564	0.06914536	-2.9046414	0.24433416	0.60500115	
0	0	1526	3907.089455821429	0.9404996	0.3043589	0.735546	-0.20488954	0.53477055	-0.17642842	0.246708	-0.6731475	0.0831886	-2.436925	0.21259561	0.72719646	
0	0	1527	3909.6498027780617	0.9320638	0.30597994	0.7263634	-0.21493949	0.5104682	-0.12495421	0.3186392	-0.7511953	0.09056877	-1.8745264	0.14176841	0.27200508	
0	0	1528	3912.2101497346944	0.92354393	0.30230922	0.725563	-0.23107558	0.47952315	-0.11653942	0.40108776	-0.6919336	0.09171572	-1.1950947	0.2591831	-0.18605876	
0	0	1529	3914.770496691327	0.91636294	0.29147813	0.7337007	-0.24212255	0.45694643	-0.1474264	0.4809976	-0.53302634	0.0895847	-0.49128997	0.3523384	-0.11240294	
0	0	1530	3917.3308436479597	0.91487956	0.27268702	0.7449433	-0.23973127	0.45076513	-0.19807573	0.5251479	-0.27295983	0.08813136	0.10249248	0.41012558	-0.094037645	
0	0	1531	3919.8911906045923	0.9246838	0.25062293	0.74992305	-0.22487994	0.46154863	-0.23975004	0.47312474	0.021676458	0.08729183	0.5473408	0.48632145	-0.12782831	
0	0	1532	3922.451537561225	0.9466931	0.23562479	0.7431106	-0.20888984	0.48097122	-0.2508917	0.35670856	0.15547371	0.08422608	0.8849609	0.67482895	-0.10069837	
0	0	1533	3925.0118845178577	0.97311234	0.23613413	0.7284963	-0.20426911	0.49681264	-0.2332934	0.2825855	0.049051482	0.074827455	1.1708925	0.8808565	0.52319366	
0	0	1534	3927.5722314744903	0.9912975	0.2506966	0.71522754	-0.21414697	0.5025809	-0.20357051	0.27462083	-0.10989596	0.053044666	1.4482493	0.47348505	0.82484984	
0	0	1535	3930.132578431123	0.99360067	0.26828635	0.709612	-0.23187585	0.49871162	-0.17510736	0.29536185	-0.1523309	0.0109331785	1.5552905	0.3327363	0.63361764	
0	0	1536	3932.692925387756	0.98396623	0.27676183	0.7121871	-0.24768852	0.48732063	-0.15465619	0.30738991	-0.08534012	0.055480357	-0.7875236	0.28234506	0.43610007	
0	0	1537	3935.2532723443883	0.9740507	0.2721954	0.7189471	-0.25505015	0.47023368	-0.14875168	0.28978062	0.013878493	0.12029803	-0.35601377	0.25263178	0.27539355	
0	0	1538	3937.813619301021	0.9734328	0.26131108	0.7244514	-0.2538081	0.45161024	-0.16648623	0.24968205	0.04310387	0.15175596	0.0018734544	0.22480802	0.14000194	
0	0	1539	3940.3739662576536	0.9824889	0.25593784	0.7255062	-0.2489417	0.43958122	-0.21017338	0.21765092	-0.05773242	0.1513147	0.20055446	0.18822624	0.006796181	
0	0	1540	3942.9343132142862	0.9916769	0.26307875	0.72282493	-0.24582449	0.44084722	-0.26430058	0.21483287	-0.21812499	0.13587222	0.20591913	0.1338288	-0.23662157	
0	0	1541	3945.494660170919	0.9896328	0.27748668	0.7191633	-0.24636964	0.45470655	-0.30612394	0.23573945	-0.30937433	0.12947005	-0.024325669	0.101347834	-1.1640542	
0	0	1542	3948.0550071275516	0.9756708	0.28626943	0.7165089	-0.24926497	0.47505218	-0.322954	0.26013187	-0.2883341	0.16285104	-0.2990937	0.24865332	-1.8275645	
0	0	1543	3950.615354084184	0.9604077	0.2825195	0.7151607	-0.2525777	0.494316	-0.31409046	0.262538	-0.18910372	0.23023294	-0.33698323	0.54408866	-1.6429355	
0	0	1544	3953.175701040817	0.9542013	0.270913	0.71464986	-0.25546643	0.5054144	-0.28785938	0.22818723	-0.13058648	0.2923063	-0.19417807	0.7767423	-1.06315	
0	0	1545	3955.7360479974495	0.959471	0.2621326	0.7147718	-0.2578343	0.5050359	-0.25958207	0.1910205	-0.28316724	0.3177347	0.010839168	0.66618174	-0.53937715	
0	0	1546	3958.296394954082	0.96999764	0.26493347	0.71556365	-0.25923526	0.49665397	-0.2438248	0.19973245	-0.5575029	0.29907852	0.2128514	0.4811057	-0.2619113	
0	0	1547	3960.856741910715	0.9744984	0.2793045	0.71659154	-0.2588151	0.4875801	-0.24486338	0.24783707	-0.69455457	0.24276097	0.37465796	0.3339514	-0.11085164	
0	0	1548	3963.4170888673475	0.9659152	0.29473868	0.716712	-0.25646684	0.48323354	-0.25600848	0.30996257	-0.6758914	0.16162874	0.39568633	0.21385407	-0.025960494	
0	0	1549	3965.9774358239797	0.9494105	0.29884985	0.71494514	-0.25370482	0.48462346	-0.26611403	0.36553335	-0.54241145	0.10648971	-0.12842041	0.10790581	-0.10388984	
0	0	1550	3968.537782780613	0.93744737	0.2888182	0.7116189	-0.25287142	0.48863468	-0.26701868	0.3831637	-0.33721483	0.16367692	-0.6216195	0.065801986	-1.2178082	
0	0	1551	3971.0981297372455	0.9389388	0.27279428	0.70842683	-0.25504833	0.4905279	-0.25960183	0.34644586	-0.16384462	0.2436548	-0.49650058	0.1458325	-1.5075537	
0	0	1552	3973.6584766938777	0.9541224	0.26310417	0.706995	-0.25878564	0.48861885	-0.252321	0.2935551	-0.118984155	0.28596464	-0.19221167	0.18178256	-1.1646364	
0	0	1553	3976.218823650511	0.9747914	0.268267	0.707289	-0.26130018	0.48573565	-0.25122255	0.2621753	-0.1804469	0.28146568	0.17072241	0.14692438	-0.8404262	
0	0	1554	3978.7791706071434	0.98862594	0.28733298	0.70754844	-0.2611887	0.48547044	-0.25395468	0.25574836	-0.25698128	0.23405406	0.5542614	0.08203652	-0.72709596	
0	0	1555	3981.339517563776	0.98748523	0.31015757	0.7059479	-0.25999692	0.4885669	-0.2529072	0.26122954	-0.28462616	0.15672988	0.88817906	0.03667463	-1.7846841	
0	0	1556	3983.8998645204088	0.9735268	0.32453835	0.7025337	-0.26102567	0.49187866	-0.24225011	0.26151708	-0.2585124	0.08062274	0.90468717	0.10770755	-2.5343063	
0	0	1557	3986.4602114770414	0.95648324	0.32428268	0.6995571	-0.2661919	0.49042997	-0.22553198	0.24623974	-0.23569481	0.06852631	0.26200292	0.21657161	-2.4423685	
0	0	1558	3989.020558433674	0.94607294	0.31209594	0.69967264	-0.2737364	0.48347518	-0.21588087	0.22745453	-0.2810892	0.104039334	0.24080513	0.36113086	-2.2250998	
0	0	1559	3991.5809053903067	0.9458413	0.2966909	0.7035145	-0.279094	0.47747874	-0.22157434	0.22070466	-0.37694678	0.12104044	0.58998257	0.5760513	-1.9013997	
0	0	1560	3994.1412523469394	0.9515351	0.28538194	0.7087727	-0.2785051	0.4793624	-0.23392004	0.2271009	-0.4769686	0.10478182	1.0294181	0.8526625	-1.3027703	
0	0	1561	3996.701599303572	0.9561405	0.27753526	0.7117133	-0.27234322	0.48929936	-0.2348367	0.24558938	-0.563433	0.061994303	1.450668	0.71233374	-0.5421848	
0	0	1562	3999.2619462602047	0.9580362	0.26646793	0.71015257	-0.2650653	0.49973938	-0.21271542	0.28087908	-0.6195653	0.009778404	1.6394874	0.4373361	-0.3309817	
0	0	1563	4001.8222932168374	0.9633582	0.24787755	0.70520514	-0.2618017	0.49967372	-0.1742483	0.3383811	-0.5983558	0.040604755	-0.9038263	0.34014526	-0.47159398	
0	0	1564	4004.38264017347	0.9809608	0.2261822	0.70025975	-0.26460874	0.48487756	-0.14533378	0.40133452	-0.45113584	0.083542675	-0.6626772	0.34620652	-0.63666564	
0	0	1565	4006.942987130102	1.0143294	0.2148712	0.6983879	-0.2713816	0.46578538	-0.15112512	0.422166	-0.2197628	0.116488285	-0.43789256	0.40174392	-0.6942099	
0	0	1566	4009.5033340867353	1.0523455	0.22854356	0.70043683	-0.27780804	0.45884228	-0.1878586	0.38665953	-0.016253453	0.13511789	-0.25564352	0.48331764	-0.635015	
0	0	1567	4012.063681043368	1.068878	0.26583204	0.704921	-0.2804766	0.4712218	-0.2227555	0.32579857	0.09021429	0.13893068	-0.17649963	0.56901646	-0.45762467	
0	0	1568	4014.624028	1.0477941	0.30201146	0.70943487	-0.2788398	0.49608302	-0.22407642	0.27096227	0.06834582	0.14425775	-0.25074726	0.6073266	-0.17235242	
0	0	1569	4017.1843749566333	1.0040796	0.31142306	0.71240395	-0.27477998	0.5174465	-0.18540542	0.24484213	-0.05840561	0.17109612	-0.3629582	0.5474536	0.14269245	
0	0	1570	4019.744721913266	0.9643524	0.28925404	0.71384025	-0.2704991	0.5207676	-0.12825528	0.24810919	-0.18038933	0.21865728	-0.38843745	0.42193797	0.38591668	
0	0	1571	4022.305068869898	0.9444108	0.24774732	0.71457464	-0.26688233	0.50565153	-0.08683134	0.26123437	-0.23675123	0.27991322	-0.31387562	0.28638592	0.5066302	
0	0	1572	4024.8654158265313	0.9466757	0.20426545	0.7151289	-0.26364976	0.48662734	-0.08173496	0.26874006	-0.25439748	0.34335178	-0.12920472	0.17100595	0.35537118	
0	0	1573	4027.425762783164	0.96382535	0.17172514	0.71543026	-0.26056567	0.47918478	-0.10332041	0.2665789	-0.2822946	0.37128413	0.16520117	0.147958	-0.22025484	
0	0	1574	4029.9861097397966	0.98508245	0.15239254	0.7154082	-0.25799948	0.4876322	-0.12027712	0.264763	-0.36998755	0.326745	0.48193553	0.18658046	-0.42068008	
0	0	1575	4032.5464566964292	1.0051556	0.14063254	0.71547157	-0.25631908	0.5022034	-0.106748566	0.2911732	-0.48279867	0.23724534	0.72717553	0.1998447	-0.43151063	
0	0	1576	4035.106803653062	1.0264663	0.13323742	0.7161901	-0.25501475	0.50572556	-0.0667142	0.3395874	-0.47385103	0.13749425	0.8898429	0.19128968	-0.4612523	
0	0	1577	4037.6671506096945	1.0510957	0.13440755	0.71745735	-0.25286737	0.49055895	-0.03316638	0.36553308	-0.3815185	0.03750789	0.77062804	0.16948111	-0.56806856	
0	0	1578	4040.2274975663267	1.07254	0.14997607	0.7182251	-0.24933454	0.46805143	-0.035799608	0.3647816	-0.2936407	0.06917136	-1.4948343	0.13928832	-0.91948324	
0	0	1579	4042.78784452296	1.0770476	0.17686361	0.7174343	-0.24561372	0.4544487	-0.07261443	0.34915206	-0.23144266	0.15674634	-1.3975381	0.21196544	-1.8082498	
0	0	1580	4045.3481914795925	1.0581316	0.19929287	0.7152675	-0.24394953	0.45610377	-0.117834814	0.3257711	-0.19772696	0.21654685	-1.2089686	0.73923874	-1.5075576	
0	0	1581	4047.9085384362247	1.0290798	0.2013959	0.71338445	-0.24557191	0.46883753	-0.14748341	0.29983315	-0.19944632	0.24177723	-1.0450286	0.72287965	-0.7267229	
0	0	1582	4050.468885392858	1.0119275	0.18499815	0.7136463	-0.24911916	0.48357987	-0.15472896	0.27958536	-0.24201125	0.243352	-0.9489818	0.6225997	-0.5529863	
0	0	1583	4053.0292323494905	1.01555	0.16957435	0.716331	-0.25145268	0.4930432	-0.14964452	0.2731581	-0.29420918	0.2445638	-0.92034847	0.6130165	-0.50394005	
0	0	1584	4055.5895793061227	1.0274036	0.17267995	0.71967226	-0.25044724	0.4972935	-0.14691356	0.27335244	-0.30574313	0.2623931	-0.87274426	0.66483796	-0.46998107	
0	0	1585	4058.149926262756	1.0260426	0.19170207	0.7214343	-0.24714564	0.5016839	-0.14984082	0.26833925	-0.2848906	0.28512764	-0.71414006	0.80906475	-0.38836166	
0	0	1586	4060.7102732193885	1.0040699	0.2075212	0.72120196	-0.24479142	0.5084288	-0.14977731	0.25785068	-0.25341776	0.28889552	-0.4494922	1.1931273	-0.022484131	
0	0	1587	4063.2706201760207	0.97461545	0.20468819	0.72095263	-0.24543197	0.5137761	-0.14034554	0.24369968	-0.2103569	0.26344287	-0.109038986	0.81840813	1.212157	
0	0	1588	4065.8309671326538	0.95645756	0.18486215	0.7231354	-0.2474623	0.51247853	-0.12559879	0.22390306	-0.14718151	0.2070215	0.3150347	0.14979179	1.2772357	
0	0	1589	4068.3913140892864	0.9579425	0.16519567	0.7280197	-0.24665141	0.5027324	-0.11757454	0.19297795	-0.064804964	0.11723714	0.9062323	0.12148563	-0.69758964	
0	0	1590	4070.9516610459186	0.96858525	0.16354692	0.7328047	-0.24009976	0.48866844	-0.12972184	0.14475487	-0.013469366	0.03443481	3.003851	0.24806266	-1.041539	
0	0	1591	4073.5120080025513	0.9668553	0.1773902	0.73368293	-0.22972554	0.47964728	-0.16680753	0.09147282	-0.27343622	0.13382038	-1.6974046	0.38680342	-1.177848	
0	0	1592	4076.0723549591844	0.9467623	0.1843115	0.7296372	-0.22144584	0.4846344	-0.2148208	0.10223051	-0.9327573	0.21948817	-1.1312346	0.60853606	-1.2144513	
0	0	1593	4078.6327019158166	0.9253663	0.16921093	0.7238985	-0.2199785	0.5043867	-0.24795385	0.15621905	-1.0464895	0.27297366	-0.72196484	1.002044	-0.9975809	
0	0	1594	4081.1930488724493	0.9224406	0.13870007	0.7211496	-0.22439052	0.5310544	-0.2503321	0.2002577	-0.94512194	0.30293348	-0.3974998	1.1973839	-0.42696834	
0	0	1595	4083.7533958290824	0.9458391	0.11463747	0.7234745	-0.22897002	0.55434245	-0.22205487	0.23184998	-0.7930755	0.3104572	-0.13258697	0.9221876	-0.056690626	
0	0	1596	4086.313742785715	0.9848538	0.12053454	0.728819	-0.22810216	0.56491476	-0.17227589	0.25034592	-0.5947948	0.29333624	0.042308647	0.693398	0.07745474	
0	0	1597	4088.874089742347	1.0090107	0.16102254	0.7327212	-0.22091764	0.55636346	-0.11785844	0.23932259	-0.35509616	0.27842474	0.06700542	0.499672	0.20686553	
0	0	1598	4091.4344366989803	0.993253	0.2088128	0.73213017	-0.21196312	0.5307704	-0.08273455	0.19159569	-0.19642206	0.29543048	0.05155456	0.028756915	0.8482833	
0	0	1599	4093.994783655613	0.9499927	0.22908647	0.72817194	-0.20694111	0.50127447	-0.085448876	0.14435437	-0.27097768	0.32200202	0.09661938	0.7501343	-1.011719	
0	0	1600	4096.555130612245	0.911053	0.21290176	0.7246711	-0.20736043	0.48361492	-0.12187205	0.12566066	-0.5648931	0.33640727	0.17982125	0.70787627	-0.64461553	
0	0	1601	4099.115477568878	0.8958846	0.17615502	0.7240896	-0.20986731	0.48514014	-0.16422644	0.1432134	-0.9063816	0.32797197	0.2755132	0.6651305	-0.5521048	
0	0	1602	4101.6758245255105	0.9058575	0.1418436	0.72548467	-0.21051124	0.5007208	-0.18152632	0.20252989	-1.0891038	0.28751037	0.35178477	0.6404129	-0.50422287	
0	0	1603	4104.236171482144	0.9295751	0.12483864	0.7261453	-0.2090009	0.5159805	-0.16387145	0.29891768	-1.0106328	0.21716638	0.29415578	0.6225798	-0.4470187	
0	0	1604	4106.796518438776	0.9524597	0.12427831	0.72492135	-0.20876834	0.51834327	-0.1290974	0.36910173	-0.7192569	0.17698254	-0.1433773	0.59539896	-0.3487178	
0	0	1605	4109.356865395409	0.96848184	0.12964836	0.72388583	-0.21293966	0.5085007	-0.104073405	0.35274032	-0.45566946	0.23818289	-0.5166743	0.5194354	-0.20106328	
0	0	1606	4111.917212352041	0.98174036	0.13459443	0.72656506	-0.22028723	0.4971877	-0.10010749	0.3027446	-0.35352492	0.3213664	-0.51683193	0.3712473	-0.19269869	
0	0	1607	4114.477559308674	0.9964519	0.14181578	0.7343517	-0.22528096	0.49319106	-0.10739582	0.2601467	-0.401223	0.3655311	-0.36699232	0.3523386	-0.5589613	
0	0	1608	4117.037906265306	1.0093132	0.15615329	0.7445932	-0.22270449	0.49634516	-0.10679549	0.24236295	-0.58761346	0.32970005	-0.1593561	0.4974601	-0.5841152	
0	0	1609	4119.59825322194	1.0121845	0.17555657	0.7523095	-0.21241625	0.49711603	-0.0901774	0.27840948	-0.830593	0.20465511	-0.29230443	0.67297626	-0.2353358	
0	0	1610	4122.158600178572	1.0021586	0.19005589	0.7543404	-0.19955838	0.487284	-0.07708747	0.39092755	-0.8804675	0.2681966	-0.8704821	0.7086998	0.4614264	
0	0	1611	4124.718947135205	0.98740315	0.19061993	0.7517891	-0.18997592	0.47558168	-0.09426828	0.4997437	-0.6408964	0.3883998	-0.78976583	0.4636021	1.2008122	
0	0	1612	4127.279294091837	0.98090345	0.17902546	0.7483765	-0.18551885	0.47886005	-0.13372049	0.4906957	-0.3659346	0.45897076	-0.5833851	0.25148052	1.8133469	
0	0	1613	4129.83964104847	0.9885985	0.16810198	0.7467665	-0.18354917	0.50216216	-0.15808181	0.4282466	-0.2246059	0.48975757	-0.316137	0.15531278	2.6143813	
0	0	1614	4132.399988005102	1.0029576	0.17084526	0.74653405	-0.18042368	0.5342467	-0.13686246	0.3737247	-0.19158259	0.4596578	0.042721953	0.17727806	-2.7632308	
0	0	1615	4134.9603349617355	1.0081667	0.18788373	0.745358	-0.1753474	0.5516193	-0.07018951	0.34157377	-0.21651238	0.3265988	0.45202	0.28947178	-2.188086	
0	0	1616	4137.520681918368	0.99449223	0.20629548	0.74190867	-0.17079902	0.5344213	0.0026573248	0.32989654	-0.23255602	0.14666268	0.5869046	0.47401384	-1.6667058	
0	0	1617	4140.081028875001	0.9669193	0.21095553	0.73729396	-0.16957305	0.49103066	0.022140991	0.31517315	-0.19313662	0.087665506	-0.41570446	0.5686628	-0.98983055	
0	0	1618	4142.641375831633	0.93936133	0.1954421	0.73394793	-0.1719299	0.45483378	-0.04548738	0.27787983	-0.15460874	0.15722653	-0.7761407	0.4329512	-0.5797027	
0	0	1619	4145.201722788266	0.92435294	0.16462958	0.733438	-0.17527892	0.45810056	-0.16796927	0.23148146	-0.20549394	0.21698646	-0.6890525	0.3215673	-0.590908	
0	0	1620	4147.762069744898	0.9272903	0.13107122	0.73517895	-0.17638493	0.5109824	-0.2513569	0.2006251	-0.38890404	0.25592443	-0.5124796	0.29137915	-0.8545772	
0	0	1621	4150.322416701531	0.9445463	0.108135216	0.7369981	-0.17406738	0.58495694	-0.2250758	0.20445222	-0.628108	0.26975256	-0.30351534	0.3500658	-1.1662763	
0	0	1622	4152.882763658164	0.96507084	0.10196271	0.7371065	-0.16995946	0.620583	-0.1173009	0.23748904	-0.75903106	0.25462675	-0.117684126	0.52496415	-1.3429872	
0	0	1623	4155.443110614797	0.97735107	0.107523546	0.73544854	-0.16665505	0.5936887	-0.02557736	0.27346373	-0.7579024	0.22376883	-0.031551633	0.8960111	-1.2812129	
0	0	1624	4158.003457571429	0.9780267	0.1134445	0.7333215	-0.1655646	0.5425454	-0.015915211	0.29338533	-0.70149946	0.20189823	-0.0749171	1.4792631	-0.8239531	
0	0	1625	4160.563804528061	0.9731714	0.1114436	0.732105	-0.16631621	0.50930417	-0.088431604	0.29858696	-0.6584448	0.20385346	-0.18875226	1.5050778	-0.111656375	
0	0	1626	4163.124151484694	0.97178197	0.10133493	0.73235923	-0.16755562	0.5164337	-0.19813032	0.30475166	-0.64633507	0.23299022	-0.26709226	1.0949522	0.35664672	
0	0	1627	4165.684498441327	0.97927046	0.08960744	0.7338679	-0.16815814	0.5683433	-0.27325198	0.32270476	-0.6258634	0.2731517	-0.22152922	0.74353	0.68447304	
0	0	1628	4168.24484539796	0.99437493	0.08458298	0.7362073	-0.16766159	0.64067256	-0.26020557	0.34734517	-0.5560317	0.28964794	-0.13610776	0.44603023	0.9947196	
0	0	1629	4170.805192354593	1.0095246	0.090419024	0.73913246	-0.16580895	0.68311787	-0.17980821	0.36624947	-0.42983404	0.29488686	-0.10400931	0.2016446	1.3951769	
0	0	1630	4173.365539311225	1.0162593	0.10304278	0.7423187	-0.16207838	0.6777072	-0.10687403	0.36612603	-0.25456336	0.30145273	-0.0977743	0.07340777	2.8633187	
0	0	1631	4175.925886267857	1.0129678	0.11334305	0.7449094	-0.15602015	0.6566398	-0.078836195	0.33026394	-0.051935125	0.3073757	-0.09488017	0.17718026	-2.2977538	
0	0	1632	4178.48623322449	1.0061141	0.11534549	0.74564105	-0.14819533	0.64712834	-0.0768389	0.2530755	0.07756604	0.3087368	-0.089830816	0.2955932	-2.0244594	
0	0	1633	4181.046580181123	1.0034528	0.1108193	0.74372536	-0.14056285	0.65011996	-0.06637886	0.18453564	-0.0776632	0.30246267	-0.08382701	0.40045077	-1.7904229	
0	0	1634	4183.6069271377555	1.0073174	0.10650728	0.73976004	-0.13544184	0.6477118	-0.032142732	0.18238607	-0.39165425	0.2866245	-0.08123141	0.4208286	-1.4103724	
0	0	1635	4186.167274094389	1.0132511	0.10731599	0.73536646	-0.13378137	0.62368166	0.0054294206	0.2128037	-0.5274586	0.25986013	-0.09176747	0.24406339	-1.2968223	
0	0	1636	4188.727621051021	1.0152286	0.11138275	0.73192763	-0.13477038	0.585412	0.013040037	0.23976618	-0.55209	0.22210054	-0.15433569	0.21557562	-1.9060314	
0	0	1637	4191.287968007654	1.0126247	0.11288102	0.72983825	-0.13686219	0.55273354	-0.01776471	0.2566616	-0.5592677	0.19565164	-0.3675737	0.28639475	-2.1422372	
0	0	1638	4193.848314964286	1.010374	0.10913869	0.72867185	-0.13902387	0.53664386	-0.06991867	0.26991004	-0.5988738	0.21287443	-0.53225315	0.35644963	-2.1813006	
0	0	1639	4196.408661920919	1.012886	0.10348392	0.72786874	-0.14120023	0.5371291	-0.12074876	0.29775766	-0.6658668	0.22255749	-0.5335869	0.4264823	-2.1222425	
0	0	1640	4198.9690088775515	1.0188788	0.10149648	0.72738147	-0.14386433	0.5481871	-0.15500979	0.3473524	-0.6759846	0.21604896	-0.51207566	0.4777658	-1.9251763	
0	0	1641	4201.529355834184	1.0221274	0.1043226	0.7276399	-0.14706387	0.561919	-0.16970564	0.39322898	-0.6074627	0.20289236	-0.4873863	0.44000846	-1.6644232	
0	0	1642	4204.089702790817	1.0187938	0.10592122	0.7289701	-0.1500841	0.5730659	-0.17146851	0.41556686	-0.5156868	0.18574554	-0.44726822	0.37181547	-1.4826429	
0	0	1643	4206.65004974745	1.0142329	0.09954816	0.7311442	-0.15199322	0.58078027	-0.16716304	0.4137166	-0.44353613	0.16257782	-0.3765952	0.31727412	-1.2526073	
0	0	1644	4209.210396704082	1.0190052	0.08778709	0.73351717	-0.15237476	0.5852814	-0.15954992	0.3964844	-0.41997525	0.12740242	-0.2744505	0.25617364	-0.8429419	
0	0	1645	4211.770743660715	1.0369842	0.08377318	0.73548764	-0.15156415	0.5858908	-0.15169822	0.38134918	-0.4648333	0.07618604	-0.26234716	0.18684824	-0.15064779	
0	0	1646	4214.331090617347	1.0568956	0.100367114	0.7368892	-0.15019818	0.58366853	-0.14991808	0.39243278	-0.55679893	0.044128846	-1.0568396	0.14604367	0.78604764	
0	0	1647	4216.89143757398	1.0566854	0.13541175	0.7378835	-0.14861502	0.5845708	-0.15757418	0.44330692	-0.609131	0.07821933	-1.5917847	0.1386766	1.5421305	
0	0	1648	4219.451784530613	1.023968	0.16795278	0.7385482	-0.14674863	0.59526676	-0.16306065	0.5125383	-0.5449214	0.11264887	-1.5486063	0.1241874	1.9436888	
0	0	1649	4222.012131487246	0.971871	0.17386535	0.7386308	-0.14467554	0.61072135	-0.14587945	0.5459432	-0.38291597	0.13568078	-1.4118861	0.088778846	2.0100763	
0	0	1650	4224.572478443878	0.9274799	0.1464864	0.7379886	-0.14313827	0.6140501	-0.10613632	0.5159158	-0.21696465	0.15021142	-1.2412801	0.061953478	1.2769728	
0	0	1651	4227.132825400511	0.9091675	0.10211428	0.7371862	-0.14312328	0.5960152	-0.07079446	0.4543691	-0.11391407	0.15810968	-1.0370507	0.13493572	0.6416644	
0	0	1652	4229.693172357143	0.91540843	0.06668935	0.73755074	-0.14469115	0.5660973	-0.06988358	0.39497203	-0.072496794	0.15910272	-0.787533	0.24751349	0.7687465	
0	0	1653	4232.253519313776	0.9278682	0.05436704	0.74032116	-0.14600784	0.5446193	-0.11422765	0.34580544	-0.063635446	0.14949125	-0.4790941	0.29700652	1.0649672	
0	0	1654	4234.813866270409	0.92636305	0.056278493	0.74523544	-0.14380291	0.5503545	-0.1829076	0.30011147	-0.06867109	0.12173792	-0.12877022	0.24212265	1.2087445	
0	0	1655	4237.374213227042	0.90773934	0.04908514	0.749681	-0.13574985	0.5895948	-0.22728245	0.24908818	-0.116942234	0.07725328	0.10515039	0.16236699	0.86085707	
0	0	1656	4239.934560183674	0.8902885	0.017020402	0.75000197	-0.12327382	0.64524794	-0.20326841	0.2062485	-0.33005807	0.045833603	-0.20018922	0.19980605	0.03410316	
0	0	1657	4242.494907140306	0.8967956	-0.030573653	0.7443864	-0.111503705	0.67501146	-0.11350427	0.22476853	-0.6538852	0.05504004	-0.72989106	0.3794767	-0.30838537	
0	0	1658	4245.055254096939	0.9341417	-0.06507623	0.73456466	-0.10608233	0.6485351	-0.021252973	0.29454824	-0.73432326	0.08255069	-0.86960465	0.68719625	-0.36664376	
0	0	1659	4247.615601053572	0.98698187	-0.06339338	0.7248084	-0.109529495	0.59175783	0.0032914367	0.3601525	-0.6291951	0.12298182	-0.85886866	1.3727291	-0.1920275	
0	0	1660	4250.175948010205	1.0263637	-0.025024509	0.7193632	-0.119748905	0.5520244	-0.05031222	0.40135592	-0.4501478	0.18420981	-0.7248711	1.9713949	1.2627115	
0	0	1661	4252.736294966838	1.0285834	0.028127296	0.72020566	-0.13112031	0.5528107	-0.13233356	0.41254133	-0.23658678	0.2562288	-0.4504385	0.27173424	1.5737917	
0	0	1662	4255.29664192347	0.99581903	0.06560019	0.72602874	-0.13765882	0.5890862	-0.17754027	0.3908067	-0.010801799	0.30192515	-0.10961726	0.31856647	-0.39262283	
0	0	1663	4257.856988880102	0.95384496	0.071320005	0.73304605	-0.13649873	0.6326394	-0.15263452	0.34010816	0.19802353	0.30276477	0.1897863	0.6034491	-0.490434	
0	0	1664	4260.417335836735	0.92460585	0.05333544	0.7373046	-0.12926826	0.64363146	-0.07987982	0.27432907	0.35581124	0.27329373	0.4015018	0.81530493	-0.41898292	
0	0	1665	4262.977682793368	0.9110822	0.028020842	0.7369815	-0.12037797	0.60930055	-0.027208617	0.20873712	0.4374936	0.2308789	0.5160005	0.95111674	-0.2716876	
0	0	1666	4265.5380297500005	0.9066095	0.0020894576	0.7328941	-0.114076264	0.5642651	-0.0461019	0.14974588	0.418099	0.1883375	0.51635224	0.96364254	-0.058414634	
0	0	1667	4268.098376706633	0.9090057	-0.027706679	0.7273779	-0.11244396	0.54647833	-0.121050805	0.09969367	0.17704137	0.15878867	0.38033658	0.81146115	0.16785344	
0	0	1668	4270.658723663266	0.9255504	-0.06206733	0.7228295	-0.1151797	0.56555575	-0.19385108	0.09017845	-0.53402597	0.15610489	0.16334097	0.5732251	0.29104382	
0	0	1669	4273.219070619898	0.9644806	-0.08826722	0.7207933	-0.12017844	0.6073372	-0.21844926	0.16032353	-0.9241946	0.18353336	0.046377912	0.37858334	0.24127775	
0	0	1670	4275.779417576531	1.019682	-0.087239064	0.7215179	-0.1245869	0.6444101	-0.18749984	0.2629588	-0.82240194	0.22529295	0.15843824	0.25698698	0.059961263	
0	0	1671	4278.339764533164	1.0679327	-0.05361698	0.72388124	-0.12597999	0.65120435	-0.13310684	0.3425131	-0.55112565	0.2351085	0.5137724	0.17741916	-0.19615914	
0	0	1672	4280.9001114897965	1.0855198	-0.002622596	0.72580254	-0.123565234	0.6306427	-0.10395934	0.36598307	-0.27154833	0.17013438	0.89327526	0.11680309	-0.5985521	
0	0	1673	4283.46045844643	1.0675666	0.040343907	0.725192	-0.11892548	0.61074567	-0.116192736	0.34172875	-0.058481805	0.09848549	0.96190375	0.09266834	-1.4311172	
0	0	1674	4286.020805403062	1.032495	0.054984283	0.721446	-0.11569647	0.6078767	-0.14415024	0.2906021	0.056334518	0.067621015	0.7112949	0.15828758	-2.0790882	
0	0	1675	4288.581152359694	1.0097085	0.03957658	0.7164555	-0.11733507	0.61706334	-0.16071804	0.23154138	0.008324363	0.06219655	0.5649364	0.2543366	-2.0471451	
0	0	1676	4291.141499316327	1.0194281	0.018142706	0.713795	-0.12400204	0.6259266	-0.16081594	0.20905054	-0.3073616	0.054918967	0.742656	0.25951254	-1.9042689	
0	0	1677	4293.70184627296	1.050201	0.02646283	0.71606964	-0.13134366	0.6267174	-0.15774731	0.2817468	-0.5379161	0.036328565	1.4366206	0.22872953	-2.0208087	
0	0	1678	4296.262193229592	1.0569493	0.07030085	0.7224486	-0.13305417	0.6244162	-0.16998312	0.36645406	-0.38655356	0.044718485	-3.1094136	0.22978054	-2.3044095	
0	0	1679	4298.8225401862255	1.0139025	0.1093053	0.7283444	-0.12571588	0.63621145	-0.19497803	0.35906187	-0.15163271	0.10340671	-2.1503177	0.28568053	-2.6068425	
0	0	1680	4301.382887142859	0.9489794	0.104911886	0.72822	-0.11260247	0.6673024	-0.19708055	0.28798452	-0.04872441	0.15614437	-1.540235	0.48554114	-2.799488	
0	0	1681	4303.94323409949	0.90087724	0.053457484	0.72048783	-0.10262524	0.6958996	-0.15722658	0.21638437	-0.18656805	0.18013594	-1.0807407	1.4375172	-1.9404703	
0	0	1682	4306.503581056123	0.8915249	-0.025561783	0.7097447	-0.103443265	0.7010525	-0.095103145	0.1982891	-0.56240904	0.1785446	-0.74320805	0.45558563	-0.93964314	
0	0	1683	4309.063928012755	0.93214107	-0.10114349	0.70315826	-0.114961974	0.67993915	-0.037746016	0.24326159	-0.8341957	0.15898642	-0.52120167	0.24398349	-1.0118952	
0	0	1684	4311.624274969388	1.0233504	-0.13135593	0.70510674	-0.12955353	0.6414082	-0.0056531625	0.3057872	-0.88822013	0.1293301	-0.4731499	0.18298532	-1.0626329	
0	0	1685	4314.1846219260215	1.1246835	-0.07786852	0.71477413	-0.13747446	0.6007533	-0.012518018	0.35258737	-0.8344505	0.114316165	-0.7350783	0.17103793	-0.97776914	
0	0	1686	4316.744968882654	1.141813	0.03166875	0.72663546	-0.13291296	0.5758461	-0.05354651	0.37017384	-0.7535945	0.15260838	-1.0116011	0.20121372	-0.78072524	
0	0	1687	4319.305315839286	1.0659131	0.10144821	0.73354363	-0.1180375	0.5728936	-0.097631186	0.3634016	-0.71119153	0.21620688	-0.9788937	0.29481712	-0.55528957	
0	0	1688	4321.865662795919	0.98710424	0.09857271	0.7321092	-0.10178485	0.5800912	-0.12169099	0.36611935	-0.7340164	0.26428166	-0.85920763	0.51474166	-0.27927157	
0	0	1689	4324.426009752551	0.9498839	0.05903389	0.7254279	-0.09254259	0.58558077	-0.13185829	0.402364	-0.7141873	0.3004159	-0.79519707	0.96469486	0.39607516	
0	0	1690	4326.986356709184	0.95096594	0.023860812	0.719598	-0.0917361	0.5880823	-0.14215846	0.4406731	-0.5784732	0.35763943	-0.786111	0.692954	1.4542967	
0	0	1691	4329.546703665817	0.967945	0.016574906	0.7184612	-0.09421056	0.5930517	-0.15889594	0.44864145	-0.3565818	0.47117388	-0.7051179	0.26633775	1.7917138	
0	0	1692	4332.10705062245	0.9715691	0.03462051	0.72142714	-0.09323999	0.6071104	-0.17575414	0.40864643	-0.07806904	0.59809047	-0.4175934	0.018320957	0.086739786	
0	0	1693	4334.667397579082	0.9480965	0.05112324	0.72450036	-0.08556796	0.6299735	-0.17648235	0.31357262	0.20763522	0.59417427	-0.045782804	0.31586114	-0.95338666	
0	0	1694	4337.227744535715	0.91430086	0.04091998	0.723437	-0.07363794	0.650869	-0.15535133	0.1902577	0.3576583	0.49430287	0.20600262	1.1655353	-0.5216227	
0	0	1695	4339.788091492347	0.8967681	0.005799271	0.71705234	-0.06343665	0.66223174	-0.12449667	0.10257505	0.012923761	0.389805	0.33729523	0.9812386	1.4578559	
0	0	1696	4342.34843844898	0.9057871	-0.030017778	0.7078804	-0.059915982	0.6654586	-0.09366123	0.111823075	-0.6772782	0.29724634	0.3895239	0.30963722	2.009277	
0	0	1697	4344.908785405613	0.92955977	-0.04540165	0.6999137	-0.06388911	0.6622792	-0.064484835	0.16343595	-0.87211144	0.21193145	0.35540053	0.12511161	2.9122097	
0	0	1698	4347.469132362246	0.9483644	-0.041759975	0.69606316	-0.07223547	0.6511195	-0.039649837	0.21830912	-0.87447226	0.13724338	0.08741636	0.16538793	-2.2197013	
0	0	1699	4350.029479318878	0.9551778	-0.035416517	0.696846	-0.080037884	0.63235646	-0.030834481	0.2817534	-0.8191213	0.12872034	-0.59925723	0.2687164	-1.8048342	
0	0	1700	4352.589826275511	0.95895755	-0.036645792	0.70039713	-0.0834431	0.61783344	-0.048847266	0.36902535	-0.7013688	0.18564725	-0.8738835	0.36778864	-1.5425459	
0	0	1701	4355.150173232143	0.9709256	-0.040048208	0.7037565	-0.081751585	0.62131643	-0.076504625	0.47697967	-0.45018798	0.22460519	-0.9681545	0.43305954	-1.2609378	
0	0	1702	4357.710520188776	0.9891799	-0.030204035	0.70478165	-0.07732026	0.6381568	-0.08523536	0.5119678	-0.08725864	0.275342	-1.1047086	0.4002156	-0.9795596	
0	0	1703	4360.270867145409	0.9925441	-0.0027987065	0.70333326	-0.07338605	0.652991	-0.06826416	0.4522593	0.13941199	0.37827405	-1.1844033	0.3069334	-1.0249075	
0	0	1704	4362.8312141020415	0.9657101	0.018421441	0.7007729	-0.071708396	0.65252924	-0.0379947	0.40651184	0.1889112	0.57085997	-1.1203912	0.3560124	-1.2588716	
0	0	1705	4365.391561058675	0.92545927	0.006787582	0.6984774	-0.071888395	0.6325688	-0.019811235	0.4002274	0.17530581	0.92187625	-0.81910264	0.47982568	-1.1319938	
0	0	1706	4367.951908015306	0.8990197	-0.04060155	0.69667685	-0.072560005	0.6061944	-0.040827315	0.4205459	0.17977074	1.3077166	-0.097502455	0.5658396	-0.76237524	
0	0	1707	4370.512254971939	0.90549624	-0.108938925	0.694718	-0.07342584	0.5975673	-0.1009377	0.44635263	0.23338753	1.0533993	0.73258245	0.5453771	-0.22883955	
0	0	1708	4373.072601928572	0.95903933	-0.16982052	0.6924138	-0.07569296	0.62016594	-0.16468507	0.4544284	0.3239072	0.6932856	1.2557999	0.40809572	0.41556564	
0	0	1709	4375.632948885204	1.0579553	-0.1768881	0.69097775	-0.08043973	0.66900533	-0.19469577	0.43284982	0.41204947	0.47746614	1.6742178	0.24394326	1.2085718	
0	0	1710	4378.193295841837	1.1375885	-0.09995116	0.69227463	-0.08634027	0.72694993	-0.17431548	0.38872924	0.45806706	0.34730986	2.1422575	0.15987822	2.3829124	
0	0	1711	4380.7536427984705	1.1120859	-0.0035597181	0.6968327	-0.089441985	0.76835597	-0.110351615	0.3379927	0.43944585	0.2734711	2.7594764	0.19357485	-2.7735822	
0	0	1712	4383.313989755102	1.0280012	0.0276399	0.7024267	-0.08602912	0.7731329	-0.03446836	0.29306194	0.35257527	0.2521462	-2.7204032	0.2632243	-2.0200067	
0	0	1713	4385.874336711735	0.9631871	-0.0064507173	0.70502037	-0.07641189	0.7493474	0.01735348	0.25868863	0.20342125	0.26750186	-1.8116732	0.3329988	-1.3174921	
0	0	1714	4388.434683668368	0.9435537	-0.07234057	0.70207095	-0.06579443	0.72119105	0.035836484	0.23894003	-0.014230686	0.2562868	-0.9048302	0.37906608	-0.47316378	
0	0	1715	4390.995030625	0.9749572	-0.13513465	0.6950325	-0.060430225	0.70199305	0.034653574	0.24853843	-0.25897273	0.18559149	-0.14333072	0.34397584	0.4382867	
0	0	1716	4393.555377581633	1.0522335	-0.15529124	0.6882578	-0.06268235	0.6909348	0.028607557	0.28341544	-0.40335715	0.10287816	0.3985767	0.27296132	1.1226321	
0	0	1717	4396.1157245382665	1.1342648	-0.10262937	0.6855734	-0.069387406	0.6821633	0.020881545	0.3143145	-0.4343378	0.03622818	0.68883944	0.22675672	1.5338124	
0	0	1718	4398.676071494898	1.1472057	-0.0006176765	0.6877433	-0.074397735	0.6750338	0.005490467	0.320481	-0.41337603	0.016556673	-1.3886201	0.20269845	1.763731	
0	0	1719	4401.236418451531	1.0768286	0.08297664	0.69213283	-0.07314144	0.67473006	-0.018551031	0.29525086	-0.40484643	0.050720993	-1.436797	0.18863311	1.8946668	
0	0	1720	4403.796765408164	0.9785741	0.11018509	0.6949148	-0.065840796	0.68507826	-0.044655576	0.24767654	-0.5006927	0.074074395	-1.2307383	0.17193305	1.9695529	
0	0	1721	4406.357112364796	0.8971857	0.08368571	0.69417393	-0.056603063	0.70762074	-0.0645265	0.21667339	-0.8350226	0.086576134	-1.0223103	0.1375352	1.9005942	
0	0	1722	4408.917459321429	0.8517405	0.023108333	0.69098216	-0.049140487	0.7428858	-0.066980496	0.274424	-1.2525398	0.08639044	-0.85847807	0.14429942	1.2387793	
0	0	1723	4411.477806278062	0.8460782	-0.042405445	0.6873667	-0.043899257	0.7838353	-0.035031836	0.43805242	-1.3470608	0.08889133	-1.1303881	0.3177881	1.1338421	
0	0	1724	4414.038153234695	0.8696448	-0.0839193	0.68395966	-0.039236456	0.8024509	0.03646561	0.65739644	-1.1150465	0.14108053	-0.5895008	0.5253925	1.4029219	
0	0	1725	4416.598500191327	0.8997226	-0.089759246	0.6798954	-0.034639977	0.7734434	0.10715751	0.77194893	-0.6570577	0.12330777	-0.24526277	0.8225267	1.6662083	
0	0	1726	4419.15884714796	0.9132316	-0.07219467	0.674729	-0.032006644	0.7201871	0.13160376	0.6536788	-0.22123086	0.108332	0.02500801	1.6054676	1.9763386	
0	0	1727	4421.719194104592	0.9038221	-0.057902	0.66998357	-0.03343476	0.67372	0.10969109	0.4675798	0.022489425	0.09279395	0.3213157	5.8704944	-2.903045	
0	0	1728	4424.279541061225	0.88811064	-0.06649885	0.6683062	-0.037942544	0.6440615	0.056259543	0.32136622	0.06569217	0.07561224	0.70203894	1.6463103	-1.4525944	
0	0	1729	4426.839888017858	0.8879909	-0.092925064	0.67091066	-0.040853363	0.6357852	-0.018367227	0.23906845	-0.12185143	0.058066417	1.2833799	0.8340983	-1.2010993	
0	0	1730	4429.400234974491	0.9101303	-0.11629994	0.67575467	-0.03728148	0.6581058	-0.09795352	0.24712619	-0.409707	0.049931224	2.2734704	0.529694	-1.0543306	
0	0	1731	4431.960581931123	0.9459104	-0.12197482	0.6785954	-0.026843267	0.71845233	-0.14329128	0.32366705	-0.39382678	0.07008599	-2.8838174	0.34352925	-0.98088074	
0	0	1732	4434.520928887756	0.98279506	-0.10930742	0.67658955	-0.0146861635	0.79306084	-0.111312	0.35484052	-0.06648909	0.107690684	-2.0437243	0.23476471	-1.1310384	
0	0	1733	4437.081275844388	1.0133578	-0.08602563	0.67103446	-0.0071904003	0.82541496	-0.023743736	0.2778804	0.24628764	0.13892397	-1.3960456	0.21311061	-1.2259275	
0	0	1734	4439.641622801021	1.0384039	-0.058717147	0.6662011	-0.006414009	0.803481	0.05165965	0.17397569	0.27531213	0.15828761	-0.88522786	0.17905588	-1.1060426	
0	0	1735	4442.201969757653	1.0605465	-0.025990553	0.6655479	-0.0082568275	0.7613681	0.08575609	0.122109614	-0.27223864	0.17158607	-0.4615821	0.13048634	-0.85604686	
0	0	1736	4444.7623167142865	1.0727341	0.016381605	0.6687527	-0.005870174	0.7239865	0.08493258	0.1898221	-0.8101906	0.18146014	-0.07923975	0.091804974	-0.26160908	
0	0	1737	4447.322663670919	1.0607591	0.060533173	0.67163104	0.0043678987	0.7012169	0.063779466	0.3223755	-0.81208366	0.18548352	0.28210354	0.11932212	0.63997126	
0	0	1738	4449.883010627551	1.024836	0.0843701	0.6696037	0.01924102	0.69565976	0.039976675	0.45893458	-0.5927939	0.180434	0.61353546	0.24037088	1.074305	
0	0	1739	4452.443357584184	0.9888552	0.071699895	0.661749	0.03126283	0.7016351	0.03201836	0.53988624	-0.30858496	0.16717656	0.889568	0.52174795	1.2525258	
0	0	1740	4455.003704540817	0.9815203	0.0312577	0.65145034	0.03483718	0.7052557	0.046177823	0.5413028	-0.06593982	0.15122613	1.0889238	2.2041187	1.4835314	
0	0	1741	4457.564051497449	1.0155402	-0.005660399	0.64331347	0.030170662	0.6949902	0.07093772	0.4903942	0.08181988	0.13975936	1.2161082	1.0076038	-1.9394919	
0	0	1742	4460.124398454082	1.0772643	-0.004651071	0.6398163	0.022295067	0.6693124	0.087940075	0.41953132	0.10328795	0.13793762	1.3328303	0.284149	-1.7661484	
0	0	1743	4462.684745410716	1.1215923	0.04574918	0.64005524	0.01676901	0.6352983	0.07959778	0.37159467	-0.06378891	0.1412358	1.5744162	0.06406667	-0.8000339	
0	0	1744	4465.245092367347	1.0993054	0.11136623	0.64121234	0.01544974	0.6073354	0.033902932	0.43158916	-0.29620826	0.123256154	2.1114118	0.17065346	0.7551796	
0	0	1745	4467.80543932398	1.0225636	0.13228968	0.6413443	0.016131377	0.6038137	-0.041170575	0.55769897	-0.24752644	0.066619836	-2.9853492	0.33637023	0.93862	
0	0	1746	4470.365786280613	0.9547707	0.083419226	0.6408364	0.016054234	0.6356648	-0.11000682	0.6012431	-0.05821666	0.095704935	-1.0883167	0.50598246	1.0592796	
0	0	1747	4472.926133237245	0.9423875	-0.0063039036	0.64112574	0.015158591	0.69758433	-0.13453127	0.56291664	0.10681513	0.1826219	-0.33652696	0.6495678	1.2335927	
0	0	1748	4475.486480193878	0.9958102	-0.07840926	0.6425135	0.015559076	0.770971	-0.09848673	0.48519126	0.22495201	0.2588445	0.14829206	0.68843913	1.4819416	
0	0	1749	4478.0468271505115	1.0825237	-0.07950711	0.6435881	0.018451404	0.8270588	-0.0075438507	0.38734183	0.2909522	0.3016843	0.5896216	0.55584633	1.7513971	
0	0	1750	4480.607174107143	1.1183021	-0.013685347	0.6428092	0.021873642	0.83591974	0.10780442	0.28195277	0.2555632	0.28499666	1.0112518	0.3057656	1.9116138	
0	0	1751	4483.167521063776	1.0623502	0.03619893	0.6407282	0.022103049	0.7986276	0.20005785	0.19978037	-0.037831906	0.20751692	1.3521014	0.08467419	1.1888164	
0	0	1752	4485.727868020409	0.98706967	0.011033666	0.64019907	0.017785762	0.7497943	0.24698278	0.21007161	-0.5444547	0.10269234	1.4357144	0.2053953	-0.15980387	
0	0	1753	4488.288214977041	0.9611568	-0.06866866	0.64394754	0.0125080645	0.7125292	0.26586244	0.29611373	-0.67051977	0.056472562	0.1616621	0.36256057	-0.15376431	
0	0	1754	4490.848561933674	1.0085087	-0.14593782	0.65165436	0.012624659	0.68382007	0.27911556	0.35571226	-0.4909997	0.14495008	-0.32707596	0.46977815	0.015202815	
0	0	1755	4493.408908890307	1.1185182	-0.153276	0.65951383	0.021944473	0.6522244	0.2879961	0.33771625	-0.22635865	0.23898326	-0.26058337	0.50839835	0.31456494	
0	0	1756	4495.969255846939	1.2024535	-0.05411619	0.6627268	0.038086433	0.61625093	0.27399883	0.2581971	0.0072288923	0.32052773	-0.12830117	0.43414617	0.8262485	
0	0	1757	4498.529602803572	1.1476806	0.07059959	0.65933055	0.05393852	0.5905008	0.22361152	0.15112872	0.115740135	0.38593218	0.0152614275	0.2340544	1.8173223	
0	0	1758	4501.089949760205	1.0224756	0.113613926	0.65149945	0.06286289	0.59097195	0.15597148	0.06412164	-0.58171993	0.43628666	0.15634249	0.20355615	-2.5115504	
0	0	1759	4503.650296716837	0.928867	0.07765755	0.6434923	0.06286305	0.61671394	0.109588265	0.1404797	-1.4303771	0.48670217	0.29612976	0.3159821	-1.619031	
0	0	1760	4506.21064367347	0.8913248	0.007896046	0.63857144	0.05665034	0.6505861	0.10478365	0.23775087	-1.2320591	0.6034754	0.5905743	0.33500192	-1.2234483	
0	0	1761	4508.770990630103	0.9069393	-0.052450188	0.6375996	0.048726406	0.6708332	0.13233839	0.28239477	-0.92201877	0.38293156	1.1501511	0.2872701	-1.0626451	
0	0	1762	4511.331337586736	0.9563893	-0.062425874	0.6396876	0.04241791	0.66525644	0.16030028	0.28359494	-0.65893036	0.27712762	1.1241316	0.2238818	-1.1566398	
0	0	1763	4513.891684543368	0.987833	-0.0140440315	0.6434964	0.039301157	0.6461575	0.1529702	0.2684995	-0.4685223	0.21553291	1.2685993	0.20344986	-1.5383517	
0	0	1764	4516.4520315	0.9700171	0.041904483	0.64763516	0.040026113	0.6426746	0.10924153	0.25576067	-0.3553067	0.14553091	1.634115	0.26409468	-1.8818927	
0	0	1765	4519.012378456633	0.9348306	0.071268044	0.6503487	0.04433442	0.66745037	0.06979031	0.27087298	-0.32241017	0.098651655	2.6991415	0.38254896	-1.9596785	
0	0	1766	4521.572725413266	0.90802646	0.087483324	0.6498612	0.049719922	0.70561135	0.06523396	0.3440246	-0.1009308	0.20913085	-2.3561404	0.5290567	-1.8287448	
0	0	1767	4524.133072369898	0.88351405	0.11009173	0.6461138	0.051372454	0.7365594	0.08940043	0.32506028	0.19718386	0.49738815	-1.6258793	0.6509137	-1.5057665	
0	0	1768	4526.6934193265315	0.84137267	0.13297957	0.6420256	0.04530622	0.7536842	0.12114088	0.30729347	0.28718325	0.85222244	-0.6344227	0.6094996	-1.0105168	
0	0	1769	4529.253766283164	0.78551424	0.1205529	0.642147	0.03243588	0.764579	0.14967465	0.3118981	0.31232774	0.7018951	0.36277178	0.3371573	-0.54269445	
0	0	1770	4531.814113239796	0.74900323	0.06118132	0.6496242	0.019636799	0.7767498	0.18356638	0.33341104	0.30936164	0.45685434	1.0282071	0.097865425	-1.3386416	
0	0	1771	4534.374460196429	0.74800926	-0.017967207	0.6634311	0.016504662	0.78166175	0.2380951	0.37633985	0.2988824	0.303405	1.683457	0.23214312	-1.9842217	
0	0	1772	4536.934807153062	0.7816615	-0.092363246	0.67743886	0.02894039	0.7564744	0.3061276	0.45859554	0.33970487	0.23540245	2.5344272	0.2955197	-1.81929	
0	0	1773	4539.495154109694	0.85160637	-0.1446876	0.68337667	0.053154167	0.6955898	0.34566042	0.5506519	0.64488494	0.25478286	-2.8593621	0.2949794	-1.6723198	
0	0	1774	4542.055501066327	0.9578994	-0.14865637	0.67777073	0.076806314	0.6294256	0.31485915	0.3659779	0.94487053	0.31141967	-2.17104	0.27222815	-1.5459331	
0	0	1775	4544.61584802296	1.065258	-0.08115275	0.6652374	0.08875555	0.5966224	0.2159199	0.25933886	0.63378996	0.3490651	-1.6297718	0.24799241	-1.3836757	
0	0	1776	4547.176194979592	1.1060604	0.023854993	0.6537754	0.087333694	0.6183937	0.10327184	0.25422168	0.29531467	0.34257242	-1.1636486	0.24229711	-1.1153096	
0	0	1777	4549.736541936225	1.0786009	0.10293306	0.6482455	0.07957686	0.69100285	0.05070121	0.2731381	0.044190474	0.28853312	-0.72546315	0.30124915	-0.7487346	
0	0	1778	4552.296888892858	1.0255842	0.13828924	0.6480814	0.07442573	0.7761066	0.10031972	0.30407012	-0.16764541	0.18948123	-0.24264273	0.54021627	-0.48059618	
0	0	1779	4554.85723584949	0.9676417	0.13287087	0.64889413	0.075957954	0.8025999	0.220444	0.36627105	-0.34227377	0.056301687	0.79657656	1.5688894	-0.57502675	
0	0	1780	4557.417582806123	0.9185203	0.08125339	0.64662695	0.08087016	0.74800897	0.31108904	0.471192	-0.28222996	0.14256202	-2.9374542	2.365403	-2.5201566	
0	0	1781	4559.9779297627565	0.90486705	-0.013386792	0.64123696	0.08251141	0.67575735	0.3088046	0.43094978	-0.13173454	0.2798483	-2.254712	0.8816431	-2.8907356	
0	0	1782	4562.538276719388	0.94642824	-0.11262755	0.63639766	0.07744281	0.63944	0.23516384	0.38107824	-0.19174033	0.32873094	-1.7672306	0.50223005	-2.8968394	
0	0	1783	4565.098623676021	1.0286969	-0.17614302	0.63601893	0.06847464	0.6517854	0.15000634	0.35593924	-0.2798922	0.30816907	-1.4318333	0.3035001	-2.7372255	
0	0	1784	4567.658970632654	1.1230063	-0.19946752	0.64125574	0.06261398	0.7019034	0.10850674	0.33277002	-0.36596298	0.25817907	-1.2298259	0.19214077	-2.226882	
0	0	1785	4570.219317589286	1.211892	-0.19424698	0.6493301	0.06648107	0.7580012	0.13706186	0.3047275	-0.4887991	0.20303364	-1.1667774	0.21139412	-1.4028568	
0	0	1786	4572.779664545919	1.2873836	-0.16666031	0.6544934	0.081231855	0.77427125	0.21023828	0.29424146	-0.70471025	0.16120404	-1.2984915	0.3578876	-0.9305269	
0	0	1787	4575.340011502552	1.3356895	-0.11584323	0.6517712	0.10037144	0.74174875	0.26323032	0.33289045	-0.89202744	0.16196841	-1.6265678	0.67784345	-0.61815614	
0	0	1788	4577.900358459184	1.3288348	-0.048176482	0.64117014	0.1133029	0.6979652	0.26304868	0.38695508	-0.9486197	0.24159989	-1.8399782	1.4384652	1.075959	
0	0	1789	4580.460705415817	1.2513276	0.009329408	0.6279494	0.11251426	0.6710613	0.22530942	0.43250132	-0.9557322	0.4578689	-1.6839361	0.084228344	0.047212366	
0	0	1790	4583.021052372449	1.1293596	0.022908956	0.6189175	0.09812982	0.66641927	0.17865771	0.48091105	-0.95842636	0.83067894	-0.89022213	0.3517369	-0.517814	
0	0	1791	4585.581399329082	1.0110132	-0.026841927	0.6187664	0.07756482	0.6773735	0.14668904	0.5612471	-0.943867	0.6615843	0.005003222	0.5550331	-0.42243186	
0	0	1792	4588.141746285715	0.93869054	-0.13432255	0.62808526	0.06189046	0.68846166	0.13754056	0.7005074	-0.8002696	0.4777654	0.33948117	0.79056644	-0.25214934	
0	0	1793	4590.7020932423475	0.93695146	-0.2606851	0.6426882	0.060292553	0.6875343	0.13469559	0.74144965	-0.46495768	0.40524176	0.4707909	1.1351515	0.091922104	
0	0	1794	4593.26244019898	1.0041205	-0.34794238	0.6550418	0.07425523	0.67977715	0.11815124	0.64002764	-0.2508978	0.3827885	0.5282598	1.3164898	0.7942908	
0	0	1795	4595.822787155613	1.1092055	-0.3542801	0.6588513	0.09612066	0.6771214	0.0844282	0.5631878	-0.15992463	0.38743535	0.55994314	0.8801977	1.396276	
0	0	1796	4598.383134112245	1.1896784	-0.27290654	0.6535918	0.11443857	0.68964237	0.04149298	0.5130567	-0.10179165	0.41269675	0.6018414	0.5573166	1.6196666	
0	0	1797	4600.943481068878	1.1706052	-0.14437118	0.6442266	0.12182534	0.7257205	0.009161973	0.47087502	-0.061543178	0.4570627	0.7072143	0.40725303	1.7098286	
0	0	1798	4603.503828025511	1.052061	-0.049906813	0.6368061	0.1188385	0.7794259	0.0210683	0.43264878	-0.06359391	0.49664405	0.9730174	0.34218243	1.8262765	
0	0	1799	4606.064174982143	0.92419523	-0.038095344	0.63440514	0.11189918	0.81125486	0.0837327	0.41915178	-0.12935805	0.41891953	1.4539788	0.3241425	2.1206887	
0	0	1800	4608.6245219387765	0.8485441	-0.08058534	0.6360066	0.10786689	0.79657	0.14343536	0.45276746	-0.17559624	0.21193624	1.9072471	0.30313292	2.931067	
0	0	1801	4611.184868895409	0.82155603	-0.12335236	0.6382618	0.10941098	0.76401514	0.16052656	0.5003316	-0.12031606	0.03363321	2.3286674	0.13647279	-1.9311814	
0	0	1802	4613.745215852041	0.81631565	-0.14209148	0.6383559	0.114569284	0.7445642	0.13843772	0.5214745	-0.0018640459	0.1035256	-0.9041726	0.05887831	-0.5402133	
0	0	1803	4616.305562808674	0.8151849	-0.14484774	0.63561285	0.119711876	0.75706184	0.10047956	0.50128895	0.13943376	0.22174375	-0.70523363	0.045412175	0.4240115	
0	0	1804	4618.865909765307	0.82173264	-0.14638184	0.63100916	0.12249613	0.8081094	0.09188726	0.42921063	0.27921546	0.33131048	-0.49448702	0.032242887	1.2232811	
0	0	1805	4621.426256721939	0.85225993	-0.13723533	0.6255996	0.12252931	0.86263055	0.15174882	0.2988855	0.34081832	0.42397794	-0.23188148	0.029788293	2.6471844	
0	0	1806	4623.9866036785725	0.90123224	-0.08058478	0.61977386	0.11970446	0.86750096	0.24427772	0.16186643	-0.117020234	0.4758462	0.09274755	0.069225766	-2.611839	
0	0	1807	4626.546950635205	0.91847616	0.03316015	0.6140439	0.11282069	0.83081126	0.3129306	0.24062374	-1.0161489	0.45695993	0.47471827	0.136261	-2.0180657	
0	0	1808	4629.107297591837	0.86337084	0.14853337	0.6103211	0.10074001	0.7833767	0.3457198	0.4192068	-1.0830933	0.35378212	0.89121556	0.20068707	-1.429607	
0	0	1809	4631.66764454847	0.7650003	0.19568452	0.6117037	0.08570498	0.7392599	0.34781972	0.5590506	-0.95987797	0.19753736	1.3002034	0.1953467	-0.8600446	
0	0	1810	4634.227991505103	0.67813975	0.14503433	0.6200491	0.075341165	0.70540833	0.32121167	0.63824934	-0.8072041	0.04751759	1.8571328	0.110515304	-0.56544036	
0	0	1811	4636.788338461735	0.6383047	0.004215803	0.63250613	0.079713866	0.6916593	0.27131808	0.6567162	-0.65983903	0.08285969	-1.6818539	0.053695478	-1.9741135	
0	0	1812	4639.348685418368	0.6729633	-0.1967808	0.64026886	0.10246985	0.7045119	0.22032066	0.6217647	-0.5384967	0.19687419	-1.435067	0.19051823	-2.4788935	
0	0	1813	4641.909032375001	0.8477371	-0.40730035	0.63403875	0.13292062	0.73573375	0.1902877	0.5503351	-0.47780174	0.33375904	-1.2468369	0.35639212	-2.4226472	
0	0	1814	4644.469379331633	1.4895386	-0.4611021	0.6140834	0.15051611	0.77283	0.18177518	0.48095024	-0.53591824	0.52655065	-0.9302265	0.51277477	-2.3570693	
0	0	1815	4647.029726288266	2.0895805	0.59461	0.5918373	0.14140521	0.8115099	0.18677148	0.48691884	-0.70633197	0.70007426	-0.32999158	0.6219692	-2.342725	
0	0	1816	4649.590073244898	0.88221383	0.72726786	0.5805659	0.11004987	0.85357714	0.20289993	0.61894	-0.75804085	0.59590304	0.3699166	0.6615099	-2.437685	
0	0	1817	4652.150420201531	0.65342414	0.33245072	0.58681685	0.076853655	0.8998589	0.23691478	0.80860376	-0.5229455	0.4005939	0.8980931	0.71434325	-2.7408311	
0	0	1818	4654.710767158164	0.6719192	-0.06163541	0.60697764	0.065897	0.9382158	0.30035165	0.8506721	-0.04774274	0.27381134	1.4428256	1.1208425	-3.0294235	
0	0	1819	4657.271114114797	0.8334851	-0.39782768	0.62717324	0.08942714	0.93679976	0.38517213	0.61081576	0.41006768	0.24308537	2.1929061	1.8876611	-2.7612586	
0	0	1820	4659.831461071429	1.2460663	-0.6878231	0.62996936	0.13620815	0.8852397	0.44450912	0.34141916	0.50403196	0.34476557	2.9216228	1.9903165	-2.272237	
0	0	1821	4662.391808028062	2.7513633	-0.8886158	0.6099346	0.17636627	0.8241961	0.4433725	0.24381775	0.112477586	0.61405694	-2.749541	1.6780821	-1.9692054	
0	0	1822	4664.952154984694	9.083357	1.0215209	0.57975405	0.18528177	0.7905352	0.39339826	0.28451696	-0.15576856	1.0657308	-1.8352768	1.4183886	-1.7859049	
0	0	1823	4667.512501941327	2.1035075	1.28636	0.5566743	0.16189298	0.7979352	0.32366425	0.3426345	-0.13795394	0.85716885	-0.63294685	1.2642919	-1.6379763	
0	0	1824	4670.07284889796	1.2869135	1.049708	0.5496381	0.12512983	0.85563356	0.2671949	0.37865025	0.0015390252	0.49356458	0.1997825	1.2256756	-1.4583507	
0	0	1825	4672.6331958545925	1.0168135	0.7683872	0.5569428	0.09869621	0.97002876	0.27597263	0.3782064	0.19671132	0.39702323	1.0635195	1.3337259	-1.0963758	
0	0	1826	4675.193542811225	0.9367393	0.44592267	0.56904924	0.09563195	1.078718	0.4155885	0.32753733	0.38667604	0.549668	1.7942315	1.1570458	-0.22056036	
0	0	1827	4677.753889767858	1.0537726	0.091303624	0.57494146	0.11120633	1.01015	0.6123994	0.24364948	0.40901202	0.9808476	2.2786224	0.46566388	0.42895365	
0	0	1828	4680.31423672449	1.5905154	-0.1101065	0.5701046	0.12923467	0.84043986	0.6718693	0.20657024	0.109980166	2.128977	2.8337922	0.19346876	0.5671632	
0	0	1829	4682.874583681123	2.4165182	0.19646332	0.55850893	0.1359182	0.7276419	0.60008764	0.25102103	-0.13432862	3.3906753	-2.0587437	0.10149157	0.5697649	
0	0	1830	4685.434930637756	2.1561174	0.6020197	0.54725116	0.12761916	0.6847459	0.47730798	0.3244739	-0.1542294	1.7032038	-1.2273934	0.0680007	0.65950555	
0	0	1831	4687.995277594388	1.6757939	0.72084343	0.5415996	0.10922228	0.6971089	0.3547295	0.40468535	-0.058073644	1.0168074	-0.9582196	0.057426143	0.91740453	
0	0	1832	4690.555624551021	1.338516	0.7124001	0.54365265	0.08978311	0.75663203	0.27161217	0.49517664	0.1315208	0.6735173	-0.82795614	0.05762789	1.2363222	
0	0	1833	4693.115971507654	1.0807952	0.6224073	0.5523635	0.07899015	0.84252197	0.26419848	0.5882085	0.506023	0.4283056	-0.8025317	0.05285544	1.4268578	
0	0	1834	4695.676318464286	0.89649117	0.42323726	0.5635051	0.08369208	0.89794666	0.32734308	0.47622558	1.2255125	0.19788758	-1.3992565	0.20049497	-0.49501088	
0	0	1835	4698.236665420919	0.8411569	0.108812764	0.57055664	0.10410338	0.8874609	0.39206296	0.14307143	1.4260987	1.3172338	-2.2853413	0.27196524	2.368741	
0	0	1836	4700.797012377552	0.9799652	-0.19710915	0.567779	0.13186905	0.847331	0.41037375	0.12009587	0.17646733	0.96800023	-0.6631338	0.24942017	2.7465913	
0	0	1837	4703.357359334184	1.3559005	-0.3300452	0.5544918	0.15299533	0.81357515	0.3898786	0.18470876	-0.006190804	0.6123944	-0.5468721	0.27040073	-3.0560434	
0	0	1838	4705.9177062908175	1.9297605	-0.1302479	0.5363852	0.15584083	0.7936453	0.3505676	0.21596691	-0.009772575	0.49031302	-0.5648947	0.3077344	-2.4611385	
0	0	1839	4708.47805324745	1.7472453	0.3211872	0.521753	0.13860452	0.7838232	0.30208686	0.22299543	-0.03127266	0.44732612	-0.6326506	0.37173775	-1.7729248	
0	0	1840	4711.038400204082	1.1728697	0.35152718	0.5165239	0.1103243	0.7828242	0.24480471	0.21569268	-0.15884733	0.4691522	-0.71092963	0.47827813	-1.017024	
0	0	1841	4713.598747160715	0.9619222	0.11664628	0.52185106	0.08569928	0.79442984	0.18143438	0.23596424	-0.5318972	0.5871664	-0.73021203	0.5962487	-0.16303997	
0	0	1842	4716.159094117348	0.9571392	-0.12144502	0.53372014	0.07747528	0.82069105	0.12017237	0.4695313	-0.79169613	0.9338011	-0.5303131	0.56807864	0.75292885	
0	0	1843	4718.71944107398	1.0473849	-0.29291782	0.5441733	0.0890281	0.860829	0.06732228	0.84687424	-0.1601541	1.4762958	0.46933076	0.3906948	1.5028069	
0	0	1844	4721.279788030613	1.2001795	-0.39789164	0.5460895	0.11054738	0.91630685	0.027538244	0.7264459	0.37158942	0.7358502	1.4439611	0.22166769	2.1100447	
0	0	1845	4723.840134987245	1.4161941	-0.4287202	0.53954315	0.12638575	0.99155724	0.011809962	0.6078448	0.5910464	0.3829417	1.8168858	0.101047225	3.0558581	
0	0	1846	4726.400481943878	1.6564233	-0.34830648	0.5311	0.1289682	1.0814202	0.04449669	0.54020905	0.73394346	0.23444518	2.1105528	0.14640811	-1.5137545	
0	0	1847	4728.960828900511	1.6909139	-0.17636214	0.52646965	0.1230518	1.1353912	0.14541721	0.49292758	0.8689328	0.15720928	2.4351602	0.35685036	-0.6713939	
0	0	1848	4731.521175857143	1.4926943	-0.11444414	0.5264376	0.11806773	1.0784342	0.2675255	0.44358173	1.021459	0.111431114	2.8291643	0.5044211	0.195404	
0	0	1849	4734.081522813776	1.388723	-0.18365581	0.5278772	0.119556546	0.9472664	0.32335	0.36833823	1.1888871	0.07979506	-2.850619	0.39970204	0.6864553	
0	0	1850	4736.641869770409	1.4166667	-0.25625196	0.52708715	0.125488	0.8286483	0.2948924	0.2567768	1.2896986	0.18608436	-1.2670152	0.3279181	0.75786114	
0	0	1851	4739.202216727041	1.5060676	-0.2745579	0.52328295	0.12874703	0.7544245	0.21019283	0.14351054	1.0568079	0.18412094	3.0318024	0.32524607	0.70982134	
0	0	1852	4741.762563683674	1.5808489	-0.22725795	0.51961225	0.124451555	0.730709	0.10250564	0.12440771	0.046238314	0.12016792	-2.9097655	0.37101623	0.7088561	
0	0	1853	4744.322910640307	1.5475491	-0.14078264	0.520185	0.11563586	0.75885195	0.018176531	0.277198	-0.45985118	0.10917232	-2.642766	0.45325887	0.8202867	
0	0	1854	4746.883257596939	1.387604	-0.09727005	0.52602994	0.111526765	0.81260365	0.009877585	0.5999956	-0.28583837	0.11604564	-2.4085445	0.5635725	1.084606	
0	0	1855	4749.443604553572	1.231914	-0.16328275	0.5335664	0.11977885	0.8281987	0.061246134	0.79339224	0.3876921	0.13929091	-2.1947176	0.6622817	1.550466	
0	0	1856	4752.003951510205	1.1964115	-0.2991104	0.5368388	0.13936006	0.7988379	0.08956072	0.5843283	0.7908588	0.18260317	-1.9899871	0.6437395	2.1960552	
0	0	1857	4754.5642984668375	1.296647	-0.40773594	0.53236955	0.16034196	0.7780511	0.07017756	0.4116039	0.856211	0.25361603	-1.7761408	0.50070333	2.8761697	
0	0	1858	4757.12464542347	1.4904165	-0.4152426	0.522431	0.17136429	0.79782045	0.040204786	0.2963679	0.729361	0.36661962	-1.5272121	0.35511255	-2.718854	
0	0	1859	4759.684992380103	1.6481903	-0.29599527	0.51312876	0.16865142	0.85777587	0.053011745	0.2246444	0.35163745	0.5490162	-1.2009454	0.26421314	-1.9157499	
0	0	1860	4762.245339336735	1.5830259	-0.13350675	0.5093118	0.15862907	0.91720915	0.1428043	0.24647482	-0.31359363	0.8429981	-0.7067839	0.2318867	-1.0369657	
0	0	1861	4764.805686293368	1.3754627	-0.069185205	0.51119053	0.15235917	0.9102237	0.27670842	0.47824755	-0.76504844	1.1433911	0.12639116	0.21203005	-0.3147184	
0	0	1862	4767.366033250001	1.2247392	-0.11902354	0.5146985	0.1565291	0.8349512	0.37327284	1.3882031	-0.62833756	0.9122122	1.1475971	0.15941058	0.1163886	
0	0	1863	4769.926380206633	1.1879704	-0.21400493	0.51503426	0.16857293	0.7505388	0.39114493	1.5905397	0.9075566	0.505356	1.9676806	0.0806284	-0.062228963	
0	0	1864	4772.486727163266	1.2505494	-0.2818487	0.510781	0.18009743	0.70061153	0.3409414	0.6912025	1.1894858	0.25646588	2.834444	0.13921143	-1.455118	
0	0	1865	4775.047074119899	1.3573476	-0.27431867	0.5045553	0.18502322	0.704512	0.2684324	0.39499724	1.095349	0.17735836	-2.2477715	0.5577073	-1.61634	
0	0	1866	4777.607421076531	1.4057579	-0.20869534	0.49977532	0.18422474	0.7500402	0.23527655	0.24284379	0.7323217	0.21104366	-1.3242393	4.0997233	0.2978131	
0	0	1867	4780.167768033164	1.3749654	-0.17017996	0.49748904	0.18289399	0.7985307	0.24709333	0.22500524	-0.053146306	0.2448615	-0.80224365	0.80808854	1.1304296	
0	0	1868	4782.728114989797	1.371087	-0.18743558	0.49619722	0.18445303	0.8411203	0.26830462	0.4282349	-0.52086127	0.2480727	-0.46626258	0.5042933	1.1526009	
0	0	1869	4785.288461946429	1.463657	-0.20342569	0.49419177	0.18745166	0.8970333	0.2959394	0.9284463	-0.2992216	0.22077827	-0.25318584	0.399795	1.159305	
0	0	1870	4787.848808903062	1.6331111	-0.1403299	0.4918957	0.18824236	0.9712027	0.36438948	1.0410129	0.58220273	0.16615142	-0.2075995	0.35014483	1.228983	
0	0	1871	4790.409155859694	1.7043126	0.03387705	0.4915793	0.18674071	1.0056422	0.50595415	0.5985573	0.93569505	0.11357145	-0.80456257	0.31962797	1.474696	
0	0	1872	4792.969502816327	1.5009434	0.1838049	0.49449965	0.18850847	0.91075295	0.64424264	0.37336937	0.8746053	0.31005025	-1.4439307	0.32205147	2.227859	
0	0	1873	4795.52984977296	1.2629023	0.15147468	0.4984436	0.19985877	0.7686922	0.6436148	0.2795038	0.60052276	0.6238012	-0.76107347	0.63982254	-2.4297004	
0	0	1874	4798.090196729592	1.2164514	-0.005956857	0.49872172	0.22034855	0.6918097	0.5159412	0.27184182	0.2992863	0.55744874	-0.2514764	0.91467893	-0.9299037	
0	0	1875	4800.650543686225	1.4032558	-0.12404817	0.49243918	0.24095573	0.698472	0.34456527	0.3059913	0.16507466	0.48201033	-0.08653107	0.88448656	-0.2979587	
0	0	1876	4803.210890642858	1.7676045	-0.05333965	0.48180017	0.25056723	0.7914602	0.20463048	0.3354686	0.20676436	0.45571473	-0.030634113	0.9112685	0.048189808	
0	0	1877	4805.77123759949	1.9210327	0.23570696	0.47263718	0.24534684	0.9731308	0.17903297	0.32062808	0.35846782	0.4758183	0.010674783	0.98046976	0.36983436	
0	0	1878	4808.331584556123	1.569427	0.46785352	0.4698906	0.23224929	1.1393533	0.32725975	0.23953505	0.48532978	0.5638394	0.14078684	1.0194671	0.78952515	
0	0	1879	4810.891931512756	1.188664	0.46844408	0.4740938	0.224257	1.0963123	0.512741	0.14328586	0.1752801	0.69781184	0.6488304	0.86203057	1.3141533	
0	0	1880	4813.452278469388	0.97615796	0.2978871	0.48090127	0.23061165	0.95839655	0.5679767	0.17453732	-0.55643815	0.42711902	1.4190698	0.5534505	1.7295743	
0	0	1881	4816.012625426021	0.9294998	0.04518011	0.48406914	0.249683	0.8645172	0.52243274	0.28617024	-0.7345219	0.18540585	1.5970017	0.32600504	1.9050938	
0	0	1882	4818.572972382654	1.0415372	-0.17918646	0.4803285	0.2702226	0.82998055	0.44322357	0.421605	-0.74835813	0.084223084	1.4436814	0.22223204	1.8829551	
0	0	1883	4821.133319339286	1.2873354	-0.27041245	0.47212085	0.28064558	0.84144723	0.38217175	0.6490643	-0.7576998	0.031885076	0.8751488	0.22988175	1.8568337	
0	0	1884	4823.693666295919	1.5246919	-0.19515271	0.46495402	0.2781771	0.8643932	0.3758817	1.5172431	-0.6362333	0.03840294	-0.98671186	0.3909903	2.138426	
0	0	1885	4826.254013252552	1.5290172	-0.07620757	0.4625079	0.2695519	0.847544	0.4029428	1.5646851	1.1393661	0.12468657	-1.4282764	0.677608	3.0374594	
0	0	1886	4828.814360209184	1.3942442	-0.07247662	0.464501	0.26377982	0.7956583	0.40055087	0.6588946	1.1225259	0.36139908	-1.4276325	0.5455992	-2.529419	
0	0	1887	4831.374707165817	1.3269637	-0.18107651	0.4681726	0.26503864	0.7505127	0.35325038	0.51312715	0.93321687	1.380428	-0.77427226	0.43228865	-2.331777	
0	0	1888	4833.93505412245	1.3975661	-0.3175109	0.47111124	0.27177963	0.732649	0.2804072	0.48491728	0.8188677	1.3234757	0.755672	0.3770549	-2.2660003	
0	0	1889	4836.495401079082	1.6044383	-0.39440337	0.47269592	0.28077474	0.7515502	0.20755789	0.49090183	0.7828667	1.0174619	1.1658571	0.33992514	-2.194322	
0	0	1890	4839.055748035715	1.8630849	-0.36030966	0.47336617	0.29080242	0.8129687	0.17583203	0.5104824	0.8434729	1.1944021	1.515415	0.30394146	-2.0495415	
0	0	1891	4841.616094992348	1.9982097	-0.25012648	0.4729007	0.3026939	0.88630867	0.235852	0.4956867	1.1209388	1.8358301	2.6295636	0.26311934	-1.7625403	
0	0	1892	4844.17644194898	1.9689014	-0.15258612	0.46994203	0.31553504	0.8845095	0.36271116	0.2088157	1.4404614	0.5191077	-2.297721	0.22285154	-1.2058002	
0	0	1893	4846.736788905613	1.882709	-0.09318709	0.4639043	0.32447168	0.7986933	0.44573823	0.19404396	0.25719845	0.07992547	-1.5743575	0.2191652	-0.1944067	
0	0	1894	4849.297135862246	1.7812613	-0.051993392	0.4566269	0.32437956	0.70506454	0.4362618	0.28271633	0.14773928	0.116084725	1.0073651	0.30071265	1.1282427	
0	0	1895	4851.857482818878	1.651306	-0.02985809	0.4513898	0.31437996	0.6468819	0.3479574	0.32758868	0.13735113	0.23713125	1.3450692	0.36453253	2.4557993	
0	0	1896	4854.417829775511	1.5176262	-0.050691996	0.4510183	0.29912555	0.6441878	0.21228696	0.35555825	0.13290037	0.3535518	1.6096874	0.3612575	-2.6633155	
0	0	1897	4856.978176732143	1.4398412	-0.112592205	0.45643255	0.28747427	0.7178755	0.08865578	0.37527457	0.13883564	0.48616034	1.9487723	0.39980754	-1.6842259	
0	0	1898	4859.538523688776	1.4364074	-0.1754074	0.46511364	0.2887197	0.878195	0.06748749	0.38114852	0.15571606	0.61182725	2.4722013	0.50202805	-0.8650144	
0	0	1899	4862.098870645409	1.472692	-0.20579913	0.47120646	0.30415818	1.0535674	0.21187255	0.3747392	0.13684055	0.5765486	-3.087928	0.5978245	-0.07716362	
0	0	1900	4864.659217602041	1.495688	-0.203399	0.47050285	0.32319406	1.0746166	0.4342156	0.37876993	0.08401989	0.3767067	-2.423585	0.48571697	0.7107102	
0	0	1901	4867.219564558674	1.4701949	-0.19972676	0.4650934	0.3333111	0.9627093	0.56836915	0.39967903	0.031689588	0.20897886	-1.8658013	0.22135624	0.95172197	
0	0	1902	4869.779911515307	1.4253634	-0.24146071	0.46048135	0.33196872	0.85615927	0.5882532	0.45126674	0.0015506222	0.10697727	-1.2082608	0.199682	0.13186365	
0	0	1903	4872.340258471939	1.4605268	-0.33261746	0.4601626	0.3265077	0.8014839	0.54547286	0.5891628	0.1311161	0.05006985	-0.113893665	0.35134694	0.023284022	
0	0	1904	4874.900605428572	1.6436728	-0.3953605	0.46339476	0.32692102	0.79475987	0.49446133	0.48588216	0.77537215	0.079408616	2.414893	0.5149438	0.182331	
0	0	1905	4877.460952385205	1.9233265	-0.35532475	0.46576083	0.33739746	0.80919933	0.47042522	0.27860114	0.579485	0.5503036	-2.5042028	0.70734113	0.42027575	
0	0	1906	4880.021299341837	2.1364384	-0.209422	0.46315026	0.35126424	0.81235844	0.4621052	0.25794238	0.30078298	0.93971896	-0.7684921	0.9825852	0.77940464	
0	0	1907	4882.58164629847	2.0990853	-0.027275253	0.45634693	0.3572062	0.8052529	0.43201232	0.26511645	0.12688312	0.74956393	-0.20080711	1.3118495	1.4606892	
0	0	1908	4885.1419932551025	1.851138	0.08243924	0.45027357	0.3506968	0.81630224	0.37134358	0.28475574	-0.022517433	0.69266087	0.018055398	1.0117669	2.4394827	
0	0	1909	4887.702340211735	1.6115654	0.0769601	0.44919968	0.33784965	0.87133527	0.30598995	0.33550897	-0.17814091	0.6662334	0.14396459	0.50653696	3.066615	
0	0	1910	4890.262687168368	1.4838328	0.0020549141	0.45349196	0.33045948	0.9862121	0.28727752	0.48362768	-0.24388936	0.63640565	0.23235892	0.2502179	-2.8297548	
0	0	1911	4892.823034125001	1.4462867	-0.08692918	0.4587439	0.33674946	1.1204834	0.38543934	0.70498496	0.1290479	0.5952948	0.29604787	0.13449337	-2.7265203	
0	0	1912	4895.383381081633	1.4573925	-0.1717484	0.45879155	0.35240367	1.1005832	0.5641946	0.6083283	0.5026354	0.5530148	0.34740394	0.23339163	-2.9463208	
0	0	1913	4897.943728038266	1.5046595	-0.25744918	0.45216966	0.36296278	0.94905823	0.62597406	0.51512897	0.542631	0.50903344	0.4328677	0.51978606	-1.9206823	
0	0	1914	4900.504074994899	1.6126721	-0.3428619	0.44381958	0.35817456	0.8532165	0.5570485	0.49310476	0.46997258	0.42616025	0.5728838	0.53530633	-1.2152928	
0	0	1915	4903.064421951531	1.8176941	-0.3910109	0.4399267	0.3406047	0.84267664	0.45443144	0.5312141	0.36358094	0.29088867	0.58859825	0.56590486	-0.8571825	
0	0	1916	4905.624768908164	2.040074	-0.35044184	0.4433506	0.32250655	0.9012947	0.3821099	0.6522376	0.30190888	0.24400954	0.18852036	0.62705165	-0.5450603	
0	0	1917	4908.185115864797	2.0920913	-0.2753704	0.45187828	0.3173934	1.0176508	0.3895921	0.8539723	0.41658252	0.33087346	0.04418514	0.6673265	-0.14359832	
0	0	1918	4910.745462821429	2.0281322	-0.25567666	0.45896482	0.32952246	1.1287063	0.5385406	0.94584507	0.72005635	0.45140174	0.22936437	0.5788987	0.3573891	
0	0	1919	4913.305809778062	1.9934125	-0.29082632	0.45900178	0.34865883	1.024517	0.77975017	0.8006454	0.95687604	0.6318705	0.63746023	0.38798946	0.7793257	
0	0	1920	4915.866156734695	2.0511158	-0.33974764	0.45303112	0.36008638	0.76980454	0.8303901	0.61028695	0.951661	0.9457693	1.4769307	0.23167983	1.0239079	
0	0	1921	4918.426503691327	2.1993902	-0.3480505	0.44663078	0.35865337	0.63445014	0.65685767	0.5335148	0.70433766	0.8306719	2.8370407	0.13600382	1.0598251	
0	0	1922	4920.98685064796	2.3067799	-0.2762661	0.4440064	0.35025716	0.62608093	0.44642398	0.6074819	0.4866822	0.49784705	-2.526428	0.09447308	0.66319317	
0	0	1923	4923.547197604593	2.1803892	-0.1824454	0.4454589	0.34482798	0.6915803	0.30339873	0.7331038	0.45093918	0.3700675	-1.8986415	0.14945689	0.022220057	
0	0	1924	4926.107544561225	1.9229215	-0.17089276	0.4478255	0.3483075	0.804251	0.25069904	0.83365536	0.5215574	0.33419022	-1.3759664	0.41159323	-0.20777425	
0	0	1925	4928.667891517858	1.7371802	-0.24936646	0.44731665	0.35815188	0.9393436	0.3044859	0.8783752	0.64333	0.35125366	-0.88900185	3.8965514	0.13729258	
0	0	1926	4931.22823847449	1.688102	-0.36536074	0.44309777	0.36646277	1.00878	0.46085063	0.84229434	0.7877667	0.43220472	-0.3945066	0.8824804	2.5738428	
0	0	1927	4933.788585431123	1.7686518	-0.45666176	0.43751565	0.3684835	0.9288135	0.5899179	0.7094181	0.89043325	0.6529982	0.164648	0.43776542	2.496287	
0	0	1928	4936.348932387756	1.9153957	-0.47455698	0.43288246	0.36629614	0.8355819	0.5695432	0.5571401	0.7925962	1.2806568	1.0690454	0.261679	2.24663	
0	0	1929	4938.909279344388	1.9969952	-0.42280322	0.429055	0.3645153	0.8396847	0.4881615	0.55439746	0.5366295	1.1693025	2.698442	0.17338374	1.4640315	
0	0	1930	4941.469626301021	1.9396043	-0.36812443	0.42401922	0.36372566	0.921617	0.4657277	0.66364354	0.4814474	0.5307817	-2.7686856	0.34784624	0.4981724	
0	0	1931	4944.029973257654	1.8323187	-0.36479324	0.4166733	0.35826993	1.0119438	0.5458767	0.74004537	0.6326951	0.23000343	-2.215679	1.1421604	0.4531253	
0	0	1932	4946.590320214286	1.7854794	-0.400217	0.40916216	0.34099793	1.0117937	0.6918352	0.67782	0.9063704	0.02842071	-0.5004743	1.913992	1.817065	
0	0	1933	4949.150667170919	1.8205161	-0.420951	0.4060552	0.31164667	0.89756566	0.7917117	0.4330332	1.1324085	0.18673909	1.6335435	0.8889926	2.2076786	
0	0	1934	4951.711014127552	1.8573211	-0.39162928	0.41092467	0.28038338	0.76876676	0.7637977	0.19372754	0.66437024	0.30737048	2.2233381	0.5266446	2.110011	
0	0	1935	4954.271361084184	1.8015404	-0.3442358	0.42333034	0.26265508	0.70860636	0.62815106	0.288489	-0.27972552	0.33708963	2.7299104	0.31891382	1.7455951	
0	0	1936	4956.831708040817	1.6795883	-0.33593854	0.4379379	0.26875663	0.7398008	0.47622114	0.5063476	-0.4059523	0.30143723	-3.0769053	0.22774276	0.6804841	
0	0	1937	4959.39205499745	1.5774497	-0.38207757	0.44682604	0.2957798	0.8457494	0.40089652	0.80682474	-0.33087778	0.2327159	-2.5137355	0.59599537	-0.73344845	
0	0	1938	4961.952401954082	1.5436316	-0.4614076	0.4448152	0.32773587	0.9736642	0.4399624	1.3712399	0.06472895	0.17110142	-1.5988146	1.4664166	-3.0165691	
0	0	1939	4964.512748910715	1.587759	-0.54103446	0.43426383	0.34539306	1.0353073	0.5629435	1.193116	1.0098526	0.20049568	-0.3277862	0.72963905	2.0102859	
0	0	1940	4967.073095867348	1.6914102	-0.59349555	0.42350402	0.34054133	0.98050195	0.6810532	0.59882015	1.2117989	0.2834944	0.6801401	0.6500078	1.4005892	
0	0	1941	4969.63344282398	1.8162739	-0.61260533	0.41969636	0.32298213	0.8662337	0.7116657	0.40118927	1.0252887	0.25063145	1.569077	0.72875935	1.0272439	
0	0	1942	4972.193789780613	1.937508	-0.6133404	0.42328537	0.31143284	0.7807474	0.63554054	0.34564838	0.77567065	0.07671472	2.9940364	0.8650771	0.78751755	
0	0	1943	4974.754136737246	2.070394	-0.6043256	0.4284929	0.31684074	0.7745813	0.50945073	0.35157597	0.54549384	0.25825155	-0.8542938	1.039181	0.601956	
0	0	1944	4977.314483693878	2.2256284	-0.56816363	0.42850542	0.3340319	0.8442809	0.4293081	0.42072642	0.32458207	0.57009834	-0.1854358	1.285042	0.38735545	
0	0	1945	4979.874830650511	2.327938	-0.48614997	0.42143667	0.34718573	0.9430358	0.44214898	0.7292036	0.172382	0.7943632	0.42294738	1.7387577	-0.24597462	
0	0	1946	4982.4351776071435	2.25178	-0.39488012	0.412129	0.3437261	1.0116051	0.5332579	1.227213	1.3738494	0.75586194	0.98135126	0.19954796	0.4647043	
0	0	1947	4984.995524563776	2.0474946	-0.37228858	0.40763533	0.32648492	1.0049434	0.66053104	0.5042576	1.4736271	0.5237934	1.325117	0.7371509	0.524149	
0	0	1948	4987.555871520409	1.8901608	-0.43924725	0.41045964	0.31201804	0.91780275	0.76933104	0.38635787	1.1628073	0.3035623	1.3085952	0.884676	0.3385974	
0	0	1949	4990.116218477042	1.8696753	-0.5523815	0.4162394	0.31458825	0.7939054	0.80656457	0.35542738	0.83207536	0.20680694	0.79304993	0.9220701	0.14355175	
0	0	1950	4992.676565433674	1.9967344	-0.6517417	0.41758886	0.33295128	0.6945048	0.7497064	0.35565436	0.43301156	0.23929478	0.27450648	0.8934288	-0.09909034	
0	0	1951	4995.236912390307	2.2319477	-0.686316	0.410689	0.35166144	0.65803814	0.6361447	0.42594466	-0.07311915	0.29858366	0.042390604	0.8012682	-0.43930343	
0	0	1952	4997.79725934694	2.4407663	-0.6375754	0.39904097	0.35406315	0.6841124	0.54531926	0.7516809	-0.49153432	0.33810157	-0.11225902	0.62202615	-0.9743069	
0	0	1953	5000.357606303572	2.4468153	-0.5612621	0.3901695	0.3377125	0.7424364	0.5328173	1.8064916	-0.21524985	0.34828869	-0.34020284	0.339408	-1.9428887	
0	0	1954	5002.917953260205	2.3114195	-0.5463232	0.38829726	0.31656423	0.7845981	0.60184914	1.5529318	0.6452651	0.35506096	-0.91671574	0.2022451	2.3241591	
0	0	1955	5005.478300216837	2.23833	-0.5996749	0.39110395	0.30637234	0.76458865	0.7016902	0.97861814	0.79174894	0.8875432	-2.1654315	0.30859467	1.00139	
0	0	1956	5008.03864717347	2.3072813	-0.6638924	0.3929113	0.30993348	0.69386786	0.74922055	0.70346546	0.7360252	2.765445	1.5869081	0.3931596	0.27103573	
0	0	1957	5010.598994130103	2.4821663	-0.6861086	0.39030087	0.31723842	0.6352364	0.7103938	0.5489261	0.5657517	1.4511077	0.94100535	0.5125506	-0.25349283	
0	0	1958	5013.159341086735	2.6580272	-0.6495817	0.38509622	0.3170476	0.6246477	0.63527983	0.5068306	0.3427601	1.2400329	0.8712706	0.7444902	-0.55433017	
0	0	1959	5015.719688043368	2.7235515	-0.5806253	0.38185546	0.30878636	0.65373373	0.58978134	0.5177283	0.23586208	1.1575896	1.0246422	1.1590003	-0.521989	
0	0	1960	5018.280035000001	2.6762028	-0.52125764	0.38254794	0.30308557	0.6962864	0.5995452	0.5096001	0.20647684	0.9006159	1.3922907	1.4143114	-0.041617688	
0	0	1961	5020.840381956633	2.5963824	-0.48366132	0.38426974	0.30952686	0.72420245	0.65520567	0.4790265	0.18077956	0.42762658	1.6793262	1.0261387	0.37386513	
0	0	1962	5023.400728913266	2.5172675	-0.45152166	0.38226613	0.32589528	0.71582913	0.72381234	0.43599075	0.118052475	0.11459949	0.91930485	0.7076973	0.51032895	
0	0	1963	5025.961075869899	2.4041595	-0.41806906	0.37487587	0.3400796	0.67490196	0.75242174	0.39794207	-0.050162792	0.26835454	-0.36723882	0.5398481	0.61236644	
0	0	1964	5028.521422826531	2.2399492	-0.40299416	0.3653096	0.34143576	0.64554733	0.70442	0.45901272	-0.37268367	0.57617563	-0.3922457	0.4245663	0.88639873	
0	0	1965	5031.0817697831635	2.0731518	-0.42786452	0.35849947	0.33103812	0.67342114	0.63247293	0.79030275	-0.3000595	1.1373745	0.027621992	0.29831308	1.5872082	
0	0	1966	5033.642116739797	1.9641433	-0.48883545	0.35637417	0.3204491	0.74487704	0.6218905	0.87558633	0.26117918	1.1773171	1.0176791	0.27313012	2.8988066	
0	0	1967	5036.202463696429	1.9316776	-0.5608766	0.35645768	0.31971672	0.81538886	0.6767098	0.6724224	0.6160874	0.67291576	1.4858925	0.43498105	-2.5220523	
0	0	1968	5038.762810653062	1.9525417	-0.6209611	0.3549418	0.32778415	0.8617365	0.7621132	0.47720137	0.7875804	0.42091176	1.6506464	0.64615625	-2.1640143	
0	0	1969	5041.323157609695	1.9870468	-0.6653127	0.3506605	0.33568758	0.8831595	0.8572783	0.32879627	0.7892033	0.27104667	1.7585784	0.91180575	-2.043327	
0	0	1970	5043.883504566327	2.0147085	-0.70822835	0.34586844	0.3370795	0.87984675	0.9599724	0.24548252	0.6015577	0.14218713	1.9201264	1.327291	-2.1562166	
0	0	1971	5046.44385152296	2.0571754	-0.76450425	0.34334487	0.3354588	0.8385671	1.065689	0.22650523	0.33611336	0.044335946	-1.6163555	1.7551833	-2.8167	
0	0	1972	5049.004198479593	2.1665683	-0.8287923	0.342956	0.33972946	0.7516527	1.138005	0.2506363	0.16117932	0.43190056	-0.5703907	0.81852514	2.5915775	
0	0	1973	5051.564545436225	2.3822322	-0.86702746	0.34164277	0.35341522	0.65234905	1.1214879	0.30273575	0.13418286	0.57345784	0.5530251	0.17329171	2.439928	
0	0	1974	5054.124892392858	2.6542225	-0.8371366	0.33696923	0.36968848	0.59135157	1.000789	0.37039188	0.29850712	0.40164742	0.96868914	0.13016424	-1.4050165	
0	0	1975	5056.685239349491	2.798919	-0.74246675	0.32991666	0.37875757	0.60113835	0.824701	0.37871695	0.64719176	0.28442624	1.1174321	0.2838828	-1.3701501	
0	0	1976	5059.245586306123	2.7038698	-0.65342546	0.32375553	0.37783596	0.6999963	0.6849778	0.298731	0.8837128	0.17929009	1.2380638	0.37690192	-1.5152943	
0	0	1977	5061.805933262756	2.5003257	-0.6258745	0.3208225	0.37358215	0.89143246	0.6757104	0.23332174	0.8799001	0.044546656	2.2139478	0.45118687	-1.7968439	
0	0	1978	5064.366280219388	2.332427	-0.6549008	0.32056752	0.37583575	1.0984653	0.8506051	0.20348057	0.70752615	0.48399314	-1.781751	0.6150284	-2.2947257	
0	0	1979	5066.926627176021	2.2422674	-0.71387064	0.32007265	0.38865733	1.1218004	1.1171396	0.21509777	0.35431668	0.78324115	-0.06016508	1.5268176	-3.043827	
0	0	1980	5069.486974132654	2.226479	-0.7832074	0.31689617	0.40648612	0.9778352	1.2862191	0.40106994	-0.11577752	0.48092148	0.17652862	3.2834713	0.57089245	
0	0	1981	5072.047321089286	2.28649	-0.8519959	0.31155574	0.42089778	0.8353774	1.3237761	1.460904	1.0377238	0.39918607	0.085451856	1.1780728	-0.14453895	
0	0	1982	5074.607668045919	2.4496307	-0.9044123	0.30642375	0.43055293	0.7451941	1.2829958	0.56912196	1.5602558	0.4034975	-0.077645004	0.760272	-0.4519452	
0	0	1983	5077.168015002552	2.7337132	-0.89851445	0.30232155	0.44176388	0.7005721	1.2105474	0.42668664	1.4480352	0.5234734	-0.18343283	0.54695845	-0.74014986	
0	0	1984	5079.7283619591835	2.9772441	-0.7933537	0.29757047	0.45916387	0.6862027	1.1327147	0.3823538	1.292831	0.99963444	0.34132734	0.4017234	-1.1318241	
0	0	1985	5082.288708915817	2.9091468	-0.6509746	0.2899292	0.4790727	0.6923168	1.0566812	0.36680073	1.094019	0.34533554	1.526044	0.32430804	-1.7810992	
0	0	1986	5084.84905587245	2.628332	-0.5641015	0.27925685	0.49064317	0.72003466	0.9859379	0.37384	0.8139686	0.06940348	1.0087196	0.39145303	-2.7022085	
0	0	1987	5087.409402829082	2.3317606	-0.5427774	0.26871014	0.48425752	0.77506083	0.9364567	0.44354734	0.41483024	0.095006734	-0.6554613	0.7184561	2.3898115	
0	0	1988	5089.969749785715	2.0775032	-0.5746132	0.26289418	0.4633681	0.85474217	0.9368095	0.7734096	0.019062197	0.18357667	-0.88557327	0.4356492	0.25487706	
0	0	1989	5092.530096742348	1.8842204	-0.6624401	0.26385453	0.4473317	0.92473185	1.0160912	2.1767306	0.32363647	0.29433885	-0.88471836	0.23687515	-1.8847328	
0	0	1990	5095.09044369898	1.8047959	-0.8117181	0.2687024	0.45655122	0.8973499	1.1489536	1.7480327	1.3255718	0.50630224	-0.7547232	0.41925526	-2.8517807	
0	0	1991	5097.650790655613	1.9333633	-0.98024803	0.27124497	0.49529243	0.7634724	1.190303	1.1399374	1.4362321	1.4821827	-0.28090373	0.6004509	2.903338	
0	0	1992	5100.211137612246	2.2994368	-1.0678246	0.2665144	0.54891896	0.67135507	1.0651896	0.8847327	1.4064327	1.1280993	2.2730129	0.70875925	2.4011714	
0	0	1993	5102.771484568878	2.7583423	-1.0277711	0.25443223	0.59496516	0.6784622	0.9045859	0.70487744	1.3442254	0.449035	2.8090508	0.6578277	1.8992604	
0	0	1994	5105.331831525511	3.0736773	-0.9024235	0.23930137	0.61677206	0.7405412	0.8118804	0.5353758	1.1960236	0.30489433	-3.099784	0.47518405	1.5037398	
0	0	1995	5107.892178482144	3.1030805	-0.76364154	0.2263682	0.61146	0.8137509	0.78822404	0.4280805	0.773885	0.24439877	-2.780746	0.27720833	1.3120953	
0	0	1996	5110.452525438776	2.898134	-0.67382854	0.21907526	0.59051526	0.87467384	0.8075006	0.567342	0.30921167	0.18017055	-2.4735062	0.12821472	1.566885	
0	0	1997	5113.0128723954085	2.6357152	-0.6684471	0.21784699	0.57382065	0.9149427	0.84692824	0.85007393	0.33813596	0.039419934	2.5752206	0.118863836	2.6934483	
0	0	1998	5115.573219352042	2.486696	-0.7394666	0.2200657	0.5776119	0.9371361	0.8940375	0.9830112	0.60673684	0.37513492	2.852769	0.23644021	-3.138632	
0	0	1999	5118.133566308674	2.5206854	-0.8320089	0.22176571	0.603415	0.9439235	0.94954425	0.8899932	0.8828263	0.3818315	-2.80903	0.47207344	-2.789705	
0	0	2000	5120.693913265307	2.6782956	-0.8912504	0.22051787	0.64010614	0.9246936	1.0118076	0.678773	1.0834436	0.33505958	-2.4845414	1.3695902	-0.4327413	
0	0	2001	5123.25426022194	2.840948	-0.911217	0.21651536	0.67544353	0.8765077	1.0576575	0.44094878	1.1734209	0.25860295	-2.2067444	0.48470595	1.081758	
0	0	2002	5125.814607178572	2.9411626	-0.92180187	0.21123879	0.7030636	0.8198141	1.0679184	0.22457342	0.98706317	0.13938999	-2.0259655	0.48665205	1.3919784	
0	0	2003	5128.3749541352045	3.015493	-0.950642	0.20607072	0.72160774	0.77546155	1.0416796	0.16543205	-0.14250037	0.06478219	-3.0486863	0.55324364	1.4483527	
0	0	2004	5130.935301091838	3.1733391	-0.9925209	0.20196107	0.7319011	0.75845426	0.9901399	0.36099806	-0.59420526	0.1350322	2.909117	0.64338756	1.4566474	
0	0	2005	5133.49564804847	3.4727705	-0.9930129	0.1996924	0.73638034	0.7781038	0.9421129	0.61817557	-0.4405715	0.15019469	-2.842102	0.76664525	1.4949588	
0	0	2006	5136.055995005103	3.6655521	-0.901754	0.1997787	0.73994464	0.8207382	0.9341354	0.76585215	-0.004316664	0.23587368	-1.2051866	0.9545169	1.6087679	
0	0	2007	5138.616341961736	3.408493	-0.8013784	0.20205297	0.7493458	0.84923416	0.95924914	0.5821759	0.3814173	0.95170176	0.4342279	1.2755036	1.8455732	
0	0	2008	5141.176688918368	2.9598985	-0.7992564	0.20545666	0.7695835	0.8587364	0.969087	0.36467645	0.2769389	0.94229215	1.521998	1.8441572	2.329872	
0	0	2009	5143.737035875001	2.6252036	-0.8913888	0.20847595	0.80097663	0.8898618	0.9450248	0.34892854	-0.22840136	0.7804221	1.7889665	1.9573127	-2.9751139	
0	0	2010	5146.297382831633	2.4796667	-1.0374687	0.2098514	0.8396553	0.9909929	0.9274025	0.5246751	-0.51527286	0.6853774	1.8107754	0.90866005	-2.355132	
0	0	2011	5148.857729788266	2.5449455	-1.1964245	0.20914756	0.87986887	1.1724256	1.0066581	0.92141277	-0.54770166	0.61097753	1.7029853	0.47100314	-2.5682423	
0	0	2012	5151.418076744899	2.8594058	-1.3177394	0.20663586	0.91751474	1.2945755	1.2285154	2.4152098	-0.2645955	0.55021816	1.465785	0.46456563	-2.94196	
0	0	2013	5153.978423701531	3.4418616	-1.3317378	0.20259483	0.9509865	1.2025467	1.4569855	2.345329	1.8793035	0.5435813	1.056085	0.56216305	-3.022677	
0	0	2014	5156.538770658164	3.998845	-1.1728662	0.19691823	0.9777624	1.0261111	1.5691425	0.72759897	2.1921241	0.7714601	0.54914564	0.6740523	-2.9560509	
0	0	2015	5159.099117614797	3.778554	-0.93844247	0.18985663	0.99132967	0.8836934	1.5755087	0.31986788	2.1776202	2.222628	0.6013468	0.8175804	-2.804135	
0	0	2016	5161.6594645714285	3.0697856	-0.84915954	0.18307543	0.9835021	0.7994984	1.510838	0.1185094	1.7807995	1.5001273	2.0282593	1.0732405	-2.5442173	
0	0	2017	5164.219811528062	2.55405	-0.91959774	0.17968549	0.9540285	0.7791359	1.4134219	0.116019316	0.07818881	0.66685706	2.088354	1.7615157	-2.036035	
0	0	2018	5166.780158484695	2.3337812	-1.074507	0.18259701	0.92042726	0.81705034	1.3409084	0.31789014	-0.43306977	0.37574542	2.0195692	3.1391504	-0.5339827	
0	0	2019	5169.340505441327	2.3914645	-1.2555364	0.19155268	0.91403794	0.8709994	1.3337568	0.82511634	-0.703699	0.20825163	1.981148	1.5531309	0.81231856	
0	0	2020	5171.90085239796	2.812414	-1.4021382	0.20105164	0.95445603	0.88435376	1.3563969	7.3512053	-1.7161424	0.0859499	2.169077	1.0856017	1.4298625	
0	0	2021	5174.461199354593	3.8284361	-1.3705746	0.20348673	1.0274673	0.86232895	1.3398123	1.6313312	2.317432	0.07402506	-2.2576048	1.1246767	1.9447128	
0	0	2022	5177.0215463112245	4.4031067	-0.95049405	0.19629373	1.0947185	0.8554301	1.2644597	1.057546	2.1362228	0.2898864	-1.8358854	2.984018	2.7555869	
0	0	2023	5179.581893267858	3.0769184	-0.6952489	0.18439916	1.122806	0.90208393	1.162638	0.95863146	2.1111608	1.1688952	-1.3165678	1.0603114	-0.086556755	
0	0	2024	5182.142240224491	2.2098331	-0.8019837	0.17560637	1.1047297	1.0206676	1.0869639	0.96210027	2.2475865	1.0270042	0.41846168	0.51376635	0.5907614	
0	0	2025	5184.702587181123	1.8352102	-1.0428162	0.17542249	1.0686727	1.2060274	1.0939485	0.8962916	2.6096718	0.57042783	0.69987273	0.38345227	0.93750787	
0	0	2026	5187.262934137756	1.716573	-1.3385038	0.18318827	1.062296	1.365269	1.2207412	0.53292495	-3.1229625	0.44548598	0.8346078	0.279482	1.1347126	
0	0	2027	5189.823281094389	1.8008434	-1.6666834	0.1916606	1.107999	1.3200841	1.3799156	0.06344956	-2.9469285	0.40714613	1.0190569	0.14842726	1.2886839	
0	0	2028	5192.383628051021	2.1825945	-2.0001178	0.19332977	1.1833642	1.1634585	1.412462	0.2667492	0.926482	0.42960593	1.323568	0.030510351	-2.262455	
0	0	2029	5194.9439750076535	3.2172937	-2.252227	0.18742841	1.2498391	1.0822324	1.3390386	0.48088866	1.0998973	0.58901983	1.8693362	0.23835775	-1.859135	
0	0	2030	5197.504321964287	5.587397	-2.1668224	0.17886676	1.285007	1.0941914	1.2566206	0.63780534	1.2625093	1.2169958	-2.873243	0.41352126	-1.854588	
0	0	2031	5200.064668920919	6.1614003	-1.6648905	0.1727552	1.292479	1.160682	1.2209396	0.76031864	1.4275988	0.5113035	-1.0521871	0.43583074	-2.0014825	
0	0	2032	5202.625015877552	4.63171	-1.578773	0.17080237	1.2934976	1.231449	1.251999	0.84972936	1.6197118	0.31081024	-0.2741491	0.27306288	-2.4510262	
0	0	2033	5205.185362834185	4.05409	-1.7616193	0.17086227	1.3051821	1.2338749	1.3340212	0.87043995	1.8795661	0.27823994	0.2740809	0.17441523	2.329934	
0	0	2034	5207.745709790817	4.291979	-2.0088463	0.17000297	1.3226019	1.1418537	1.3921869	0.66592145	2.208149	0.31114218	0.6527439	0.35622627	1.4098182	
0	0	2035	5210.3060567474495	5.680506	-2.2045836	0.16833203	1.3287463	1.0493699	1.3781649	0.38687092	1.8068397	0.41201428	0.82488066	0.53552157	1.0653313	
0	0	2036	5212.866403704082	9.756497	-2.0378463	0.16891164	1.3186291	1.0107027	1.3435097	0.52650994	1.5216523	0.6277067	0.56066287	0.6775774	0.8111764	
0	0	2037	5215.426750660715	8.838821	-1.2472545	0.17428418	1.3097079	0.9962503	1.3334286	0.5780377	1.5364935	0.47830388	-0.41285342	0.8009809	0.54748553	
0	0	2038	5217.987097617348	5.023051	-1.1497871	0.18316606	1.3274193	0.97171265	1.3452541	0.5668492	1.4680896	0.1588503	-0.8559043	0.9266116	0.21061772	
0	0	2039	5220.54744457398	3.6832283	-1.334549	0.19038855	1.3782122	0.9260978	1.3534529	0.5932243	1.2572399	0.02834246	-1.3657427	1.048762	-0.28954428	
0	0	2040	5223.107791530613	3.2403698	-1.5555038	0.19134024	1.4416287	0.87754256	1.3285838	0.7870299	1.0447959	0.045779914	2.588679	0.99345934	-1.056153	
0	0	2041	5225.668138487245	3.2078571	-1.7450596	0.18634553	1.4890256	0.86771685	1.2745476	1.2395291	1.0939997	0.08277182	2.4263577	0.53633976	-1.9095349	
0	0	2042	5228.228485443878	3.4122117	-1.8752409	0.17962407	1.505178	0.90626264	1.2517438	1.7094193	1.5337833	0.09801779	2.3710783	0.045439143	2.0172725	
0	0	2043	5230.788832400511	3.7472858	-1.9389802	0.17545304	1.4957852	0.94590044	1.2842108	1.434124	2.053767	0.08283396	2.431217	0.6318094	0.6373923	
0	0	2044	5233.349179357144	4.1234202	-1.9463147	0.17525515	1.4819828	0.95814776	1.3378104	0.9192973	2.234377	0.10756561	-2.383013	1.4619262	0.67809653	
0	0	2045	5235.909526313776	4.4850583	-1.9145359	0.17682736	1.4807051	0.95116526	1.3863108	0.60227805	2.0530157	0.59870774	2.7586112	2.2033715	0.9785341	
0	0	2046	5238.469873270409	4.8158803	-1.8544052	0.17717333	1.4881806	0.93978244	1.4240234	0.54758316	1.6417412	0.42823106	2.0266545	2.383995	1.2559134	
0	0	2047	5241.030220227042	5.087802	-1.7660285	0.17610948	1.4911283	0.932598	1.4551214	0.66227657	1.4467397	0.38012543	1.7347281	2.3242896	1.4034287	
