# www.neaspec.com
# Scan:	 	Fourier Scan
# Project:	 	2025.09.30. Jack Harrison
# Description:	 	SSS_QuickLeft
# Date:	 	10/03/2025 11:44:01
# Reference:	 	10/03/2025 11:02:41 GoldRef-before_SSS_linescans
# Scanner Center Position (X, Y):	[µm]	50.12	43.68	 
# Rotation:	[°]	0	 	 
# Scan Area (X, Y, Z):	[µm]	0.000	0.000	0.000
# Pixel Area (X, Y, Z):	[px]	1	1	1024
# Interferometer:	800µm	 	 	 
# Interferometer Center/Distance:	[µm]	470.000	490.000	 
# Averaging:	 	16	 	 
# Integration time:	[ms]	20	 	 
# Wavenumber Scaling:	 	0.999295	 	 
# Laser Source:	 	Synchrotron A	
# Detector:	 	R
# Target Wavelength:	[µm]		 	 
# Demodulation Mode:	 	Fourier
# Tip Frequency:	[Hz]	88,906.750	 	 
# Tip Amplitude:	[mV]	18.400	 	 
# Tapping Amplitude:	[nm]	96.330	 	 
# Modulation Frequency:	[Hz]	0.000	 	 
# Modulation Amplitude:	[mV]	0.000	 	 
# Modulation Offset:	[mV]	0.000	 	 
# Setpoint:	[%]	79.68	 	 
# Regulator (P, I, D):	 	2.287734	3.395358	1.000000
# Tip Potential:	[mV]	0.000	 	 
# M1A Scaling:	[nm/V]	1.520	 	 
# M1A Cantilever Factor:	 	0.832	 	 
# Q-Factor:	 	165.4	 	 
# Version:	 	2.2.13275.0
Row	Column	Omega	Wavenumber	O0A	O0P	O1A	O1P	O2A	O2P	O3A	O3P	O4A	O4P	O5A	O5P	
0	0	0	0	0.84014356	-8.742278E-08	0	0	0.005483721	6.3382868E-06	0	0	0	0	0	0	
0	0	1	2.5492221264030612	0.85835546	-0.36339697	0	0	0.041429717	-1.7574425	0	0	0	0	0	0	
0	0	2	5.0984442528061225	0.97796607	-0.9258477	0	0	0.07701786	-2.1523907	0	0	0	0	0	0	
0	0	3	7.647666379209183	1.511925	-1.9670962	0	0	0.10165279	-2.5319242	0	0	0	0	0	0	
0	0	4	10.196888505612245	1.813258	2.85063	0	0	0.10964268	-2.940317	0	0	0	0	0	0	
0	0	5	12.746110632015307	1.3411846	2.1613524	0	0	0.09925827	2.8792	0	0	0	0	0	0	
0	0	6	15.295332758418366	1.0608262	2.0129976	0	0	0.077603646	2.2718616	0	0	0	0	0	0	
0	0	7	17.844554884821427	0.8438571	2.1736062	0	0	0.068306945	1.3183669	0	0	0	0	0	0	
0	0	8	20.39377701122449	0.5605705	2.733291	0	0	0.112301864	0.3931583	0	0	0	0	0	0	
0	0	9	22.942999137627552	0.23885141	-2.118532	0	0	0.24965706	-0.13613462	0	0	0	0	0	0	
0	0	10	25.492221264030615	0.25408557	-0.46977782	0	0	0.97974354	-0.64015657	0	0	0	0	0	0	
0	0	11	28.041443390433674	0.26673084	0.07900713	0	0	0.7357464	2.7427	0	0	0	0	0	0	
0	0	12	30.590665516836733	0.2087289	0.28882283	0	0	0.27704498	2.3581088	0	0	0	0	0	0	
0	0	13	33.139887643239796	0.11176942	0.18128495	0	0	0.15817186	1.9042796	0	0	0	0	0	0	
0	0	14	35.689109769642855	0.104605354	-1.3258146	0	0	0.13895331	0.84076464	0	0	0	0	0	0	
0	0	15	38.23833189604592	0.34913012	-1.4302624	0	0	0.551287	-1.3287	0	0	0	0	0	0	
0	0	16	40.78755402244898	0.54585266	-0.8128357	0	0	0.20720358	-2.97345	0	0	0	0	0	0	
0	0	17	43.33677614885204	0.4204959	-0.46263307	0	0	0.11243143	3.04996	0	0	0	0	0	0	
0	0	18	45.885998275255105	0.33711782	-0.62690324	0	0	0.063150205	3.011135	0	0	0	0	0	0	
0	0	19	48.435220401658164	0.39853233	-0.8862387	0	0	0.018014848	-3.0910876	0	0	0	0	0	0	
0	0	20	50.98444252806123	0.57806903	-0.8832753	0	0	0.038022943	0.3293669	0	0	0	0	0	0	
0	0	21	53.53366465446429	0.80373544	-0.5895224	0	0	0.07717356	0.99683684	0	0	0	0	0	0	
0	0	22	56.08288678086735	0.8916352	-0.10108087	0	0	0.07006372	1.4663359	0	0	0	0	0	0	
0	0	23	58.63210890727041	0.7676451	0.37086707	0	0	0.05091306	1.7699393	0	0	0	0	0	0	
0	0	24	61.181331033673466	0.58778155	0.76287085	0	0	0.031703927	2.1861255	0	0	0	0	0	0	
0	0	25	63.73055316007653	0.41821912	1.1749574	0	0	0.022888057	-2.913643	0	0	0	0	0	0	
0	0	26	66.27977528647959	0.24806616	1.8437428	0	0	0.052803446	-1.7755823	0	0	0	0	0	0	
0	0	27	68.82899741288266	0.17319828	-2.6093554	0	0	0.09848837	-1.0005337	0	0	0	0	0	0	
0	0	28	71.37821953928571	0.40710166	-1.1378338	0	0	0.09841862	-0.3522975	0	0	0	0	0	0	
0	0	29	73.92744166568878	0.60191125	-0.29099563	0	0	0.066035114	-0.11932003	0	0	0	0	0	0	
0	0	30	76.47666379209184	0.70607907	0.33869377	0	0	0.047032718	-0.6696174	0	0	0	0	0	0	
0	0	31	79.0258859184949	0.7919845	0.88716775	0	0	0.082307264	-0.94081646	0	0	0	0	0	0	
0	0	32	81.57510804489796	0.88559335	1.4502616	0	0	0.105525166	-0.800996	0	0	0	0	0	0	
0	0	33	84.12433017130101	0.9545604	2.0944586	0	0	0.11681361	-0.72222525	0	0	0	0	0	0	
0	0	34	86.67355229770408	0.9102847	2.8392258	0	0	0.128778	-0.6875351	0	0	0	0	0	0	
0	0	35	89.22277442410716	0.72621465	-2.6465778	0	0	0.14713538	-0.6440302	0	0	0	0	0	0	
0	0	36	91.77199655051021	0.5162721	-1.8069541	0	0	0.17483184	-0.5241948	0	0	0	0	0	0	
0	0	37	94.32121867691328	0.38808993	-0.8606573	0	0	0.19862492	-0.23658033	0	0	0	0	0	0	
0	0	38	96.87044080331633	0.3690646	0.09105527	0	0	0.17298803	0.12455373	0	0	0	0	0	0	
0	0	39	99.4196629297194	0.39545894	0.8588363	0	0	0.12941022	0.24330351	0	0	0	0	0	0	
0	0	40	101.96888505612246	0.39184946	1.4665585	0	0	0.114529	0.20068981	0	0	0	0	0	0	
0	0	41	104.51810718252551	0.3192285	1.9905849	0	0	0.12543108	0.2727163	0	0	0	0	0	0	
0	0	42	107.06732930892858	0.15614763	2.5064607	0	0	0.143697	0.6686996	0	0	0	0	0	0	
0	0	43	109.61655143533163	0.13720664	-0.16473103	0	0	0.12642512	1.3511591	0	0	0	0	0	0	
0	0	44	112.1657735617347	0.5802615	0.66620785	0	0	0.09042615	1.9883682	0	0	0	0	0	0	
0	0	45	114.71499568813776	0.7702923	1.5986364	0	0	0.07348247	2.536902	0	0	0	0	0	0	
0	0	46	117.26421781454081	0.61755365	2.226251	0	0	0.075208925	3.0131044	0	0	0	0	0	0	
0	0	47	119.81343994094388	0.4416861	2.6367986	0	0	0.089749455	-2.8633869	0	0	0	0	0	0	
0	0	48	122.36266206734693	0.29303724	2.9918942	0	0	0.112588555	-2.4834657	0	0	0	0	0	0	
0	0	49	124.91188419375001	0.16346529	-2.8355854	0	0	0.1414365	-2.0926406	0	0	0	0	0	0	
0	0	50	127.46110632015306	0.06846697	-1.5463315	0	0	0.1768566	-1.6226337	0	0	0	0	0	0	
0	0	51	130.01032844655612	0.15537302	0.2627662	0	0	0.19352084	-0.9444474	0	0	0	0	0	0	
0	0	52	132.55955057295918	0.2572777	1.3581573	0	0	0.13441165	-0.24829897	0	0	0	0	0	0	
0	0	53	135.10877269936225	0.18465033	2.4181879	0	0	0.068291426	0.053869065	0	0	0	0	0	0	
0	0	54	137.65799482576531	0.091258645	-2.6744921	0	0	0.031766865	-0.251213	0	0	0	0	0	0	
0	0	55	140.20721695216835	0.106402315	-1.1881642	0	0	0.034868818	-1.1855252	0	0	0	0	0	0	
0	0	56	142.75643907857142	0.1805668	-0.42266697	0	0	0.066944994	-1.4562962	0	0	0	0	0	0	
0	0	57	145.3056612049745	0.2582977	0.16958843	0	0	0.12052037	-1.4234588	0	0	0	0	0	0	
0	0	58	147.85488333137755	0.30695817	0.8432096	0	0	0.22596201	-1.20123	0	0	0	0	0	0	
0	0	59	150.40410545778062	0.28421775	1.6096462	0	0	0.4270613	-0.4575531	0	0	0	0	0	0	
0	0	60	152.95332758418368	0.22342613	2.3772216	0	0	0.296406	0.55479026	0	0	0	0	0	0	
0	0	61	155.50254971058675	0.18626992	-3.132874	0	0	0.14845501	0.7640212	0	0	0	0	0	0	
0	0	62	158.0517718369898	0.18720011	-2.3569875	0	0	0.093461566	0.38700652	0	0	0	0	0	0	
0	0	63	160.60099396339288	0.20807196	-1.5958811	0	0	0.13019013	-0.0037274403	0	0	0	0	0	0	
0	0	64	163.15021608979592	0.21639018	-0.8252743	0	0	0.1869238	0.28852743	0	0	0	0	0	0	
0	0	65	165.69943821619898	0.19946283	-0.03977297	0	0	0.17906708	0.749757	0	0	0	0	0	0	
0	0	66	168.24866034260202	0.17990948	0.7915942	0	0	0.13955428	1.1744058	0	0	0	0	0	0	
0	0	67	170.79788246900512	0.18379836	1.6681123	0	0	0.10056801	1.7912476	0	0	0	0	0	0	
0	0	68	173.34710459540815	0.21375161	2.4909625	0	0	0.10344253	3.1024208	0	0	0	0	0	0	
0	0	69	175.89632672181122	0.24462521	-3.0528848	0	0	0.20224588	-1.6956334	0	0	0	0	0	0	
0	0	70	178.44554884821432	0.24389918	-2.3498116	0	0	0.1962343	-0.65635514	0	0	0	0	0	0	
0	0	71	180.99477097461735	0.19560224	-1.6054552	0	0	0.1398298	-0.19368829	0	0	0	0	0	0	
0	0	72	183.54399310102042	0.119092375	-0.50926286	0	0	0.087715864	0.035839923	0	0	0	0	0	0	
0	0	73	186.09321522742346	0.14891279	1.3480228	0	0	0.03273139	-0.037946317	0	0	0	0	0	0	
0	0	74	188.64243735382655	0.32387656	2.5038812	0	0	0.04571567	-1.9315315	0	0	0	0	0	0	
0	0	75	191.1916594802296	0.4783632	-2.7920997	0	0	0.11648962	-1.7919636	0	0	0	0	0	0	
0	0	76	193.74088160663266	0.4729498	-1.8392849	0	0	0.16795336	-1.4820797	0	0	0	0	0	0	
0	0	77	196.29010373303572	0.37832943	-0.96252644	0	0	0.19470876	-1.2009275	0	0	0	0	0	0	
0	0	78	198.8393258594388	0.31049892	-0.06417748	0	0	0.20785938	-0.93761885	0	0	0	0	0	0	
0	0	79	201.38854798584183	0.31399244	0.85626596	0	0	0.21288908	-0.6303659	0	0	0	0	0	0	
0	0	80	203.93777011224492	0.37996408	1.6923484	0	0	0.20293072	-0.21712765	0	0	0	0	0	0	
0	0	81	206.48699223864796	0.47039425	2.4941857	0	0	0.1696894	0.30055058	0	0	0	0	0	0	
0	0	82	209.03621436505102	0.5233868	-2.8849907	0	0	0.13186331	0.86444294	0	0	0	0	0	0	
0	0	83	211.58543649145406	0.47590536	-1.8338388	0	0	0.114710554	1.4658483	0	0	0	0	0	0	
0	0	84	214.13465861785716	0.40444615	-0.737388	0	0	0.1221901	2.0870328	0	0	0	0	0	0	
0	0	85	216.68388074426022	0.40841982	0.23050393	0	0	0.13853365	2.7078474	0	0	0	0	0	0	
0	0	86	219.23310287066326	0.46935797	0.9811113	0	0	0.13808292	-2.9809077	0	0	0	0	0	0	
0	0	87	221.78232499706635	0.5423472	1.6105245	0	0	0.116950035	-2.4542472	0	0	0	0	0	0	
0	0	88	224.3315471234694	0.57881165	2.2333248	0	0	0.08970211	-1.9180499	0	0	0	0	0	0	
0	0	89	226.88076924987246	0.51966244	2.878925	0	0	0.070048526	-1.1539263	0	0	0	0	0	0	
0	0	90	229.42999137627552	0.38406238	-2.8062847	0	0	0.07989204	-0.10285718	0	0	0	0	0	0	
0	0	91	231.9792135026786	0.2610646	-2.2739136	0	0	0.116618685	0.84649336	0	0	0	0	0	0	
0	0	92	234.52843562908163	0.19401625	-1.7194207	0	0	0.11652693	1.6558185	0	0	0	0	0	0	
0	0	93	237.0776577554847	0.19279681	-1.113393	0	0	0.05801701	2.1043844	0	0	0	0	0	0	
0	0	94	239.62687988188776	0.25511432	-0.54905105	0	0	0.035712305	0.28989556	0	0	0	0	0	0	
0	0	95	242.17610200829083	0.35318893	-0.01236475	0	0	0.13801469	0.23851384	0	0	0	0	0	0	
0	0	96	244.72532413469386	0.41770712	0.50564325	0	0	0.26894513	0.5831394	0	0	0	0	0	0	
0	0	97	247.27454626109696	0.40829888	0.9250394	0	0	0.39069515	1.050312	0	0	0	0	0	0	
0	0	98	249.82376838750002	0.34941077	1.2182188	0	0	0.43663263	1.535747	0	0	0	0	0	0	
0	0	99	252.37299051390306	0.26187602	1.3856602	0	0	0.4101107	1.9631323	0	0	0	0	0	0	
0	0	100	254.92221264030613	0.15762995	1.2771859	0	0	0.34081668	2.396013	0	0	0	0	0	0	
0	0	101	257.4714347667092	0.13824096	0.32358125	0	0	0.20663881	2.9777138	0	0	0	0	0	0	
0	0	102	260.02065689311223	0.30955604	0.007326448	0	0	0.020773835	-1.8584443	0	0	0	0	0	0	
0	0	103	262.5698790195153	0.52275205	0.20448163	0	0	0.1199376	0.69908947	0	0	0	0	0	0	
0	0	104	265.11910114591836	0.68078434	0.50857854	0	0	0.18208586	1.0057957	0	0	0	0	0	0	
0	0	105	267.66832327232146	0.7362272	0.7925845	0	0	0.21494897	1.1980011	0	0	0	0	0	0	
0	0	106	270.2175453987245	0.7091096	0.9921339	0	0	0.23490095	1.3798549	0	0	0	0	0	0	
0	0	107	272.76676752512753	0.6635994	1.0704278	0	0	0.2392326	1.610692	0	0	0	0	0	0	
0	0	108	275.31598965153063	0.68223655	1.0802491	0	0	0.21074444	1.9019216	0	0	0	0	0	0	
0	0	109	277.8652117779337	0.7599978	1.1821887	0	0	0.1451582	2.1549575	0	0	0	0	0	0	
0	0	110	280.4144339043367	0.80608225	1.4001491	0	0	0.073822625	2.10469	0	0	0	0	0	0	
0	0	111	282.9636560307398	0.7801468	1.6919048	0	0	0.058047224	1.143549	0	0	0	0	0	0	
0	0	112	285.51287815714284	0.6770891	2.0787592	0	0	0.12990679	1.0510874	0	0	0	0	0	0	
0	0	113	288.06210028354593	0.49138555	2.6883438	0	0	0.15252967	1.8418435	0	0	0	0	0	0	
0	0	114	290.611322409949	0.31276938	-2.3177352	0	0	0.079367206	2.4759586	0	0	0	0	0	0	
0	0	115	293.160544536352	0.44636896	-0.79108506	0	0	0.029127669	3.071748	0	0	0	0	0	0	
0	0	116	295.7097666627551	0.61779827	0.008812158	0	0	0.021098332	-1.4518274	0	0	0	0	0	0	
0	0	117	298.2589887891582	0.6444823	0.5258571	0	0	0.048321925	-0.7820944	0	0	0	0	0	0	
0	0	118	300.80821091556123	0.54621387	0.93100137	0	0	0.07941822	-0.41431916	0	0	0	0	0	0	
0	0	119	303.35743304196427	0.34844	1.2962806	0	0	0.10099171	0.051759567	0	0	0	0	0	0	
0	0	120	305.90665516836737	0.07479189	1.7079854	0	0	0.09194163	0.51512516	0	0	0	0	0	0	
0	0	121	308.4558772947704	0.23879404	-1.2275522	0	0	0.07170361	0.816499	0	0	0	0	0	0	
0	0	122	311.0050994211735	0.5491151	-0.8999181	0	0	0.057955503	1.049938	0	0	0	0	0	0	
0	0	123	313.55432154757654	0.8208378	-0.58671904	0	0	0.052810796	1.3430587	0	0	0	0	0	0	
0	0	124	316.1035436739796	0.9963428	-0.263027	0	0	0.05866654	1.7435148	0	0	0	0	0	0	
0	0	125	318.65276580038267	0.98983514	0.016121723	0	0	0.080762096	2.2070935	0	0	0	0	0	0	
0	0	126	321.20198792678576	0.8935607	0.1202415	0	0	0.12166014	2.7143247	0	0	0	0	0	0	
0	0	127	323.7512100531888	0.8839521	0.11712161	0	0	0.16717245	-3.003608	0	0	0	0	0	0	
0	0	128	326.30043217959184	0.94400895	0.15814003	0	0	0.18784365	-2.4498308	0	0	0	0	0	0	
0	0	129	328.8496543059949	0.99722624	0.27320564	0	0	0.17981212	-1.9850286	0	0	0	0	0	0	
0	0	130	331.39887643239797	0.9860942	0.43063378	0	0	0.15877996	-1.5924273	0	0	0	0	0	0	
0	0	131	333.94809855880106	0.89882916	0.57231784	0	0	0.13463989	-1.2039504	0	0	0	0	0	0	
0	0	132	336.49732068520404	0.7818771	0.64431465	0	0	0.11232909	-0.720005	0	0	0	0	0	0	
0	0	133	339.04654281160714	0.6952603	0.62725043	0	0	0.09996514	0.0152927	0	0	0	0	0	0	
0	0	134	341.59576493801023	0.6918482	0.55175734	0	0	0.11692175	1.1238962	0	0	0	0	0	0	
0	0	135	344.1449870644133	0.831753	0.5538835	0	0	0.1478936	2.5415108	0	0	0	0	0	0	
0	0	136	346.6942091908163	1.0745653	0.85519886	0	0	0.11307383	-2.356796	0	0	0	0	0	0	
0	0	137	349.2434313172194	1.0791458	1.3894641	0	0	0.0903019	-1.0815468	0	0	0	0	0	0	
0	0	138	351.79265344362244	0.8778263	1.8610338	0	0	0.12659615	-0.019653432	0	0	0	0	0	0	
0	0	139	354.34187557002554	0.6913032	2.285386	0	0	0.21957012	0.75127023	0	0	0	0	0	0	
0	0	140	356.89109769642863	0.53843915	2.7563045	0	0	0.355098	1.6350237	0	0	0	0	0	0	
0	0	141	359.4403198228316	0.39882734	-2.941586	0	0	0.3312577	2.682402	0	0	0	0	0	0	
0	0	142	361.9895419492347	0.26623827	-2.1542048	0	0	0.2015771	-2.9151003	0	0	0	0	0	0	
0	0	143	364.5387640756378	0.17400938	-0.96352774	0	0	0.1097871	-2.4434247	0	0	0	0	0	0	
0	0	144	367.08798620204084	0.18999691	0.45277762	0	0	0.040851846	-1.8624995	0	0	0	0	0	0	
0	0	145	369.6372083284439	0.26481223	1.4601189	0	0	0.03383786	0.8400079	0	0	0	0	0	0	
0	0	146	372.1864304548469	0.3278999	2.2471774	0	0	0.10845465	1.6386211	0	0	0	0	0	0	
0	0	147	374.73565258125	0.3592353	2.984582	0	0	0.17811821	2.3290558	0	0	0	0	0	0	
0	0	148	377.2848747076531	0.36085916	-2.5364099	0	0	0.19585115	3.016106	0	0	0	0	0	0	
0	0	149	379.8340968340561	0.35144356	-1.7232922	0	0	0.16456471	-2.709878	0	0	0	0	0	0	
0	0	150	382.3833189604592	0.35328263	-0.9028051	0	0	0.11389747	-2.3143108	0	0	0	0	0	0	
0	0	151	384.9325410868623	0.3678871	-0.17080775	0	0	0.06361171	-2.2834215	0	0	0	0	0	0	
0	0	152	387.4817632132653	0.3789274	0.41528887	0	0	0.057866618	-2.876837	0	0	0	0	0	0	
0	0	153	390.03098533966835	0.37855026	0.85716647	0	0	0.09002075	-3.0049274	0	0	0	0	0	0	
0	0	154	392.58020746607144	0.3737449	1.191018	0	0	0.12529437	-2.8777223	0	0	0	0	0	0	
0	0	155	395.1294295924745	0.37189454	1.4840983	0	0	0.16639748	-2.6785963	0	0	0	0	0	0	
0	0	156	397.6786517188776	0.36130065	1.8177534	0	0	0.2201334	-2.3828232	0	0	0	0	0	0	
0	0	157	400.22787384528067	0.31189054	2.2243946	0	0	0.27241716	-1.9349159	0	0	0	0	0	0	
0	0	158	402.77709597168365	0.22038959	2.669355	0	0	0.28125006	-1.4020499	0	0	0	0	0	0	
0	0	159	405.32631809808674	0.12151587	-3.094411	0	0	0.2546471	-0.9056421	0	0	0	0	0	0	
0	0	160	407.87554022448984	0.056070924	-2.0173106	0	0	0.2242622	-0.38827145	0	0	0	0	0	0	
0	0	161	410.4247623508929	0.08184173	-0.6795441	0	0	0.18671843	0.31291562	0	0	0	0	0	0	
0	0	162	412.9739844772959	0.13344122	-0.18844801	0	0	0.1303285	1.3084894	0	0	0	0	0	0	
0	0	163	415.52320660369895	0.17380898	0.086447135	0	0	0.09381355	2.4662964	0	0	0	0	0	0	
0	0	164	418.07242873010205	0.19967386	0.27727365	0	0	0.09526359	-2.9079635	0	0	0	0	0	0	
0	0	165	420.62165085650514	0.21743074	0.42137855	0	0	0.11043277	-2.3198888	0	0	0	0	0	0	
0	0	166	423.1708729829081	0.23231435	0.5718608	0	0	0.12753856	-1.8334334	0	0	0	0	0	0	
0	0	167	425.7200951093112	0.23933385	0.77708197	0	0	0.1280868	-1.2944381	0	0	0	0	0	0	
0	0	168	428.2693172357143	0.22748315	1.064783	0	0	0.086941995	-0.90505373	0	0	0	0	0	0	
0	0	169	430.81853936211735	0.18708482	1.4577318	0	0	0.063257396	-1.1992685	0	0	0	0	0	0	
0	0	170	433.36776148852044	0.11999731	2.0169182	0	0	0.08960815	-1.4342347	0	0	0	0	0	0	
0	0	171	435.9169836149235	0.05467319	-3.1156352	0	0	0.13564557	-1.3223737	0	0	0	0	0	0	
0	0	172	438.4662057413265	0.075747535	-1.2957369	0	0	0.19275695	-1.0454125	0	0	0	0	0	0	
0	0	173	441.0154278677296	0.13131656	-0.3542005	0	0	0.24677731	-0.65116185	0	0	0	0	0	0	
0	0	174	443.5646499941327	0.1763297	0.4995855	0	0	0.26733726	-0.213675	0	0	0	0	0	0	
0	0	175	446.1138721205357	0.22013904	1.3606111	0	0	0.24775682	0.1602325	0	0	0	0	0	0	
0	0	176	448.6630942469388	0.27147245	2.0923328	0	0	0.20816718	0.42936766	0	0	0	0	0	0	
0	0	177	451.2123163733419	0.32229164	2.6309571	0	0	0.16055441	0.57974684	0	0	0	0	0	0	
0	0	178	453.7615384997449	0.36335444	3.0143683	0	0	0.11482745	0.50225794	0	0	0	0	0	0	
0	0	179	456.31076062614795	0.3909605	-2.9885817	0	0	0.104858145	0.08704279	0	0	0	0	0	0	
0	0	180	458.85998275255105	0.4051411	-2.7749832	0	0	0.14546658	-0.14381902	0	0	0	0	0	0	
0	0	181	461.4092048789541	0.4099472	-2.5989642	0	0	0.20063268	-0.069722466	0	0	0	0	0	0	
0	0	182	463.9584270053572	0.40315673	-2.4118364	0	0	0.2459369	0.18760708	0	0	0	0	0	0	
0	0	183	466.50764913176016	0.36423358	-2.2048275	0	0	0.23659495	0.58418596	0	0	0	0	0	0	
0	0	184	469.05687125816326	0.29757422	-1.9961683	0	0	0.15768595	0.87283516	0	0	0	0	0	0	
0	0	185	471.60609338456635	0.20871708	-1.7470078	0	0	0.08517573	0.76100963	0	0	0	0	0	0	
0	0	186	474.1553155109694	0.09772168	-1.2738159	0	0	0.05619341	0.036831614	0	0	0	0	0	0	
0	0	187	476.7045376373725	0.080368206	1.0336952	0	0	0.08389328	-0.7370206	0	0	0	0	0	0	
0	0	188	479.2537597637755	0.26502544	1.8290229	0	0	0.1725338	-0.9774409	0	0	0	0	0	0	
0	0	189	481.80298189017856	0.46732724	2.4392772	0	0	0.33777887	-0.66743493	0	0	0	0	0	0	
0	0	190	484.35220401658165	0.5282359	3.12589	0	0	0.38517934	-0.10982083	0	0	0	0	0	0	
0	0	191	486.90142614298475	0.39916754	-2.5708625	0	0	0.34570926	0.16703796	0	0	0	0	0	0	
0	0	192	489.4506482693877	0.22399974	-2.1514924	0	0	0.32438236	0.31649935	0	0	0	0	0	0	
0	0	193	491.9998703957908	0.06855836	-2.006534	0	0	0.31642136	0.45549464	0	0	0	0	0	0	
0	0	194	494.5490925221939	0.07569039	2.300017	0	0	0.308007	0.6217228	0	0	0	0	0	0	
0	0	195	497.09831464859695	0.18034822	2.6169815	0	0	0.28393328	0.80765605	0	0	0	0	0	0	
0	0	196	499.64753677500005	0.25041124	-3.0339649	0	0	0.23992223	0.92383605	0	0	0	0	0	0	
0	0	197	502.1967589014031	0.28258651	-2.1854894	0	0	0.2196701	0.84927493	0	0	0	0	0	0	
0	0	198	504.7459810278061	0.30380672	-1.2344464	0	0	0.26931736	0.85702085	0	0	0	0	0	0	
0	0	199	507.2952031542092	0.32944128	-0.40310502	0	0	0.33457464	1.1694208	0	0	0	0	0	0	
0	0	200	509.84442528061226	0.33916622	0.20527448	0	0	0.34564933	1.6501764	0	0	0	0	0	0	
0	0	201	512.3936474070154	0.3260142	0.6089087	0	0	0.296314	2.1538095	0	0	0	0	0	0	
0	0	202	514.9428695334184	0.30597574	0.8559972	0	0	0.22553185	2.633197	0	0	0	0	0	0	
0	0	203	517.4920916598214	0.29630458	1.0264797	0	0	0.15711287	3.1132195	0	0	0	0	0	0	
0	0	204	520.0413137862245	0.2985238	1.2406063	0	0	0.096666865	-2.6745386	0	0	0	0	0	0	
0	0	205	522.5905359126276	0.29031718	1.6426787	0	0	0.04754384	-2.2968936	0	0	0	0	0	0	
0	0	206	525.1397580390307	0.23524079	2.408853	0	0	0.026962461	-2.7684696	0	0	0	0	0	0	
0	0	207	527.6889801654337	0.18956156	-2.598461	0	0	0.05721871	-2.9653366	0	0	0	0	0	0	
0	0	208	530.2382022918367	0.2569489	-1.5390971	0	0	0.11386148	-2.6081252	0	0	0	0	0	0	
0	0	209	532.7874244182398	0.3606851	-0.9927694	0	0	0.20597245	-2.1245365	0	0	0	0	0	0	
0	0	210	535.3366465446429	0.46469003	-0.6236697	0	0	0.32016394	-1.4919627	0	0	0	0	0	0	
0	0	211	537.885868671046	0.5460739	-0.263962	0	0	0.36057895	-0.85721624	0	0	0	0	0	0	
0	0	212	540.435090797449	0.5363201	0.12034724	0	0	0.3415762	-0.4529658	0	0	0	0	0	0	
0	0	213	542.984312923852	0.42092013	0.39128333	0	0	0.33401942	-0.22758284	0	0	0	0	0	0	
0	0	214	545.5335350502551	0.30318296	0.43087626	0	0	0.36330673	-0.079102695	0	0	0	0	0	0	
0	0	215	548.0827571766582	0.23625995	0.2755227	0	0	0.47550485	0.09222448	0	0	0	0	0	0	
0	0	216	550.6319793030613	0.21686576	0.06119851	0	0	0.8681022	0.6713031	0	0	0	0	0	0	
0	0	217	553.1812014294643	0.22261177	-0.062132295	0	0	0.5880234	2.0461907	0	0	0	0	0	0	
0	0	218	555.7304235558674	0.220491	-0.043151412	0	0	0.28730467	2.4125683	0	0	0	0	0	0	
0	0	219	558.2796456822704	0.1782979	0.030023407	0	0	0.21669126	2.6590044	0	0	0	0	0	0	
0	0	220	560.8288678086734	0.1095208	-0.17316557	0	0	0.22033659	3.0498013	0	0	0	0	0	0	
0	0	221	563.3780899350766	0.10507819	-0.9567131	0	0	0.2722968	-2.663535	0	0	0	0	0	0	
0	0	222	565.9273120614796	0.1727962	-1.2121	0	0	0.33394626	-1.9408467	0	0	0	0	0	0	
0	0	223	568.4765341878827	0.23211977	-1.0975944	0	0	0.32761285	-1.2239611	0	0	0	0	0	0	
0	0	224	571.0257563142857	0.23899734	-0.88380504	0	0	0.2654091	-0.6695096	0	0	0	0	0	0	
0	0	225	573.5749784406887	0.1873982	-0.8134788	0	0	0.1853085	-0.24617377	0	0	0	0	0	0	
0	0	226	576.1242005670919	0.15774117	-1.1513286	0	0	0.08773762	-0.016832268	0	0	0	0	0	0	
0	0	227	578.6734226934949	0.20801333	-1.4230304	0	0	0.066269375	-1.3363798	0	0	0	0	0	0	
0	0	228	581.222644819898	0.2801068	-1.3801292	0	0	0.15113594	-1.1914792	0	0	0	0	0	0	
0	0	229	583.7718669463011	0.33143795	-1.201612	0	0	0.178015	-0.8191417	0	0	0	0	0	0	
0	0	230	586.321089072704	0.34103093	-0.9888153	0	0	0.16539541	-0.55529326	0	0	0	0	0	0	
0	0	231	588.8703111991072	0.30927172	-0.8339435	0	0	0.14043571	-0.4313638	0	0	0	0	0	0	
0	0	232	591.4195333255102	0.2706792	-0.82305866	0	0	0.122682355	-0.44241512	0	0	0	0	0	0	
0	0	233	593.9687554519132	0.26712283	-0.91057014	0	0	0.11898863	-0.479613	0	0	0	0	0	0	
0	0	234	596.5179775783164	0.2979141	-0.926763	0	0	0.1189032	-0.44661698	0	0	0	0	0	0	
0	0	235	599.0671997047194	0.3302337	-0.829182	0	0	0.11156843	-0.37787673	0	0	0	0	0	0	
0	0	236	601.6164218311225	0.3392523	-0.6777829	0	0	0.096936814	-0.3651942	0	0	0	0	0	0	
0	0	237	604.1656439575255	0.32067245	-0.53988624	0	0	0.0849639	-0.48386294	0	0	0	0	0	0	
0	0	238	606.7148660839285	0.28759617	-0.46731612	0	0	0.08578268	-0.6739172	0	0	0	0	0	0	
0	0	239	609.2640882103317	0.259823	-0.48251063	0	0	0.09831717	-0.78934705	0	0	0	0	0	0	
0	0	240	611.8133103367347	0.25259477	-0.5518871	0	0	0.11575998	-0.7963379	0	0	0	0	0	0	
0	0	241	614.3625324631378	0.26653117	-0.5954757	0	0	0.13283518	-0.7221583	0	0	0	0	0	0	
0	0	242	616.9117545895408	0.2873988	-0.5693658	0	0	0.14487362	-0.59393823	0	0	0	0	0	0	
0	0	243	619.4609767159438	0.29913324	-0.4942555	0	0	0.14775322	-0.44232118	0	0	0	0	0	0	
0	0	244	622.010198842347	0.29541686	-0.4149346	0	0	0.140819	-0.3045344	0	0	0	0	0	0	
0	0	245	624.55942096875	0.2811227	-0.36865777	0	0	0.12797782	-0.2133643	0	0	0	0	0	0	
0	0	246	627.1086430951531	0.26672065	-0.37232307	0	0	0.11499051	-0.18481207	0	0	0	0	0	0	
0	0	247	629.6578652215561	0.26212156	-0.41388044	0	0	0.10636109	-0.20802231	0	0	0	0	0	0	
0	0	248	632.2070873479591	0.27131724	-0.4539727	0	0	0.103347406	-0.24493253	0	0	0	0	0	0	
0	0	249	634.7563094743623	0.2896671	-0.4562461	0	0	0.103659585	-0.25942647	0	0	0	0	0	0	
0	0	250	637.3055316007653	0.3076094	-0.41522273	0	0	0.10381594	-0.24763232	0	0	0	0	0	0	
0	0	251	639.8547537271684	0.31739572	-0.34925935	0	0	0.10214592	-0.2310308	0	0	0	0	0	0	
0	0	252	642.4039758535715	0.31678116	-0.2817617	0	0	0.09973573	-0.23033558	0	0	0	0	0	0	
0	0	253	644.9531979799744	0.3085656	-0.230585	0	0	0.09880339	-0.24443416	0	0	0	0	0	0	
0	0	254	647.5024201063776	0.29812622	-0.20362625	0	0	0.10004725	-0.2514235	0	0	0	0	0	0	
0	0	255	650.0516422327806	0.29044956	-0.19620563	0	0	0.10171847	-0.23505522	0	0	0	0	0	0	
0	0	256	652.6008643591837	0.287362	-0.19389978	0	0	0.10147764	-0.20356742	0	0	0	0	0	0	
0	0	257	655.1500864855868	0.2868909	-0.18401839	0	0	0.09878711	-0.18083175	0	0	0	0	0	0	
0	0	258	657.6993086119897	0.28565615	-0.16466603	0	0	0.09539061	-0.18597025	0	0	0	0	0	0	
0	0	259	660.2485307383928	0.28162652	-0.14269395	0	0	0.09382554	-0.21749477	0	0	0	0	0	0	
0	0	260	662.7977528647959	0.27506903	-0.127104	0	0	0.09547192	-0.25206506	0	0	0	0	0	0	
0	0	261	665.346974991199	0.2681012	-0.12346481	0	0	0.09953139	-0.2631736	0	0	0	0	0	0	
0	0	262	667.8961971176021	0.26328626	-0.12938549	0	0	0.10363754	-0.24295162	0	0	0	0	0	0	
0	0	263	670.4454192440052	0.26150426	-0.1350397	0	0	0.10568816	-0.20446265	0	0	0	0	0	0	
0	0	264	672.9946413704081	0.2611457	-0.13211575	0	0	0.1052668	-0.16693945	0	0	0	0	0	0	
0	0	265	675.5438634968112	0.25990102	-0.12068963	0	0	0.10327615	-0.1425031	0	0	0	0	0	0	
0	0	266	678.0930856232143	0.25668728	-0.10623418	0	0	0.10081918	-0.1353316	0	0	0	0	0	0	
0	0	267	680.6423077496174	0.25182766	-0.09365899	0	0	0.09891588	-0.14576966	0	0	0	0	0	0	
0	0	268	683.1915298760205	0.24611484	-0.08425406	0	0	0.09865055	-0.16806789	0	0	0	0	0	0	
0	0	269	685.7407520024235	0.23975597	-0.07653122	0	0	0.100514986	-0.18638737	0	0	0	0	0	0	
0	0	270	688.2899741288265	0.23208578	-0.07049965	0	0	0.10342144	-0.18519402	0	0	0	0	0	0	
0	0	271	690.8391962552296	0.2225479	-0.07156761	0	0	0.10526866	-0.16579337	0	0	0	0	0	0	
0	0	272	693.3884183816326	0.21211399	-0.08887313	0	0	0.10483788	-0.14698409	0	0	0	0	0	0	
0	0	273	695.9376405080358	0.20347488	-0.12679951	0	0	0.10328842	-0.15104133	0	0	0	0	0	0	
0	0	274	698.4868626344388	0.19903801	-0.17614289	0	0	0.10376378	-0.1793661	0	0	0	0	0	0	
0	0	275	701.0360847608418	0.19816703	-0.21971387	0	0	0.108005375	-0.19980437	0	0	0	0	0	0	
0	0	276	703.5853068872449	0.19736205	-0.25295162	0	0	0.11355768	-0.18333049	0	0	0	0	0	0	
0	0	277	706.1345290136479	0.19444112	-0.29412356	0	0	0.116146155	-0.13987942	0	0	0	0	0	0	
0	0	278	708.6837511400511	0.19313776	-0.3678601	0	0	0.11403362	-0.10997322	0	0	0	0	0	0	
0	0	279	711.2329732664541	0.20248333	-0.46378097	0	0	0.11128375	-0.1384104	0	0	0	0	0	0	
0	0	280	713.7821953928573	0.22718875	-0.5214382	0	0	0.117036186	-0.20910776	0	0	0	0	0	0	
0	0	281	716.3314175192602	0.25984487	-0.4966835	0	0	0.13471693	-0.21965949	0	0	0	0	0	0	
0	0	282	718.8806396456632	0.28628576	-0.39803064	0	0	0.1560212	-0.12065304	0	0	0	0	0	0	
0	0	283	721.4298617720664	0.29382715	-0.2580375	0	0	0.17073457	0.058483128	0	0	0	0	0	0	
0	0	284	723.9790838984694	0.27591014	-0.11663535	0	0	0.17275114	0.28157917	0	0	0	0	0	0	
0	0	285	726.5283060248724	0.23556189	-0.028678356	0	0	0.15969177	0.52277476	0	0	0	0	0	0	
0	0	286	729.0775281512756	0.1892408	-0.07977843	0	0	0.13251548	0.75470525	0	0	0	0	0	0	
0	0	287	731.6267502776785	0.16809951	-0.32170248	0	0	0.09617895	0.92829025	0	0	0	0	0	0	
0	0	288	734.1759724040817	0.19078548	-0.5513222	0	0	0.060114443	0.9247442	0	0	0	0	0	0	
0	0	289	736.7251945304847	0.23350509	-0.59878004	0	0	0.0396336	0.5137788	0	0	0	0	0	0	
0	0	290	739.2744166568878	0.26837918	-0.5320783	0	0	0.044114526	0.038594186	0	0	0	0	0	0	
0	0	291	741.8236387832909	0.2839131	-0.43308136	0	0	0.054593932	-0.088578254	0	0	0	0	0	0	
0	0	292	744.3728609096938	0.28157628	-0.3524227	0	0	0.060113143	-0.09478776	0	0	0	0	0	0	
0	0	293	746.9220830360969	0.2711302	-0.31677353	0	0	0.061231527	-0.10607918	0	0	0	0	0	0	
0	0	294	749.4713051625	0.26407734	-0.32287917	0	0	0.06139398	-0.15283081	0	0	0	0	0	0	
0	0	295	752.020527288903	0.26567337	-0.33855534	0	0	0.0630046	-0.21407966	0	0	0	0	0	0	
0	0	296	754.5697494153062	0.2720748	-0.3336917	0	0	0.06611724	-0.25929585	0	0	0	0	0	0	
0	0	297	757.1189715417092	0.27595875	-0.30603078	0	0	0.0695536	-0.27909347	0	0	0	0	0	0	
0	0	298	759.6681936681122	0.27328843	-0.27307016	0	0	0.07229437	-0.2811961	0	0	0	0	0	0	
0	0	299	762.2174157945153	0.26533064	-0.25374714	0	0	0.07391743	-0.27801037	0	0	0	0	0	0	
0	0	300	764.7666379209184	0.25645092	-0.25607133	0	0	0.07462123	-0.28117466	0	0	0	0	0	0	
0	0	301	767.3158600473215	0.25019556	-0.2734789	0	0	0.07521094	-0.29741123	0	0	0	0	0	0	
0	0	302	769.8650821737245	0.24672383	-0.2932472	0	0	0.07675903	-0.32235992	0	0	0	0	0	0	
0	0	303	772.4143043001276	0.2437076	-0.3102785	0	0	0.079767436	-0.3400282	0	0	0	0	0	0	
0	0	304	774.9635264265306	0.23947018	-0.33146814	0	0	0.08347705	-0.33502185	0	0	0	0	0	0	
0	0	305	777.5127485529337	0.23524648	-0.36746216	0	0	0.086183675	-0.30669135	0	0	0	0	0	0	
0	0	306	780.0619706793367	0.23458447	-0.41921228	0	0	0.08646419	-0.27125117	0	0	0	0	0	0	
0	0	307	782.6111928057398	0.24008177	-0.47179708	0	0	0.084434256	-0.25310305	0	0	0	0	0	0	
0	0	308	785.1604149321429	0.2505521	-0.50637156	0	0	0.08202747	-0.26920697	0	0	0	0	0	0	
0	0	309	787.7096370585459	0.26189157	-0.5170264	0	0	0.08167296	-0.31187364	0	0	0	0	0	0	
0	0	310	790.258859184949	0.27034104	-0.5123534	0	0	0.08422513	-0.35129595	0	0	0	0	0	0	
0	0	311	792.808081311352	0.2748473	-0.50617903	0	0	0.08838223	-0.36434337	0	0	0	0	0	0	
0	0	312	795.3573034377551	0.2772661	-0.50824404	0	0	0.09208362	-0.35162356	0	0	0	0	0	0	
0	0	313	797.9065255641582	0.28059742	-0.51859945	0	0	0.09404904	-0.32893923	0	0	0	0	0	0	
0	0	314	800.4557476905613	0.28644463	-0.52901274	0	0	0.09440284	-0.31374678	0	0	0	0	0	0	
0	0	315	803.0049698169643	0.29385224	-0.5313832	0	0	0.09442211	-0.31515834	0	0	0	0	0	0	
0	0	316	805.5541919433673	0.3005371	-0.52480197	0	0	0.09558358	-0.3279898	0	0	0	0	0	0	
0	0	317	808.1034140697705	0.3050791	-0.51480794	0	0	0.09838694	-0.33647436	0	0	0	0	0	0	
0	0	318	810.6526361961735	0.30803844	-0.50736094	0	0	0.101932555	-0.32831424	0	0	0	0	0	0	
0	0	319	813.2018583225765	0.3111323	-0.5033142	0	0	0.104734965	-0.3045381	0	0	0	0	0	0	
0	0	320	815.7510804489797	0.3153416	-0.49816108	0	0	0.10591444	-0.2760539	0	0	0	0	0	0	
0	0	321	818.3003025753826	0.31990537	-0.48698336	0	0	0.10569488	-0.2545523	0	0	0	0	0	0	
0	0	322	820.8495247017858	0.32298696	-0.4689652	0	0	0.10508526	-0.24577484	0	0	0	0	0	0	
0	0	323	823.3987468281888	0.32300195	-0.44797522	0	0	0.105186045	-0.2466741	0	0	0	0	0	0	
0	0	324	825.9479689545918	0.31962612	-0.4306116	0	0	0.10646897	-0.2471897	0	0	0	0	0	0	
0	0	325	828.497191080995	0.31419796	-0.42318237	0	0	0.10838966	-0.23757978	0	0	0	0	0	0	
0	0	326	831.0464132073979	0.3092703	-0.42801556	0	0	0.10976943	-0.21648622	0	0	0	0	0	0	
0	0	327	833.595635333801	0.30726954	-0.44101983	0	0	0.109774195	-0.19159703	0	0	0	0	0	0	
0	0	328	836.1448574602041	0.30906343	-0.4532715	0	0	0.108547896	-0.17276958	0	0	0	0	0	0	
0	0	329	838.6940795866071	0.31341106	-0.45607996	0	0	0.106949985	-0.16488428	0	0	0	0	0	0	
0	0	330	841.2433017130103	0.31748363	-0.44590753	0	0	0.105831034	-0.1654915	0	0	0	0	0	0	
0	0	331	843.7925238394133	0.3182168	-0.4265705	0	0	0.10546922	-0.16748323	0	0	0	0	0	0	
0	0	332	846.3417459658162	0.3141067	-0.40799773	0	0	0.10542967	-0.16471808	0	0	0	0	0	0	
0	0	333	848.8909680922194	0.30649272	-0.4016072	0	0	0.104898684	-0.15727548	0	0	0	0	0	0	
0	0	334	851.4401902186224	0.29919535	-0.41336262	0	0	0.10337835	-0.15269428	0	0	0	0	0	0	
0	0	335	853.9894123450256	0.29627544	-0.43785286	0	0	0.10130999	-0.16141914	0	0	0	0	0	0	
0	0	336	856.5386344714286	0.2991054	-0.45988548	0	0	0.100064486	-0.18786383	0	0	0	0	0	0	
0	0	337	859.0878565978317	0.3051168	-0.465857	0	0	0.10110185	-0.22265682	0	0	0	0	0	0	
0	0	338	861.6370787242347	0.30966204	-0.45410934	0	0	0.10477148	-0.24551047	0	0	0	0	0	0	
0	0	339	864.1863008506377	0.3093386	-0.43430132	0	0	0.109757364	-0.24001381	0	0	0	0	0	0	
0	0	340	866.7355229770409	0.30398268	-0.419775	0	0	0.113740996	-0.20504011	0	0	0	0	0	0	
0	0	341	869.2847451034439	0.29634392	-0.4200081	0	0	0.114713944	-0.15332814	0	0	0	0	0	0	
0	0	342	871.833967229847	0.2901568	-0.43566793	0	0	0.112023145	-0.10403681	0	0	0	0	0	0	
0	0	343	874.38318935625	0.28775817	-0.4583544	0	0	0.106650926	-0.07563756	0	0	0	0	0	0	
0	0	344	876.932411482653	0.28875276	-0.47723883	0	0	0.100676365	-0.07918284	0	0	0	0	0	0	
0	0	345	879.4816336090561	0.29092494	-0.48745444	0	0	0.09617369	-0.11232212	0	0	0	0	0	0	
0	0	346	882.0308557354592	0.2923912	-0.49140733	0	0	0.094162114	-0.16019522	0	0	0	0	0	0	
0	0	347	884.5800778618623	0.29273522	-0.4937146	0	0	0.09441534	-0.20611182	0	0	0	0	0	0	
0	0	348	887.1292999882654	0.2925211	-0.4967331	0	0	0.09613108	-0.24054222	0	0	0	0	0	0	
0	0	349	889.6785221146683	0.29225948	-0.49994183	0	0	0.09849939	-0.2604149	0	0	0	0	0	0	
0	0	350	892.2277442410714	0.2918666	-0.50198936	0	0	0.100721724	-0.26611915	0	0	0	0	0	0	
0	0	351	894.7769663674745	0.29085496	-0.50281733	0	0	0.101971336	-0.262043	0	0	0	0	0	0	
0	0	352	897.3261884938776	0.2888664	-0.50414324	0	0	0.10173428	-0.25766176	0	0	0	0	0	0	
0	0	353	899.8754106202807	0.28603014	-0.5084523	0	0	0.10032688	-0.26502052	0	0	0	0	0	0	
0	0	354	902.4246327466838	0.28296447	-0.5176446	0	0	0.09903461	-0.29172504	0	0	0	0	0	0	
0	0	355	904.9738548730867	0.28055453	-0.5320408	0	0	0.09946535	-0.33267137	0	0	0	0	0	0	
0	0	356	907.5230769994898	0.27961865	-0.5498616	0	0	0.10232435	-0.37021953	0	0	0	0	0	0	
0	0	357	910.0722991258929	0.28049946	-0.567589	0	0	0.10672149	-0.38833994	0	0	0	0	0	0	
0	0	358	912.6215212522959	0.28278768	-0.58172846	0	0	0.11088918	-0.3856215	0	0	0	0	0	0	
0	0	359	915.1707433786991	0.2855373	-0.5911198	0	0	0.11358231	-0.3731697	0	0	0	0	0	0	
0	0	360	917.7199655051021	0.28798497	-0.5976639	0	0	0.11486744	-0.36408287	0	0	0	0	0	0	
0	0	361	920.2691876315051	0.29021126	-0.60446304	0	0	0.11582995	-0.36439675	0	0	0	0	0	0	
0	0	362	922.8184097579082	0.29311827	-0.61274946	0	0	0.11757148	-0.37012613	0	0	0	0	0	0	
0	0	363	925.3676318843112	0.297653	-0.62018985	0	0	0.12033531	-0.37224025	0	0	0	0	0	0	
0	0	364	927.9168540107144	0.30390382	-0.62231493	0	0	0.12348329	-0.3650901	0	0	0	0	0	0	
0	0	365	930.4660761371174	0.31089166	-0.6158923	0	0	0.1262034	-0.34978884	0	0	0	0	0	0	
0	0	366	933.0152982635203	0.3171987	-0.6009377	0	0	0.12813996	-0.33089074	0	0	0	0	0	0	
0	0	367	935.5645203899235	0.3217422	-0.5799654	0	0	0.12941422	-0.31172943	0	0	0	0	0	0	
0	0	368	938.1137425163265	0.32404995	-0.556137	0	0	0.13022536	-0.29298127	0	0	0	0	0	0	
0	0	369	940.6629646427297	0.32408565	-0.5322828	0	0	0.13058007	-0.2746116	0	0	0	0	0	0	
0	0	370	943.2121867691327	0.3220953	-0.5110577	0	0	0.13043366	-0.2579329	0	0	0	0	0	0	
0	0	371	945.7614088955357	0.31873438	-0.49506903	0	0	0.1299746	-0.24490808	0	0	0	0	0	0	
0	0	372	948.3106310219388	0.31521034	-0.48585114	0	0	0.12960175	-0.23558095	0	0	0	0	0	0	
0	0	373	950.8598531483418	0.3129617	-0.4820538	0	0	0.12954465	-0.22721167	0	0	0	0	0	0	
0	0	374	953.409075274745	0.31278574	-0.47891372	0	0	0.12958533	-0.21700355	0	0	0	0	0	0	
0	0	375	955.958297401148	0.31406298	-0.4708372	0	0	0.1292999	-0.20553459	0	0	0	0	0	0	
0	0	376	958.507519527551	0.31497878	-0.45561317	0	0	0.12861398	-0.19638754	0	0	0	0	0	0	
0	0	377	961.0567416539542	0.31378248	-0.43626827	0	0	0.12799877	-0.19162726	0	0	0	0	0	0	
0	0	378	963.6059637803571	0.31004366	-0.41900352	0	0	0.12794171	-0.18808727	0	0	0	0	0	0	
0	0	379	966.1551859067602	0.30494207	-0.4091791	0	0	0.12821206	-0.18003364	0	0	0	0	0	0	
0	0	380	968.7044080331633	0.30049354	-0.40787822	0	0	0.12788495	-0.16640417	0	0	0	0	0	0	
0	0	381	971.2536301595663	0.2982634	-0.41094878	0	0	0.12627298	-0.15410599	0	0	0	0	0	0	
0	0	382	973.8028522859695	0.29838157	-0.41149974	0	0	0.12384517	-0.15312594	0	0	0	0	0	0	
0	0	383	976.3520744123724	0.29948086	-0.40423194	0	0	0.122117765	-0.16650784	0	0	0	0	0	0	
0	0	384	978.9012965387755	0.29945627	-0.38833618	0	0	0.12228333	-0.18419984	0	0	0	0	0	0	
0	0	385	981.4505186651786	0.29646707	-0.3678163	0	0	0.123813294	-0.19165522	0	0	0	0	0	0	
0	0	386	983.9997407915816	0.28982967	-0.35022703	0	0	0.12487313	-0.18594147	0	0	0	0	0	0	
0	0	387	986.5489629179848	0.28061315	-0.3440764	0	0	0.12426042	-0.17874724	0	0	0	0	0	0	
0	0	388	989.0981850443878	0.2714472	-0.35437033	0	0	0.12270927	-0.18424848	0	0	0	0	0	0	
0	0	389	991.6474071707908	0.2650964	-0.3781844	0	0	0.1221989	-0.20391868	0	0	0	0	0	0	
0	0	390	994.1966292971939	0.2625095	-0.4058658	0	0	0.12377075	-0.22322957	0	0	0	0	0	0	
0	0	391	996.745851423597	0.26228335	-0.42967936	0	0	0.12622496	-0.22850831	0	0	0	0	0	0	
0	0	392	999.2950735500001	0.26249042	-0.45107847	0	0	0.1275039	-0.22407725	0	0	0	0	0	0	
0	0	393	1001.8442956764031	0.2632814	-0.47774702	0	0	0.12730421	-0.22812454	0	0	0	0	0	0	
0	0	394	1004.3935178028062	0.2676239	-0.5119455	0	0	0.12811588	-0.2515065	0	0	0	0	0	0	
0	0	395	1006.9427399292092	0.27870083	-0.5409829	0	0	0.1329953	-0.27708897	0	0	0	0	0	0	
0	0	396	1009.4919620556122	0.29579678	-0.54409534	0	0	0.1416273	-0.27075928	0	0	0	0	0	0	
0	0	397	1012.0411841820153	0.3131951	-0.5107694	0	0	0.14960758	-0.21758619	0	0	0	0	0	0	
0	0	398	1014.5904063084184	0.32335827	-0.44816232	0	0	0.15170515	-0.13208807	0	0	0	0	0	0	
0	0	399	1017.1396284348215	0.32117537	-0.3752915	0	0	0.1452437	-0.04595739	0	0	0	0	0	0	
0	0	400	1019.6888505612245	0.306574	-0.3156561	0	0	0.13191395	0.00094786537	0	0	0	0	0	0	
0	0	401	1022.2380726876276	0.28478926	-0.2913938	0	0	0.117863126	-0.027408913	0	0	0	0	0	0	
0	0	402	1024.7872948140307	0.2643747	-0.31463918	0	0	0.11074809	-0.12587918	0	0	0	0	0	0	
0	0	403	1027.3365169404337	0.25313336	-0.375293	0	0	0.11316837	-0.22502582	0	0	0	0	0	0	
0	0	404	1029.8857390668368	0.25350094	-0.44169775	0	0	0.1202619	-0.26926076	0	0	0	0	0	0	
0	0	405	1032.4349611932398	0.2617133	-0.4860418	0	0	0.12602632	-0.2688877	0	0	0	0	0	0	
0	0	406	1034.9841833196429	0.27191502	-0.50296277	0	0	0.12838502	-0.2591608	0	0	0	0	0	0	
0	0	407	1037.533405446046	0.280166	-0.50212723	0	0	0.12915872	-0.26327398	0	0	0	0	0	0	
0	0	408	1040.082627572449	0.2853723	-0.49513707	0	0	0.13123369	-0.27876052	0	0	0	0	0	0	
0	0	409	1042.6318496988522	0.28829208	-0.48942876	0	0	0.13536894	-0.28653008	0	0	0	0	0	0	
0	0	410	1045.1810718252552	0.29023	-0.487642	0	0	0.13966893	-0.27586362	0	0	0	0	0	0	
0	0	411	1047.7302939516583	0.29218233	-0.48933545	0	0	0.14195995	-0.25510424	0	0	0	0	0	0	
0	0	412	1050.2795160780613	0.29462048	-0.4932637	0	0	0.1420567	-0.24114886	0	0	0	0	0	0	
0	0	413	1052.8287382044643	0.29781282	-0.4987873	0	0	0.14192504	-0.24372108	0	0	0	0	0	0	
0	0	414	1055.3779603308674	0.30229098	-0.505339	0	0	0.14385527	-0.25592107	0	0	0	0	0	0	
0	0	415	1057.9271824572704	0.30883548	-0.5103905	0	0	0.14826122	-0.2603201	0	0	0	0	0	0	
0	0	416	1060.4764045836735	0.31765628	-0.50851184	0	0	0.15332268	-0.24640079	0	0	0	0	0	0	
0	0	417	1063.0256267100765	0.3273464	-0.49402007	0	0	0.15672253	-0.21889047	0	0	0	0	0	0	
0	0	418	1065.5748488364795	0.33484414	-0.46593726	0	0	0.15753667	-0.19159323	0	0	0	0	0	0	
0	0	419	1068.1240709628826	0.3370099	-0.43083534	0	0	0.15683194	-0.17687148	0	0	0	0	0	0	
0	0	420	1070.6732930892858	0.33293328	-0.40103707	0	0	0.15682639	-0.17708458	0	0	0	0	0	0	
0	0	421	1073.2225152156889	0.32527685	-0.38874158	0	0	0.1591784	-0.18234293	0	0	0	0	0	0	
0	0	422	1075.771737342092	0.31932208	-0.3975877	0	0	0.1636737	-0.17885654	0	0	0	0	0	0	
0	0	423	1078.320959468495	0.31952366	-0.41694954	0	0	0.1685685	-0.16095304	0	0	0	0	0	0	
0	0	424	1080.870181594898	0.32592183	-0.42891756	0	0	0.17220877	-0.134017	0	0	0	0	0	0	
0	0	425	1083.4194037213013	0.33447385	-0.42427117	0	0	0.17439137	-0.10800666	0	0	0	0	0	0	
0	0	426	1085.968625847704	0.34123757	-0.40770864	0	0	0.17652166	-0.08848466	0	0	0	0	0	0	
0	0	427	1088.517847974107	0.3456632	-0.38869843	0	0	0.1804447	-0.07028255	0	0	0	0	0	0	
0	0	428	1091.0670701005101	0.35003522	-0.37036058	0	0	0.18657592	-0.03946622	0	0	0	0	0	0	
0	0	429	1093.6162922269132	0.35597768	-0.3459688	0	0	0.19288398	0.015644576	0	0	0	0	0	0	
0	0	430	1096.1655143533164	0.36134943	-0.30642554	0	0	0.19578964	0.095125206	0	0	0	0	0	0	
0	0	431	1098.7147364797195	0.36095715	-0.25171214	0	0	0.1921814	0.18695928	0	0	0	0	0	0	
0	0	432	1101.2639586061225	0.35080594	-0.19466189	0	0	0.18119611	0.2707402	0	0	0	0	0	0	
0	0	433	1103.8131807325256	0.33203208	-0.1554886	0	0	0.16515832	0.32151327	0	0	0	0	0	0	
0	0	434	1106.3624028589286	0.31152627	-0.15088044	0	0	0.14940351	0.31845635	0	0	0	0	0	0	
0	0	435	1108.9116249853319	0.29840973	-0.17842926	0	0	0.14013904	0.2670821	0	0	0	0	0	0	
0	0	436	1111.460847111735	0.29714915	-0.20911692	0	0	0.13983971	0.21423359	0	0	0	0	0	0	
0	0	437	1114.0100692381377	0.30308336	-0.2106306	0	0	0.144499	0.20800665	0	0	0	0	0	0	
0	0	438	1116.5592913645407	0.3065086	-0.17680861	0	0	0.1472674	0.25330967	0	0	0	0	0	0	
0	0	439	1119.1085134909438	0.30037928	-0.1258147	0	0	0.14355299	0.32327458	0	0	0	0	0	0	
0	0	440	1121.6577356173468	0.28418002	-0.083780244	0	0	0.13300896	0.38244793	0	0	0	0	0	0	
0	0	441	1124.20695774375	0.2631608	-0.072221674	0	0	0.11901844	0.3983703	0	0	0	0	0	0	
0	0	442	1126.7561798701531	0.24463446	-0.09732766	0	0	0.106723905	0.3547947	0	0	0	0	0	0	
0	0	443	1129.3054019965562	0.23316011	-0.14436968	0	0	0.09991636	0.2706371	0	0	0	0	0	0	
0	0	444	1131.8546241229592	0.2279928	-0.19026278	0	0	0.09838307	0.19047129	0	0	0	0	0	0	
0	0	445	1134.4038462493622	0.22535796	-0.22449294	0	0	0.09894584	0.13902614	0	0	0	0	0	0	
0	0	446	1136.9530683757655	0.22251582	-0.25212827	0	0	0.09892181	0.10723303	0	0	0	0	0	0	
0	0	447	1139.5022905021685	0.21931116	-0.28204006	0	0	0.09783946	0.074863955	0	0	0	0	0	0	
0	0	448	1142.0515126285713	0.21702354	-0.3175286	0	0	0.09688958	0.030678181	0	0	0	0	0	0	
0	0	449	1144.6007347549744	0.21666135	-0.35558587	0	0	0.097409815	-0.020419175	0	0	0	0	0	0	
0	0	450	1147.1499568813774	0.21833992	-0.39147714	0	0	0.099634424	-0.06471175	0	0	0	0	0	0	
0	0	451	1149.6991790077807	0.22170751	-0.42192847	0	0	0.10268986	-0.09414979	0	0	0	0	0	0	
0	0	452	1152.2484011341837	0.22632024	-0.44465476	0	0	0.10559824	-0.11159894	0	0	0	0	0	0	
0	0	453	1154.7976232605868	0.23145103	-0.4577344	0	0	0.10809192	-0.12438212	0	0	0	0	0	0	
0	0	454	1157.3468453869898	0.23590626	-0.46121517	0	0	0.110557824	-0.13620014	0	0	0	0	0	0	
0	0	455	1159.8960675133928	0.23845509	-0.45890847	0	0	0.11337792	-0.1447914	0	0	0	0	0	0	
0	0	456	1162.445289639796	0.23867562	-0.45780635	0	0	0.11639339	-0.1459095	0	0	0	0	0	0	
0	0	457	1164.9945117661991	0.2375441	-0.4647333	0	0	0.118964866	-0.13864149	0	0	0	0	0	0	
0	0	458	1167.5437338926022	0.23712055	-0.48146614	0	0	0.12048477	-0.12706275	0	0	0	0	0	0	
0	0	459	1170.0929560190052	0.23916718	-0.5020062	0	0	0.12086213	-0.11768809	0	0	0	0	0	0	
0	0	460	1172.642178145408	0.24369244	-0.51645476	0	0	0.120583914	-0.11524614	0	0	0	0	0	0	
0	0	461	1175.191400271811	0.24887682	-0.51886505	0	0	0.12031796	-0.12007226	0	0	0	0	0	0	
0	0	462	1177.7406223982143	0.2523822	-0.511141	0	0	0.12044799	-0.1291445	0	0	0	0	0	0	
0	0	463	1180.2898445246174	0.2528399	-0.5011935	0	0	0.12095184	-0.1393975	0	0	0	0	0	0	
0	0	464	1182.8390666510204	0.25072327	-0.4984793	0	0	0.12163028	-0.14999235	0	0	0	0	0	0	
0	0	465	1185.3882887774234	0.24823734	-0.5084687	0	0	0.122399114	-0.16197655	0	0	0	0	0	0	
0	0	466	1187.9375109038265	0.24796273	-0.5280448	0	0	0.12339118	-0.17641097	0	0	0	0	0	0	
0	0	467	1190.4867330302297	0.2509327	-0.54686254	0	0	0.12484438	-0.19302194	0	0	0	0	0	0	
0	0	468	1193.0359551566328	0.25585464	-0.55552405	0	0	0.12695415	-0.21029936	0	0	0	0	0	0	
0	0	469	1195.5851772830358	0.26018575	-0.5524573	0	0	0.12982273	-0.22615221	0	0	0	0	0	0	
0	0	470	1198.1343994094389	0.26192063	-0.5438491	0	0	0.13344504	-0.23824602	0	0	0	0	0	0	
0	0	471	1200.6836215358417	0.26081026	-0.5391958	0	0	0.1376526	-0.24439111	0	0	0	0	0	0	
0	0	472	1203.232843662245	0.25851208	-0.5458954	0	0	0.14208055	-0.24348721	0	0	0	0	0	0	
0	0	473	1205.782065788648	0.25762194	-0.5647031	0	0	0.14627211	-0.23640873	0	0	0	0	0	0	
0	0	474	1208.331287915051	0.26006308	-0.5889035	0	0	0.14989871	-0.22585306	0	0	0	0	0	0	
0	0	475	1210.880510041454	0.26599163	-0.6091207	0	0	0.15294135	-0.2150986	0	0	0	0	0	0	
0	0	476	1213.429732167857	0.27411297	-0.6196911	0	0	0.15570748	-0.20638986	0	0	0	0	0	0	
0	0	477	1215.9789542942603	0.28290236	-0.620474	0	0	0.15864998	-0.19981112	0	0	0	0	0	0	
0	0	478	1218.5281764206634	0.29149383	-0.61410344	0	0	0.1620761	-0.19354837	0	0	0	0	0	0	
0	0	479	1221.0773985470664	0.29968548	-0.6029012	0	0	0.16598722	-0.18573809	0	0	0	0	0	0	
0	0	480	1223.6266206734695	0.30747765	-0.5880754	0	0	0.17027251	-0.17626536	0	0	0	0	0	0	
0	0	481	1226.1758427998725	0.31485787	-0.5706433	0	0	0.17513402	-0.16623996	0	0	0	0	0	0	
0	0	482	1228.7250649262755	0.32207397	-0.5518895	0	0	0.18128262	-0.15493286	0	0	0	0	0	0	
0	0	483	1231.2742870526786	0.3299115	-0.53205824	0	0	0.18950804	-0.13686709	0	0	0	0	0	0	
0	0	484	1233.8235091790816	0.33929926	-0.5084526	0	0	0.19972095	-0.10289507	0	0	0	0	0	0	
0	0	485	1236.3727313054846	0.35022157	-0.4756755	0	0	0.21024357	-0.045989823	0	0	0	0	0	0	
0	0	486	1238.9219534318877	0.36085853	-0.42909214	0	0	0.21821605	0.0332967	0	0	0	0	0	0	
0	0	487	1241.4711755582907	0.36798123	-0.36893785	0	0	0.22097556	0.12657763	0	0	0	0	0	0	
0	0	488	1244.020397684694	0.36862966	-0.3017493	0	0	0.21733572	0.22103211	0	0	0	0	0	0	
0	0	489	1246.569619811097	0.3620686	-0.23843779	0	0	0.20812514	0.3025851	0	0	0	0	0	0	
0	0	490	1249.1188419375	0.35078686	-0.18988468	0	0	0.19614024	0.35904485	0	0	0	0	0	0	
0	0	491	1251.668064063903	0.33970162	-0.16080832	0	0	0.18536432	0.3866836	0	0	0	0	0	0	
0	0	492	1254.2172861903061	0.33353862	-0.14448643	0	0	0.17892288	0.3976525	0	0	0	0	0	0	
0	0	493	1256.7665083167094	0.33371654	-0.124594755	0	0	0.17691952	0.41495532	0	0	0	0	0	0	
0	0	494	1259.3157304431122	0.33721414	-0.08608987	0	0	0.17659628	0.45536497	0	0	0	0	0	0	
0	0	495	1261.8649525695153	0.33853516	-0.024875255	0	0	0.17436127	0.52090967	0	0	0	0	0	0	
0	0	496	1264.4141746959183	0.33293855	0.052048787	0	0	0.16743279	0.60162574	0	0	0	0	0	0	
0	0	497	1266.9633968223213	0.31857875	0.13193144	0	0	0.15494537	0.67846256	0	0	0	0	0	0	
0	0	498	1269.5126189487246	0.29681852	0.2011873	0	0	0.13891663	0.72744507	0	0	0	0	0	0	
0	0	499	1272.0618410751276	0.2712271	0.24868411	0	0	0.12350908	0.7336271	0	0	0	0	0	0	
0	0	500	1274.6110632015307	0.24602635	0.26864707	0	0	0.111802705	0.7057357	0	0	0	0	0	0	
0	0	501	1277.1602853279337	0.22448562	0.26338074	0	0	0.10373256	0.66589534	0	0	0	0	0	0	
0	0	502	1279.7095074543367	0.20773338	0.24291275	0	0	0.09767956	0.6255456	0	0	0	0	0	0	
0	0	503	1282.25872958074	0.19465616	0.21883059	0	0	0.09276588	0.58257526	0	0	0	0	0	0	
0	0	504	1284.807951707143	0.18306784	0.19625269	0	0	0.08917149	0.5364068	0	0	0	0	0	0	
0	0	505	1287.3571738335459	0.17130308	0.17086005	0	0	0.08687076	0.49626315	0	0	0	0	0	0	
0	0	506	1289.906395959949	0.15922248	0.13212763	0	0	0.08476539	0.47014108	0	0	0	0	0	0	
0	0	507	1292.455618086352	0.14824498	0.070216455	0	0	0.08150191	0.45048332	0	0	0	0	0	0	
0	0	508	1295.0048402127552	0.14046778	-0.015670788	0	0	0.07693541	0.41572794	0	0	0	0	0	0	
0	0	509	1297.5540623391582	0.13726245	-0.11287565	0	0	0.072677925	0.3464407	0	0	0	0	0	0	
0	0	510	1300.1032844655613	0.13828468	-0.20241389	0	0	0.07103393	0.24919246	0	0	0	0	0	0	
0	0	511	1302.6525065919643	0.14179881	-0.27270532	0	0	0.072725765	0.16077392	0	0	0	0	0	0	
0	0	512	1305.2017287183673	0.14595343	-0.3247099	0	0	0.075988986	0.109287545	0	0	0	0	0	0	
0	0	513	1307.7509508447704	0.14982411	-0.36618638	0	0	0.078444615	0.08791722	0	0	0	0	0	0	
0	0	514	1310.3001729711737	0.15357175	-0.4036833	0	0	0.079180405	0.07164177	0	0	0	0	0	0	
0	0	515	1312.8493950975767	0.15781194	-0.43824494	0	0	0.07909897	0.041532893	0	0	0	0	0	0	
0	0	516	1315.3986172239795	0.16276206	-0.4667219	0	0	0.07970519	-0.0020007563	0	0	0	0	0	0	
0	0	517	1317.9478393503825	0.1678966	-0.48695362	0	0	0.08154977	-0.044800267	0	0	0	0	0	0	
0	0	518	1320.4970614767856	0.17247516	-0.50178325	0	0	0.08402088	-0.07873747	0	0	0	0	0	0	
0	0	519	1323.0462836031888	0.17655565	-0.5177096	0	0	0.08664697	-0.10920879	0	0	0	0	0	0	
0	0	520	1325.5955057295919	0.18153629	-0.5382197	0	0	0.09009247	-0.1415547	0	0	0	0	0	0	
0	0	521	1328.144727855995	0.18935128	-0.5567076	0	0	0.09547026	-0.1660913	0	0	0	0	0	0	
0	0	522	1330.693949982398	0.20051809	-0.5576524	0	0	0.10264719	-0.16298254	0	0	0	0	0	0	
0	0	523	1333.243172108801	0.21275756	-0.52808136	0	0	0.10955816	-0.12184881	0	0	0	0	0	0	
0	0	524	1335.7923942352043	0.22166805	-0.4673903	0	0	0.11328328	-0.050999288	0	0	0	0	0	0	
0	0	525	1338.3416163616073	0.22288506	-0.38754606	0	0	0.11181202	0.027322862	0	0	0	0	0	0	
0	0	526	1340.8908384880103	0.21428393	-0.30897346	0	0	0.10535765	0.08428895	0	0	0	0	0	0	
0	0	527	1343.4400606144134	0.19737214	-0.25729984	0	0	0.096604094	0.09259243	0	0	0	0	0	0	
0	0	528	1345.9892827408162	0.17748517	-0.25844052	0	0	0.08959644	0.042097047	0	0	0	0	0	0	
0	0	529	1348.5385048672194	0.16219221	-0.32297337	0	0	0.087320216	-0.04182448	0	0	0	0	0	0	
0	0	530	1351.0877269936225	0.15707305	-0.4227909	0	0	0.08957443	-0.11368831	0	0	0	0	0	0	
0	0	531	1353.6369491200255	0.16128916	-0.50535506	0	0	0.09384772	-0.15095475	0	0	0	0	0	0	
0	0	532	1356.1861712464286	0.16911449	-0.54588705	0	0	0.0978851	-0.16024883	0	0	0	0	0	0	
0	0	533	1358.7353933728316	0.17551392	-0.55633765	0	0	0.10077952	-0.15601431	0	0	0	0	0	0	
0	0	534	1361.2846154992349	0.17903583	-0.55889183	0	0	0.1025651	-0.14815769	0	0	0	0	0	0	
0	0	535	1363.833837625638	0.1812524	-0.5669238	0	0	0.103559345	-0.14112239	0	0	0	0	0	0	
0	0	536	1366.383059752041	0.18439414	-0.5786451	0	0	0.10405154	-0.13647433	0	0	0	0	0	0	
0	0	537	1368.932281878444	0.18892236	-0.58314234	0	0	0.10426461	-0.13450031	0	0	0	0	0	0	
0	0	538	1371.481504004847	0.19305441	-0.5741125	0	0	0.10432762	-0.13472456	0	0	0	0	0	0	
0	0	539	1374.0307261312498	0.19455932	-0.5573295	0	0	0.104246385	-0.1370276	0	0	0	0	0	0	
0	0	540	1376.579948257653	0.19296804	-0.5464985	0	0	0.10404809	-0.14290206	0	0	0	0	0	0	
0	0	541	1379.1291703840561	0.19036308	-0.55275047	0	0	0.10403644	-0.15426034	0	0	0	0	0	0	
0	0	542	1381.6783925104592	0.18997274	-0.5737352	0	0	0.10477364	-0.16954428	0	0	0	0	0	0	
0	0	543	1384.2276146368622	0.19325179	-0.5927048	0	0	0.1065818	-0.18173239	0	0	0	0	0	0	
0	0	544	1386.7768367632652	0.19825438	-0.5943436	0	0	0.109004535	-0.18297195	0	0	0	0	0	0	
0	0	545	1389.3260588896685	0.20145227	-0.5798885	0	0	0.11095634	-0.17230697	0	0	0	0	0	0	
0	0	546	1391.8752810160715	0.2010759	-0.5645021	0	0	0.111614056	-0.15784118	0	0	0	0	0	0	
0	0	547	1394.4245031424746	0.19878261	-0.5634164	0	0	0.111264326	-0.1507221	0	0	0	0	0	0	
0	0	548	1396.9737252688776	0.19825663	-0.5771793	0	0	0.111243494	-0.15493158	0	0	0	0	0	0	
0	0	549	1399.5229473952807	0.20141895	-0.5881965	0	0	0.112752296	-0.16103072	0	0	0	0	0	0	
0	0	550	1402.0721695216837	0.2059318	-0.57899773	0	0	0.11549751	-0.15337096	0	0	0	0	0	0	
0	0	551	1404.6213916480867	0.20739701	-0.55156916	0	0	0.11770138	-0.12550183	0	0	0	0	0	0	
0	0	552	1407.1706137744898	0.20363316	-0.52442956	0	0	0.11754245	-0.08572602	0	0	0	0	0	0	
0	0	553	1409.7198359008928	0.19655304	-0.5173014	0	0	0.11448604	-0.050434634	0	0	0	0	0	0	
0	0	554	1412.2690580272958	0.1906183	-0.53567654	0	0	0.10953812	-0.03526039	0	0	0	0	0	0	
0	0	555	1414.818280153699	0.1889573	-0.56320894	0	0	0.1046375	-0.047860723	0	0	0	0	0	0	
0	0	556	1417.3675022801021	0.19015612	-0.5768452	0	0	0.10160078	-0.082362585	0	0	0	0	0	0	
0	0	557	1419.9167244065052	0.18979172	-0.5732519	0	0	0.10102787	-0.12173457	0	0	0	0	0	0	
0	0	558	1422.4659465329082	0.18540628	-0.57191473	0	0	0.10209624	-0.1515831	0	0	0	0	0	0	
0	0	559	1425.0151686593113	0.17929266	-0.5953397	0	0	0.10358435	-0.16989794	0	0	0	0	0	0	
0	0	560	1427.5643907857145	0.1765642	-0.6455074	0	0	0.10487654	-0.18240952	0	0	0	0	0	0	
0	0	561	1430.1136129121176	0.18020822	-0.6963539	0	0	0.106049694	-0.19422854	0	0	0	0	0	0	
0	0	562	1432.6628350385204	0.1879732	-0.7193648	0	0	0.10744502	-0.20640264	0	0	0	0	0	0	
0	0	563	1435.2120571649234	0.19469853	-0.71145386	0	0	0.10927673	-0.21670938	0	0	0	0	0	0	
0	0	564	1437.7612792913264	0.19691929	-0.6910823	0	0	0.11145948	-0.22217655	0	0	0	0	0	0	
0	0	565	1440.3105014177295	0.19516587	-0.6795269	0	0	0.113666326	-0.22142461	0	0	0	0	0	0	
0	0	566	1442.8597235441327	0.19277778	-0.68558604	0	0	0.11553134	-0.21541421	0	0	0	0	0	0	
0	0	567	1445.4089456705358	0.19257721	-0.7009562	0	0	0.11682794	-0.20655662	0	0	0	0	0	0	
0	0	568	1447.9581677969388	0.19454055	-0.7111712	0	0	0.11751389	-0.19734538	0	0	0	0	0	0	
0	0	569	1450.5073899233419	0.19657782	-0.7106124	0	0	0.1176535	-0.18956627	0	0	0	0	0	0	
0	0	570	1453.056612049745	0.19693257	-0.7053812	0	0	0.11731788	-0.18458372	0	0	0	0	0	0	
0	0	571	1455.6058341761482	0.19576181	-0.70564765	0	0	0.116606414	-0.18428805	0	0	0	0	0	0	
0	0	572	1458.1550563025512	0.19489041	-0.71576375	0	0	0.115827136	-0.1909975	0	0	0	0	0	0	
0	0	573	1460.704278428954	0.19593656	-0.729776	0	0	0.11558312	-0.20489727	0	0	0	0	0	0	
0	0	574	1463.253500555357	0.19873048	-0.73814845	0	0	0.11644705	-0.22123511	0	0	0	0	0	0	
0	0	575	1465.80272268176	0.20184231	-0.7372216	0	0	0.11840949	-0.23184425	0	0	0	0	0	0	
0	0	576	1468.3519448081634	0.20405622	-0.73000216	0	0	0.12066582	-0.23094498	0	0	0	0	0	0	
0	0	577	1470.9011669345664	0.2050404	-0.7216026	0	0	0.12200873	-0.22030866	0	0	0	0	0	0	
0	0	578	1473.4503890609694	0.20516102	-0.7157618	0	0	0.1217324	-0.20987971	0	0	0	0	0	0	
0	0	579	1475.9996111873725	0.2050069	-0.7139146	0	0	0.12049369	-0.21133275	0	0	0	0	0	0	
0	0	580	1478.5488333137755	0.20509887	-0.71612006	0	0	0.11997553	-0.22687314	0	0	0	0	0	0	
0	0	581	1481.0980554401788	0.2059795	-0.7217843	0	0	0.12134403	-0.24588677	0	0	0	0	0	0	
0	0	582	1483.6472775665818	0.20830704	-0.7285333	0	0	0.12432279	-0.254855	0	0	0	0	0	0	
0	0	583	1486.1964996929848	0.21245119	-0.7307863	0	0	0.12759285	-0.24762347	0	0	0	0	0	0	
0	0	584	1488.7457218193877	0.21767229	-0.72162277	0	0	0.12967962	-0.22785306	0	0	0	0	0	0	
0	0	585	1491.2949439457907	0.22189575	-0.6988655	0	0	0.12987207	-0.20604566	0	0	0	0	0	0	
0	0	586	1493.8441660721937	0.22305767	-0.66902095	0	0	0.12875015	-0.19229302	0	0	0	0	0	0	
0	0	587	1496.393388198597	0.22080404	-0.6432471	0	0	0.12757057	-0.18874776	0	0	0	0	0	0	
0	0	588	1498.942610325	0.21661817	-0.63038653	0	0	0.12709427	-0.18997592	0	0	0	0	0	0	
0	0	589	1501.491832451403	0.21283317	-0.6331476	0	0	0.12719624	-0.18970905	0	0	0	0	0	0	
0	0	590	1504.041054577806	0.21158825	-0.6465071	0	0	0.12726836	-0.18592727	0	0	0	0	0	0	
0	0	591	1506.5902767042091	0.21364711	-0.6589884	0	0	0.1268285	-0.18171273	0	0	0	0	0	0	
0	0	592	1509.1394988306124	0.21774234	-0.6607157	0	0	0.12601477	-0.18224256	0	0	0	0	0	0	
0	0	593	1511.6887209570154	0.22187299	-0.65073806	0	0	0.1255336	-0.18946104	0	0	0	0	0	0	
0	0	594	1514.2379430834185	0.22500779	-0.633224	0	0	0.12604044	-0.19970497	0	0	0	0	0	0	
0	0	595	1516.7871652098215	0.22693545	-0.6107989	0	0	0.12764935	-0.20621787	0	0	0	0	0	0	
0	0	596	1519.3363873362243	0.22724496	-0.58426744	0	0	0.12980151	-0.20306763	0	0	0	0	0	0	
0	0	597	1521.8856094626276	0.22514634	-0.5567221	0	0	0.13137726	-0.18925457	0	0	0	0	0	0	
0	0	598	1524.4348315890306	0.2205835	-0.5355947	0	0	0.13136546	-0.17166717	0	0	0	0	0	0	
0	0	599	1526.9840537154337	0.21515818	-0.52741134	0	0	0.1298826	-0.16153815	0	0	0	0	0	0	
0	0	600	1529.5332758418367	0.21102764	-0.5308347	0	0	0.12822372	-0.16523688	0	0	0	0	0	0	
0	0	601	1532.0824979682397	0.20920989	-0.5377248	0	0	0.12780201	-0.17935486	0	0	0	0	0	0	
0	0	602	1534.631720094643	0.20917726	-0.53916043	0	0	0.12924315	-0.1933674	0	0	0	0	0	0	
0	0	603	1537.180942221046	0.20920224	-0.53050965	0	0	0.13199818	-0.19588527	0	0	0	0	0	0	
0	0	604	1539.730164347449	0.2072417	-0.5157044	0	0	0.13440634	-0.18282337	0	0	0	0	0	0	
0	0	605	1542.2793864738521	0.202925	-0.5065833	0	0	0.13487545	-0.16308904	0	0	0	0	0	0	
0	0	606	1544.8286086002552	0.19839667	-0.51095134	0	0	0.13359782	-0.15117285	0	0	0	0	0	0	
0	0	607	1547.377830726658	0.19585626	-0.5237818	0	0	0.13218467	-0.15263295	0	0	0	0	0	0	
0	0	608	1549.9270528530612	0.19557	-0.53411406	0	0	0.131895	-0.16207938	0	0	0	0	0	0	
0	0	609	1552.4762749794643	0.19617577	-0.53410196	0	0	0.13299327	-0.17055807	0	0	0	0	0	0	
0	0	610	1555.0254971058673	0.19548723	-0.5233944	0	0	0.13495527	-0.17073879	0	0	0	0	0	0	
0	0	611	1557.5747192322704	0.19175673	-0.51196444	0	0	0.13669349	-0.15994854	0	0	0	0	0	0	
0	0	612	1560.1239413586734	0.18577583	-0.5163634	0	0	0.13710524	-0.14255396	0	0	0	0	0	0	
0	0	613	1562.6731634850767	0.181061	-0.54392487	0	0	0.13593304	-0.1271871	0	0	0	0	0	0	
0	0	614	1565.2223856114797	0.18059124	-0.58274084	0	0	0.13380381	-0.120171726	0	0	0	0	0	0	
0	0	615	1567.7716077378827	0.18447712	-0.613041	0	0	0.13157868	-0.123339474	0	0	0	0	0	0	
0	0	616	1570.3208298642858	0.1905982	-0.62245035	0	0	0.13002536	-0.13491337	0	0	0	0	0	0	
0	0	617	1572.8700519906888	0.19611987	-0.61062974	0	0	0.12961556	-0.14933653	0	0	0	0	0	0	
0	0	618	1575.4192741170918	0.19895627	-0.58638626	0	0	0.13008186	-0.1593036	0	0	0	0	0	0	
0	0	619	1577.9684962434949	0.19879259	-0.5606167	0	0	0.1304277	-0.16256507	0	0	0	0	0	0	
0	0	620	1580.517718369898	0.19661103	-0.53904694	0	0	0.12993176	-0.16505006	0	0	0	0	0	0	
0	0	621	1583.066940496301	0.19315325	-0.521534	0	0	0.1289847	-0.174573	0	0	0	0	0	0	
0	0	622	1585.616162622704	0.18824944	-0.5079639	0	0	0.12875775	-0.19232424	0	0	0	0	0	0	
0	0	623	1588.1653847491073	0.18164095	-0.50335395	0	0	0.13005933	-0.20998211	0	0	0	0	0	0	
0	0	624	1590.7146068755103	0.1742155	-0.5163632	0	0	0.13231617	-0.21675816	0	0	0	0	0	0	
0	0	625	1593.2638290019133	0.16818112	-0.55125904	0	0	0.13387755	-0.21116373	0	0	0	0	0	0	
0	0	626	1595.8130511283164	0.16569476	-0.60051	0	0	0.13360576	-0.20350027	0	0	0	0	0	0	
0	0	627	1598.3622732547194	0.16724552	-0.6479446	0	0	0.13202702	-0.20690331	0	0	0	0	0	0	
0	0	628	1600.9114953811227	0.17145282	-0.6806144	0	0	0.13096632	-0.22617316	0	0	0	0	0	0	
0	0	629	1603.4607175075257	0.17619611	-0.6958178	0	0	0.13206244	-0.2524281	0	0	0	0	0	0	
0	0	630	1606.0099396339285	0.17977843	-0.69880724	0	0	0.13535531	-0.26993683	0	0	0	0	0	0	
0	0	631	1608.5591617603316	0.18140131	-0.69781566	0	0	0.13930432	-0.26994005	0	0	0	0	0	0	
0	0	632	1611.1083838867346	0.1811776	-0.7012782	0	0	0.14210111	-0.25574538	0	0	0	0	0	0	
0	0	633	1613.6576060131379	0.18017942	-0.7162905	0	0	0.14280558	-0.23746946	0	0	0	0	0	0	
0	0	634	1616.206828139541	0.18041168	-0.74471617	0	0	0.14164273	-0.22565953	0	0	0	0	0	0	
0	0	635	1618.756050265944	0.18384762	-0.77793187	0	0	0.1397396	-0.22704507	0	0	0	0	0	0	
0	0	636	1621.305272392347	0.1905774	-0.8003116	0	0	0.13853559	-0.24170648	0	0	0	0	0	0	
0	0	637	1623.85449451875	0.19835675	-0.8029774	0	0	0.1390777	-0.26294506	0	0	0	0	0	0	
0	0	638	1626.403716645153	0.2044705	-0.7900208	0	0	0.14157876	-0.2807303	0	0	0	0	0	0	
0	0	639	1628.9529387715563	0.2075557	-0.7723762	0	0	0.14534381	-0.28642052	0	0	0	0	0	0	
0	0	640	1631.5021608979594	0.20801155	-0.7605687	0	0	0.1489248	-0.2768072	0	0	0	0	0	0	
0	0	641	1634.0513830243622	0.20750679	-0.7603482	0	0	0.1506742	-0.25695744	0	0	0	0	0	0	
0	0	642	1636.6006051507652	0.20793727	-0.77037126	0	0	0.14988853	-0.2393815	0	0	0	0	0	0	
0	0	643	1639.1498272771682	0.21028891	-0.7843183	0	0	0.14768454	-0.23643155	0	0	0	0	0	0	
0	0	644	1641.6990494035715	0.21454567	-0.79644716	0	0	0.14627631	-0.25014973	0	0	0	0	0	0	
0	0	645	1644.2482715299745	0.22047596	-0.80317575	0	0	0.14720884	-0.27015612	0	0	0	0	0	0	
0	0	646	1646.7974936563776	0.22775848	-0.80045396	0	0	0.15032992	-0.28208196	0	0	0	0	0	0	
0	0	647	1649.3467157827806	0.23513576	-0.7839248	0	0	0.15401542	-0.2779714	0	0	0	0	0	0	
0	0	648	1651.8959379091837	0.24003099	-0.7547281	0	0	0.15624772	-0.261254	0	0	0	0	0	0	
0	0	649	1654.445160035587	0.24037416	-0.7243999	0	0	0.15612087	-0.24384181	0	0	0	0	0	0	
0	0	650	1656.99438216199	0.23734684	-0.7086158	0	0	0.15451947	-0.23630948	0	0	0	0	0	0	
0	0	651	1659.543604288393	0.23503649	-0.713362	0	0	0.15299988	-0.24022985	0	0	0	0	0	0	
0	0	652	1662.0928264147958	0.23720919	-0.7284631	0	0	0.15240163	-0.25071907	0	0	0	0	0	0	
0	0	653	1664.6420485411988	0.24456052	-0.73403764	0	0	0.15275016	-0.26331916	0	0	0	0	0	0	
0	0	654	1667.191270667602	0.25382996	-0.71502787	0	0	0.1539482	-0.27648565	0	0	0	0	0	0	
0	0	655	1669.7404927940051	0.25954884	-0.67330974	0	0	0.15619259	-0.28881082	0	0	0	0	0	0	
0	0	656	1672.2897149204082	0.25821614	-0.6267171	0	0	0.15962407	-0.29614386	0	0	0	0	0	0	
0	0	657	1674.8389370468112	0.25116652	-0.59608454	0	0	0.16372976	-0.29365513	0	0	0	0	0	0	
0	0	658	1677.3881591732143	0.24328685	-0.59213305	0	0	0.16736874	-0.28029585	0	0	0	0	0	0	
0	0	659	1679.9373812996175	0.23967502	-0.6084798	0	0	0.16938156	-0.260692	0	0	0	0	0	0	
0	0	660	1682.4866034260206	0.24225622	-0.62326	0	0	0.1694254	-0.24395506	0	0	0	0	0	0	
0	0	661	1685.0358255524236	0.2478043	-0.6163104	0	0	0.16861856	-0.23838314	0	0	0	0	0	0	
0	0	662	1687.5850476788266	0.25052848	-0.5883436	0	0	0.16891097	-0.24346727	0	0	0	0	0	0	
0	0	663	1690.1342698052297	0.24727952	-0.55735683	0	0	0.17132983	-0.24951905	0	0	0	0	0	0	
0	0	664	1692.6834919316325	0.23935477	-0.543259	0	0	0.17525913	-0.24701309	0	0	0	0	0	0	
0	0	665	1695.2327140580358	0.23117852	-0.558553	0	0	0.17917259	-0.23353232	0	0	0	0	0	0	
0	0	666	1697.7819361844388	0.22844106	-0.5995612	0	0	0.18168943	-0.214763	0	0	0	0	0	0	
0	0	667	1700.3311583108418	0.23430341	-0.64041525	0	0	0.18283445	-0.20177989	0	0	0	0	0	0	
0	0	668	1702.8803804372449	0.24571353	-0.65554917	0	0	0.18481708	-0.20146379	0	0	0	0	0	0	
0	0	669	1705.429602563648	0.25728923	-0.64632344	0	0	0.1905017	-0.20619076	0	0	0	0	0	0	
0	0	670	1707.9788246900512	0.26752976	-0.6272111	0	0	0.2010593	-0.19817561	0	0	0	0	0	0	
0	0	671	1710.5280468164542	0.2785847	-0.6035308	0	0	0.21544097	-0.16091383	0	0	0	0	0	0	
0	0	672	1713.0772689428572	0.29244277	-0.5667684	0	0	0.23046204	-0.08448965	0	0	0	0	0	0	
0	0	673	1715.6264910692603	0.30742028	-0.5033438	0	0	0.24074258	0.030902712	0	0	0	0	0	0	
0	0	674	1718.1757131956633	0.3176397	-0.4096865	0	0	0.24061239	0.17108838	0	0	0	0	0	0	
0	0	675	1720.7249353220664	0.31762153	-0.29801834	0	0	0.22820571	0.3117013	0	0	0	0	0	0	
0	0	676	1723.2741574484694	0.30681893	-0.18472664	0	0	0.20676377	0.43013474	0	0	0	0	0	0	
0	0	677	1725.8233795748724	0.28798378	-0.078204684	0	0	0.18148433	0.5124171	0	0	0	0	0	0	
0	0	678	1728.3726017012755	0.26322803	0.020722657	0	0	0.15677106	0.55129164	0	0	0	0	0	0	
0	0	679	1730.9218238276785	0.2327613	0.11037155	0	0	0.1356918	0.5458241	0	0	0	0	0	0	
0	0	680	1733.4710459540818	0.1965414	0.17735197	0	0	0.11956282	0.5063012	0	0	0	0	0	0	
0	0	681	1736.0202680804848	0.15737985	0.18617576	0	0	0.107321516	0.44845966	0	0	0	0	0	0	
0	0	682	1738.5694902068878	0.12313427	0.07854723	0	0	0.09713571	0.3715793	0	0	0	0	0	0	
0	0	683	1741.118712333291	0.10515319	-0.17071518	0	0	0.08945492	0.2584497	0	0	0	0	0	0	
0	0	684	1743.667934459694	0.108266495	-0.4345938	0	0	0.08701837	0.114619635	0	0	0	0	0	0	
0	0	685	1746.2171565860972	0.1228724	-0.5785032	0	0	0.09089519	-0.008291327	0	0	0	0	0	0	
0	0	686	1748.7663787125	0.13727038	-0.62322396	0	0	0.097722925	-0.06779143	0	0	0	0	0	0	
0	0	687	1751.315600838903	0.14659114	-0.63157696	0	0	0.102487564	-0.07681173	0	0	0	0	0	0	
0	0	688	1753.864822965306	0.15228105	-0.6435909	0	0	0.102926135	-0.079801604	0	0	0	0	0	0	
0	0	689	1756.414045091709	0.15850827	-0.6645794	0	0	0.101288825	-0.11524246	0	0	0	0	0	0	
0	0	690	1758.9632672181122	0.16728143	-0.67461014	0	0	0.10219364	-0.18352674	0	0	0	0	0	0	
0	0	691	1761.5124893445154	0.17647113	-0.657553	0	0	0.10789791	-0.24374342	0	0	0	0	0	0	
0	0	692	1764.0617114709185	0.18214926	-0.6178218	0	0	0.11614175	-0.26200497	0	0	0	0	0	0	
0	0	693	1766.6109335973215	0.18190269	-0.57531804	0	0	0.1229155	-0.24260765	0	0	0	0	0	0	
0	0	694	1769.1601557237245	0.17691728	-0.5543591	0	0	0.12594996	-0.21162575	0	0	0	0	0	0	
0	0	695	1771.7093778501276	0.17198177	-0.5683181	0	0	0.12609217	-0.19346385	0	0	0	0	0	0	
0	0	696	1774.2585999765308	0.17212416	-0.60224056	0	0	0.12613705	-0.19378075	0	0	0	0	0	0	
0	0	697	1776.8078221029339	0.17783782	-0.6217436	0	0	0.1277916	-0.19678126	0	0	0	0	0	0	
0	0	698	1779.3570442293367	0.18488422	-0.6077953	0	0	0.12991738	-0.18594156	0	0	0	0	0	0	
0	0	699	1781.9062663557397	0.18834202	-0.56734973	0	0	0.13013853	-0.16357252	0	0	0	0	0	0	
0	0	700	1784.4554884821428	0.18553017	-0.52064115	0	0	0.12753537	-0.14771742	0	0	0	0	0	0	
0	0	701	1787.004710608546	0.17696844	-0.49191093	0	0	0.123821214	-0.15637931	0	0	0	0	0	0	
0	0	702	1789.553932734949	0.16653143	-0.50213236	0	0	0.122199826	-0.18876563	0	0	0	0	0	0	
0	0	703	1792.103154861352	0.15996867	-0.55292714	0	0	0.12428608	-0.21908164	0	0	0	0	0	0	
0	0	704	1794.6523769877551	0.16085947	-0.6142504	0	0	0.12806313	-0.22195005	0	0	0	0	0	0	
0	0	705	1797.2015991141582	0.16749595	-0.64808804	0	0	0.12975895	-0.19947603	0	0	0	0	0	0	
0	0	706	1799.7508212405614	0.17476495	-0.6421837	0	0	0.12741378	-0.17671154	0	0	0	0	0	0	
0	0	707	1802.3000433669645	0.17799443	-0.6096241	0	0	0.1226444	-0.18133396	0	0	0	0	0	0	
0	0	708	1804.8492654933675	0.17519674	-0.57416695	0	0	0.11950387	-0.22100487	0	0	0	0	0	0	
0	0	709	1807.3984876197703	0.16784617	-0.5601575	0	0	0.1209528	-0.27026477	0	0	0	0	0	0	
0	0	710	1809.9477097461734	0.16024949	-0.5816348	0	0	0.12593079	-0.29374182	0	0	0	0	0	0	
0	0	711	1812.4969318725764	0.15691787	-0.6289387	0	0	0.13056614	-0.2826046	0	0	0	0	0	0	
0	0	712	1815.0461539989797	0.15900637	-0.67148834	0	0	0.13179426	-0.25573397	0	0	0	0	0	0	
0	0	713	1817.5953761253827	0.16339035	-0.68635005	0	0	0.1295906	-0.23971851	0	0	0	0	0	0	
0	0	714	1820.1445982517857	0.1656812	-0.6773497	0	0	0.12668166	-0.2501768	0	0	0	0	0	0	
0	0	715	1822.6938203781888	0.16385652	-0.66629255	0	0	0.12616718	-0.27943087	0	0	0	0	0	0	
0	0	716	1825.2430425045918	0.15957491	-0.6745454	0	0	0.12876225	-0.30333084	0	0	0	0	0	0	
0	0	717	1827.792264630995	0.15651451	-0.70687693	0	0	0.13244863	-0.30688065	0	0	0	0	0	0	
0	0	718	1830.3414867573981	0.15704764	-0.7478309	0	0	0.13489985	-0.2962726	0	0	0	0	0	0	
0	0	719	1832.8907088838012	0.16051206	-0.77886254	0	0	0.135699	-0.28678626	0	0	0	0	0	0	
0	0	720	1835.4399310102042	0.16484766	-0.7957607	0	0	0.13625988	-0.2861616	0	0	0	0	0	0	
0	0	721	1837.989153136607	0.16911086	-0.8048668	0	0	0.13800356	-0.2881722	0	0	0	0	0	0	
0	0	722	1840.5383752630103	0.17386226	-0.8090203	0	0	0.14070828	-0.2807379	0	0	0	0	0	0	
0	0	723	1843.0875973894133	0.17935191	-0.8023982	0	0	0.14263298	-0.260094	0	0	0	0	0	0	
0	0	724	1845.6368195158163	0.1840147	-0.77970564	0	0	0.1422635	-0.23567192	0	0	0	0	0	0	
0	0	725	1848.1860416422194	0.18542367	-0.74667776	0	0	0.13988388	-0.2220511	0	0	0	0	0	0	
0	0	726	1850.7352637686224	0.18268344	-0.71924216	0	0	0.13738805	-0.2264605	0	0	0	0	0	0	
0	0	727	1853.2844858950257	0.17776692	-0.71330905	0	0	0.13657193	-0.24249455	0	0	0	0	0	0	
0	0	728	1855.8337080214287	0.17441541	-0.7316383	0	0	0.13762459	-0.25682613	0	0	0	0	0	0	
0	0	729	1858.3829301478318	0.17515741	-0.7588315	0	0	0.13929684	-0.2627851	0	0	0	0	0	0	
0	0	730	1860.9321522742348	0.1793485	-0.77546954	0	0	0.14049932	-0.26515156	0	0	0	0	0	0	
0	0	731	1863.4813744006378	0.18457568	-0.77534515	0	0	0.14155722	-0.2715875	0	0	0	0	0	0	
0	0	732	1866.0305965270406	0.18929556	-0.7632329	0	0	0.14371972	-0.2812144	0	0	0	0	0	0	
0	0	733	1868.579818653444	0.19329058	-0.7421588	0	0	0.14745249	-0.28332737	0	0	0	0	0	0	
0	0	734	1871.129040779847	0.19585805	-0.70954186	0	0	0.15138775	-0.26837552	0	0	0	0	0	0	
0	0	735	1873.67826290625	0.19463983	-0.6663395	0	0	0.15309672	-0.23925558	0	0	0	0	0	0	
0	0	736	1876.227485032653	0.1871991	-0.62744683	0	0	0.151197	-0.21227527	0	0	0	0	0	0	
0	0	737	1878.776707159056	0.17433609	-0.6234714	0	0	0.14707777	-0.20663619	0	0	0	0	0	0	
0	0	738	1881.3259292854593	0.16273104	-0.6861197	0	0	0.14421725	-0.2271496	0	0	0	0	0	0	
0	0	739	1883.8751514118624	0.16278324	-0.8005566	0	0	0.14510868	-0.25585985	0	0	0	0	0	0	
0	0	740	1886.4243735382654	0.17820302	-0.8847624	0	0	0.14895491	-0.2682218	0	0	0	0	0	0	
0	0	741	1888.9735956646684	0.20053169	-0.8861618	0	0	0.1525684	-0.25602844	0	0	0	0	0	0	
0	0	742	1891.5228177910715	0.21816249	-0.8234194	0	0	0.15307343	-0.23119198	0	0	0	0	0	0	
0	0	743	1894.0720399174745	0.2244159	-0.7379781	0	0	0.1501036	-0.21490088	0	0	0	0	0	0	
0	0	744	1896.6212620438776	0.21937506	-0.6672917	0	0	0.14612563	-0.22203025	0	0	0	0	0	0	
0	0	745	1899.1704841702806	0.20871295	-0.6372803	0	0	0.144248	-0.24799621	0	0	0	0	0	0	
0	0	746	1901.7197062966836	0.20028412	-0.6520006	0	0	0.14534017	-0.2735565	0	0	0	0	0	0	
0	0	747	1904.2689284230867	0.19911379	-0.6873121	0	0	0.14775732	-0.28593308	0	0	0	0	0	0	
0	0	748	1906.81815054949	0.20440479	-0.7107283	0	0	0.1496179	-0.28850448	0	0	0	0	0	0	
0	0	749	1909.367372675893	0.21185702	-0.709465	0	0	0.15070024	-0.2913324	0	0	0	0	0	0	
0	0	750	1911.916594802296	0.21799946	-0.6906028	0	0	0.15221292	-0.2973314	0	0	0	0	0	0	
0	0	751	1914.465816928699	0.22194585	-0.66533375	0	0	0.15485302	-0.29840505	0	0	0	0	0	0	
0	0	752	1917.015039055102	0.22442254	-0.6391143	0	0	0.15743575	-0.2864943	0	0	0	0	0	0	
0	0	753	1919.5642611815053	0.2260364	-0.61129445	0	0	0.15788679	-0.2657892	0	0	0	0	0	0	
0	0	754	1922.1134833079084	0.22641423	-0.5802078	0	0	0.15551017	-0.2522087	0	0	0	0	0	0	
0	0	755	1924.6627054343112	0.22471906	-0.54798496	0	0	0.15236336	-0.26158407	0	0	0	0	0	0	
0	0	756	1927.2119275607142	0.22085877	-0.52073866	0	0	0.15227456	-0.29208782	0	0	0	0	0	0	
0	0	757	1929.7611496871173	0.2161269	-0.503798	0	0	0.15741132	-0.31754223	0	0	0	0	0	0	
0	0	758	1932.3103718135203	0.2124302	-0.49558663	0	0	0.16566384	-0.31085095	0	0	0	0	0	0	
0	0	759	1934.8595939399236	0.21048518	-0.4866471	0	0	0.17229052	-0.2694611	0	0	0	0	0	0	
0	0	760	1937.4088160663266	0.20866515	-0.46780372	0	0	0.17363963	-0.21216418	0	0	0	0	0	0	
0	0	761	1939.9580381927296	0.20401202	-0.44079354	0	0	0.16941845	-0.16415153	0	0	0	0	0	0	
0	0	762	1942.5072603191327	0.19486809	-0.42126092	0	0	0.16267444	-0.1441332	0	0	0	0	0	0	
0	0	763	1945.0564824455357	0.18316136	-0.4318801	0	0	0.15763845	-0.15259941	0	0	0	0	0	0	
0	0	764	1947.605704571939	0.17436841	-0.48439258	0	0	0.15647921	-0.17026788	0	0	0	0	0	0	
0	0	765	1950.154926698342	0.17358229	-0.5581414	0	0	0.15795659	-0.17705603	0	0	0	0	0	0	
0	0	766	1952.7041488247448	0.1804435	-0.6135483	0	0	0.15947275	-0.16977246	0	0	0	0	0	0	
0	0	767	1955.2533709511479	0.19014832	-0.63466203	0	0	0.15970805	-0.15793559	0	0	0	0	0	0	
0	0	768	1957.802593077551	0.19903313	-0.63349295	0	0	0.15924123	-0.1499647	0	0	0	0	0	0	
0	0	769	1960.3518152039542	0.20727009	-0.623907	0	0	0.15917796	-0.14462188	0	0	0	0	0	0	
0	0	770	1962.9010373303572	0.21675782	-0.6031672	0	0	0.15936133	-0.13502759	0	0	0	0	0	0	
0	0	771	1965.4502594567603	0.22655652	-0.55656946	0	0	0.15838444	-0.12079771	0	0	0	0	0	0	
0	0	772	1967.9994815831633	0.23149997	-0.4794318	0	0	0.15544017	-0.112169646	0	0	0	0	0	0	
0	0	773	1970.5487037095663	0.2260637	-0.38693684	0	0	0.15172577	-0.122020885	0	0	0	0	0	0	
0	0	774	1973.0979258359696	0.20853695	-0.30946466	0	0	0.15009007	-0.15239386	0	0	0	0	0	0	
0	0	775	1975.6471479623726	0.1834869	-0.29078037	0	0	0.15269735	-0.1852139	0	0	0	0	0	0	
0	0	776	1978.1963700887757	0.16327178	-0.36969128	0	0	0.15831718	-0.1962556	0	0	0	0	0	0	
0	0	777	1980.7455922151785	0.16119546	-0.4999404	0	0	0.16321482	-0.18134639	0	0	0	0	0	0	
0	0	778	1983.2948143415815	0.1739164	-0.5620772	0	0	0.16490433	-0.15601963	0	0	0	0	0	0	
0	0	779	1985.8440364679848	0.185033	-0.53246266	0	0	0.16377303	-0.13690062	0	0	0	0	0	0	
0	0	780	1988.3932585943878	0.18349642	-0.46609482	0	0	0.16176319	-0.12979873	0	0	0	0	0	0	
0	0	781	1990.9424807207909	0.1687897	-0.42897156	0	0	0.16019927	-0.12917176	0	0	0	0	0	0	
0	0	782	1993.491702847194	0.1505404	-0.48470774	0	0	0.15863043	-0.12810157	0	0	0	0	0	0	
0	0	783	1996.040924973597	0.14512917	-0.63620144	0	0	0.15592746	-0.12948215	0	0	0	0	0	0	
0	0	784	1998.5901471000002	0.15939957	-0.7593458	0	0	0.15238057	-0.1439341	0	0	0	0	0	0	
0	0	785	2001.1393692264032	0.18121374	-0.7732868	0	0	0.15010808	-0.17608038	0	0	0	0	0	0	
0	0	786	2003.6885913528063	0.19648173	-0.7158464	0	0	0.1511251	-0.21381335	0	0	0	0	0	0	
0	0	787	2006.2378134792093	0.2001449	-0.6460038	0	0	0.15481293	-0.23635943	0	0	0	0	0	0	
0	0	788	2008.7870356056123	0.19609392	-0.6056464	0	0	0.15787818	-0.23757273	0	0	0	0	0	0	
0	0	789	2011.3362577320152	0.19320053	-0.6034508	0	0	0.15773427	-0.23468938	0	0	0	0	0	0	
0	0	790	2013.8854798584184	0.1970436	-0.6049213	0	0	0.15570682	-0.2514172	0	0	0	0	0	0	
0	0	791	2016.4347019848215	0.2040159	-0.5719206	0	0	0.15620495	-0.2915064	0	0	0	0	0	0	
0	0	792	2018.9839241112245	0.20638093	-0.5050121	0	0	0.16216704	-0.3285404	0	0	0	0	0	0	
0	0	793	2021.5331462376275	0.20002262	-0.431876	0	0	0.17152599	-0.33267355	0	0	0	0	0	0	
0	0	794	2024.0823683640306	0.18676203	-0.38423187	0	0	0.17897068	-0.30155656	0	0	0	0	0	0	
0	0	795	2026.6315904904338	0.17265365	-0.38178137	0	0	0.18063293	-0.25749177	0	0	0	0	0	0	
0	0	796	2029.1808126168369	0.16355145	-0.41486025	0	0	0.17703456	-0.22803193	0	0	0	0	0	0	
0	0	797	2031.73003474324	0.15998441	-0.4505429	0	0	0.17244288	-0.22742243	0	0	0	0	0	0	
0	0	798	2034.279256869643	0.15792246	-0.47373557	0	0	0.17109036	-0.24484098	0	0	0	0	0	0	
0	0	799	2036.828478996046	0.15491042	-0.4996605	0	0	0.17335097	-0.25526637	0	0	0	0	0	0	
0	0	800	2039.377701122449	0.1527533	-0.5451799	0	0	0.17613873	-0.24645558	0	0	0	0	0	0	
0	0	801	2041.926923248852	0.15474615	-0.60416675	0	0	0.17655197	-0.22622012	0	0	0	0	0	0	
0	0	802	2044.476145375255	0.16178922	-0.65277964	0	0	0.17410776	-0.20937951	0	0	0	0	0	0	
0	0	803	2047.0253675016581	0.17167898	-0.67518544	0	0	0.17028342	-0.2057153	0	0	0	0	0	0	
0	0	804	2049.5745896280614	0.18140033	-0.6738837	0	0	0.16690493	-0.21613097	0	0	0	0	0	0	
0	0	805	2052.1238117544644	0.18909481	-0.66051304	0	0	0.16504523	-0.23594911	0	0	0	0	0	0	
0	0	806	2054.6730338808675	0.19447318	-0.64667255	0	0	0.16513145	-0.25978205	0	0	0	0	0	0	
0	0	807	2057.2222560072705	0.19856246	-0.6400297	0	0	0.16743432	-0.28175473	0	0	0	0	0	0	
0	0	808	2059.7714781336736	0.20321505	-0.6412979	0	0	0.17180367	-0.29376113	0	0	0	0	0	0	
0	0	809	2062.3207002600766	0.20981254	-0.6422441	0	0	0.17696382	-0.28877226	0	0	0	0	0	0	
0	0	810	2064.8699223864796	0.21748263	-0.6316658	0	0	0.18070984	-0.26764178	0	0	0	0	0	0	
0	0	811	2067.4191445128827	0.2230852	-0.60819983	0	0	0.18141522	-0.24079199	0	0	0	0	0	0	
0	0	812	2069.9683666392857	0.22416578	-0.5858074	0	0	0.17945662	-0.22162426	0	0	0	0	0	0	
0	0	813	2072.5175887656887	0.22251417	-0.58393496	0	0	0.17698844	-0.21673828	0	0	0	0	0	0	
0	0	814	2075.066810892092	0.22414054	-0.60461783	0	0	0.17612755	-0.22044262	0	0	0	0	0	0	
0	0	815	2077.616033018495	0.23278284	-0.6178219	0	0	0.17707394	-0.21985072	0	0	0	0	0	0	
0	0	816	2080.165255144898	0.24309902	-0.59249973	0	0	0.17798932	-0.20784087	0	0	0	0	0	0	
0	0	817	2082.714477271301	0.24446365	-0.5356006	0	0	0.17688297	-0.18986017	0	0	0	0	0	0	
0	0	818	2085.2636993977044	0.2305398	-0.48998266	0	0	0.17352061	-0.17830051	0	0	0	0	0	0	
0	0	819	2087.8129215241074	0.20691796	-0.52570754	0	0	0.169606	-0.18200581	0	0	0	0	0	0	
0	0	820	2090.3621436505105	0.19776873	-0.6919448	0	0	0.16737668	-0.19872466	0	0	0	0	0	0	
0	0	821	2092.9113657769135	0.22776034	-0.8486778	0	0	0.16773939	-0.21610783	0	0	0	0	0	0	
0	0	822	2095.4605879033165	0.27925244	-0.8406939	0	0	0.16949993	-0.22320715	0	0	0	0	0	0	
0	0	823	2098.009810029719	0.31917462	-0.72035587	0	0	0.17069604	-0.2209411	0	0	0	0	0	0	
0	0	824	2100.5590321561226	0.33345795	-0.56535316	0	0	0.17068666	-0.21912432	0	0	0	0	0	0	
0	0	825	2103.1082542825256	0.3226661	-0.41672024	0	0	0.17076352	-0.22483037	0	0	0	0	0	0	
0	0	826	2105.6574764089287	0.29281917	-0.30042568	0	0	0.17279194	-0.23336104	0	0	0	0	0	0	
0	0	827	2108.2066985353317	0.2539874	-0.24584888	0	0	0.1770218	-0.23052765	0	0	0	0	0	0	
0	0	828	2110.7559206617348	0.22100435	-0.2724124	0	0	0.18118756	-0.20673634	0	0	0	0	0	0	
0	0	829	2113.305142788138	0.20345727	-0.34209627	0	0	0.18220703	-0.16739517	0	0	0	0	0	0	
0	0	830	2115.854364914541	0.19471805	-0.3959444	0	0	0.17875545	-0.12905647	0	0	0	0	0	0	
0	0	831	2118.403587040944	0.18508717	-0.43886563	0	0	0.17230405	-0.10895593	0	0	0	0	0	0	
0	0	832	2120.952809167347	0.1748751	-0.50815314	0	0	0.16628133	-0.11444527	0	0	0	0	0	0	
0	0	833	2123.50203129375	0.1712468	-0.61033714	0	0	0.16380563	-0.13449144	0	0	0	0	0	0	
0	0	834	2126.051253420153	0.17784804	-0.6991719	0	0	0.16499485	-0.14542612	0	0	0	0	0	0	
0	0	835	2128.600475546556	0.18898574	-0.73537415	0	0	0.16668731	-0.13372429	0	0	0	0	0	0	
0	0	836	2131.149697672959	0.19695687	-0.73126847	0	0	0.16545346	-0.10795343	0	0	0	0	0	0	
0	0	837	2133.698919799362	0.19953847	-0.7167707	0	0	0.16059294	-0.08907889	0	0	0	0	0	0	
0	0	838	2136.248141925765	0.19888581	-0.7076908	0	0	0.15464719	-0.0936898	0	0	0	0	0	0	
0	0	839	2138.7973640521686	0.19703718	-0.70286834	0	0	0.15122253	-0.118273295	0	0	0	0	0	0	
0	0	840	2141.3465861785717	0.19355854	-0.6993138	0	0	0.15131028	-0.13957313	0	0	0	0	0	0	
0	0	841	2143.8958083049747	0.18771142	-0.70751834	0	0	0.15213482	-0.14182058	0	0	0	0	0	0	
0	0	842	2146.4450304313777	0.18227205	-0.74439335	0	0	0.1505444	-0.13509223	0	0	0	0	0	0	
0	0	843	2148.994252557781	0.18310787	-0.80580217	0	0	0.146545	-0.14307223	0	0	0	0	0	0	
0	0	844	2151.543474684184	0.19385456	-0.85389423	0	0	0.14360377	-0.17988463	0	0	0	0	0	0	
0	0	845	2154.092696810587	0.21145521	-0.8479125	0	0	0.14578614	-0.2297367	0	0	0	0	0	0	
0	0	846	2156.64191893699	0.22706187	-0.7789504	0	0	0.15316328	-0.25474033	0	0	0	0	0	0	
0	0	847	2159.191141063393	0.23105288	-0.67148674	0	0	0.16075656	-0.23836984	0	0	0	0	0	0	
0	0	848	2161.740363189796	0.21990447	-0.5694471	0	0	0.163766	-0.20119177	0	0	0	0	0	0	
0	0	849	2164.2895853161995	0.19968003	-0.5166699	0	0	0.16212954	-0.17305811	0	0	0	0	0	0	
0	0	850	2166.8388074426025	0.18155405	-0.53271466	0	0	0.1592392	-0.16692732	0	0	0	0	0	0	
0	0	851	2169.388029569005	0.17390393	-0.59109664	0	0	0.15788919	-0.17406835	0	0	0	0	0	0	
0	0	852	2171.937251695408	0.17656976	-0.6322388	0	0	0.15785396	-0.17921934	0	0	0	0	0	0	
0	0	853	2174.486473821811	0.18145336	-0.6220466	0	0	0.15705791	-0.18119705	0	0	0	0	0	0	
0	0	854	2177.035695948214	0.17960936	-0.5787683	0	0	0.15500683	-0.19432935	0	0	0	0	0	0	
0	0	855	2179.5849180746172	0.1685056	-0.5511429	0	0	0.15417245	-0.22832146	0	0	0	0	0	0	
0	0	856	2182.1341402010203	0.15426022	-0.58748025	0	0	0.15754668	-0.2715361	0	0	0	0	0	0	
0	0	857	2184.6833623274233	0.14748691	-0.694495	0	0	0.16547036	-0.29899937	0	0	0	0	0	0	
0	0	858	2187.2325844538263	0.15415384	-0.8068094	0	0	0.1750052	-0.29607737	0	0	0	0	0	0	
0	0	859	2189.7818065802294	0.16943522	-0.85581654	0	0	0.18231353	-0.27006376	0	0	0	0	0	0	
0	0	860	2192.331028706633	0.18360811	-0.8422462	0	0	0.18600437	-0.23961061	0	0	0	0	0	0	
0	0	861	2194.880250833036	0.19080064	-0.805023	0	0	0.18758129	-0.21546426	0	0	0	0	0	0	
0	0	862	2197.429472959439	0.19174905	-0.77865237	0	0	0.18843739	-0.19495529	0	0	0	0	0	0	
0	0	863	2199.978695085842	0.1909291	-0.7750917	0	0	0.18795913	-0.17435569	0	0	0	0	0	0	
0	0	864	2202.527917212245	0.1917414	-0.7849664	0	0	0.18506752	-0.16119961	0	0	0	0	0	0	
0	0	865	2205.077139338648	0.19433689	-0.794461	0	0	0.18137664	-0.17070061	0	0	0	0	0	0	
0	0	866	2207.626361465051	0.19727038	-0.800053	0	0	0.18163101	-0.202249	0	0	0	0	0	0	
0	0	867	2210.175583591454	0.2001537	-0.8063416	0	0	0.18852174	-0.22554716	0	0	0	0	0	0	
0	0	868	2212.724805717857	0.20409182	-0.81401396	0	0	0.19851156	-0.21120489	0	0	0	0	0	0	
0	0	869	2215.27402784426	0.20960829	-0.8159193	0	0	0.20466064	-0.15967909	0	0	0	0	0	0	
0	0	870	2217.8232499706637	0.21548277	-0.8067195	0	0	0.20170148	-0.09683622	0	0	0	0	0	0	
0	0	871	2220.3724720970667	0.22026934	-0.7889841	0	0	0.19013454	-0.061980847	0	0	0	0	0	0	
0	0	872	2222.92169422347	0.2238471	-0.76756305	0	0	0.17783684	-0.08650642	0	0	0	0	0	0	
0	0	873	2225.470916349873	0.22689843	-0.741636	0	0	0.17455249	-0.15360157	0	0	0	0	0	0	
0	0	874	2228.0201384762754	0.22872995	-0.70461446	0	0	0.18165493	-0.20165469	0	0	0	0	0	0	
0	0	875	2230.5693606026784	0.22619921	-0.65538484	0	0	0.19146216	-0.19804753	0	0	0	0	0	0	
0	0	876	2233.1185827290815	0.21623786	-0.60877067	0	0	0.19596998	-0.1600717	0	0	0	0	0	0	
0	0	877	2235.6678048554845	0.19967003	-0.5943281	0	0	0.19258726	-0.12371006	0	0	0	0	0	0	
0	0	878	2238.2170269818876	0.18328665	-0.644571	0	0	0.18500587	-0.119615495	0	0	0	0	0	0	
0	0	879	2240.7662491082906	0.1784323	-0.7566057	0	0	0.18014264	-0.15246348	0	0	0	0	0	0	
0	0	880	2243.3154712346936	0.19120878	-0.8541376	0	0	0.18198736	-0.193445	0	0	0	0	0	0	
0	0	881	2245.864693361097	0.21326087	-0.86983	0	0	0.1883209	-0.21100469	0	0	0	0	0	0	
0	0	882	2248.4139154875	0.23073983	-0.81715304	0	0	0.19414617	-0.20059085	0	0	0	0	0	0	
0	0	883	2250.963137613903	0.23612136	-0.7420777	0	0	0.19621435	-0.17751561	0	0	0	0	0	0	
0	0	884	2253.5123597403062	0.23044534	-0.6843976	0	0	0.19450544	-0.1600769	0	0	0	0	0	0	
0	0	885	2256.0615818667093	0.22070773	-0.66688025	0	0	0.19148555	-0.15883346	0	0	0	0	0	0	
0	0	886	2258.6108039931123	0.21492887	-0.68374944	0	0	0.19004396	-0.17067905	0	0	0	0	0	0	
0	0	887	2261.1600261195154	0.21554989	-0.7031388	0	0	0.19116537	-0.18217637	0	0	0	0	0	0	
0	0	888	2263.7092482459184	0.21788539	-0.70378685	0	0	0.19329146	-0.18242031	0	0	0	0	0	0	
0	0	889	2266.2584703723214	0.21675046	-0.69727165	0	0	0.19383997	-0.17268734	0	0	0	0	0	0	
0	0	890	2268.8076924987245	0.21262887	-0.71001625	0	0	0.19149931	-0.16565812	0	0	0	0	0	0	
0	0	891	2271.356914625128	0.2117167	-0.75300187	0	0	0.1878322	-0.17599666	0	0	0	0	0	0	
0	0	892	2273.906136751531	0.21993385	-0.8008323	0	0	0.18655199	-0.20530014	0	0	0	0	0	0	
0	0	893	2276.455358877934	0.23576473	-0.8138287	0	0	0.19011256	-0.23519517	0	0	0	0	0	0	
0	0	894	2279.004581004337	0.25122282	-0.7811601	0	0	0.19694574	-0.24341139	0	0	0	0	0	0	
0	0	895	2281.55380313074	0.25892583	-0.72149074	0	0	0.2025301	-0.22524251	0	0	0	0	0	0	
0	0	896	2284.1030252571427	0.2564569	-0.66189957	0	0	0.2030892	-0.19680941	0	0	0	0	0	0	
0	0	897	2286.6522473835457	0.24675708	-0.62537223	0	0	0.19903123	-0.18263048	0	0	0	0	0	0	
0	0	898	2289.2014695099488	0.23606804	-0.6214321	0	0	0.19499731	-0.19497629	0	0	0	0	0	0	
0	0	899	2291.750691636352	0.22949803	-0.6379284	0	0	0.19534111	-0.21986188	0	0	0	0	0	0	
0	0	900	2294.299913762755	0.22670479	-0.6513729	0	0	0.19970585	-0.23117274	0	0	0	0	0	0	
0	0	901	2296.849135889158	0.22294778	-0.6535531	0	0	0.20366758	-0.21827064	0	0	0	0	0	0	
0	0	902	2299.3983580155614	0.21472582	-0.66130024	0	0	0.20287378	-0.19418593	0	0	0	0	0	0	
0	0	903	2301.9475801419644	0.20432188	-0.70296186	0	0	0.19694541	-0.18517019	0	0	0	0	0	0	
0	0	904	2304.4968022683674	0.19980851	-0.7883521	0	0	0.19056784	-0.21091229	0	0	0	0	0	0	
0	0	905	2307.0460243947705	0.20806998	-0.878878	0	0	0.18990831	-0.26272908	0	0	0	0	0	0	
0	0	906	2309.5952465211735	0.22621684	-0.92102784	0	0	0.19696389	-0.30691987	0	0	0	0	0	0	
0	0	907	2312.1444686475766	0.24422795	-0.90522385	0	0	0.2083246	-0.31825292	0	0	0	0	0	0	
0	0	908	2314.6936907739796	0.253682	-0.8569733	0	0	0.21879521	-0.29645112	0	0	0	0	0	0	
0	0	909	2317.2429129003826	0.251897	-0.8087589	0	0	0.2246915	-0.25553426	0	0	0	0	0	0	
0	0	910	2319.7921350267857	0.2421964	-0.78854257	0	0	0.22488506	-0.21161541	0	0	0	0	0	0	
0	0	911	2322.3413571531887	0.23210865	-0.81034976	0	0	0.2203435	-0.17733127	0	0	0	0	0	0	
0	0	912	2324.890579279592	0.22887631	-0.86213857	0	0	0.21308593	-0.16081472	0	0	0	0	0	0	
0	0	913	2327.4398014059952	0.23453115	-0.91281676	0	0	0.20550743	-0.16659926	0	0	0	0	0	0	
0	0	914	2329.9890235323983	0.24607977	-0.93994343	0	0	0.20031203	-0.19453213	0	0	0	0	0	0	
0	0	915	2332.5382456588013	0.2595025	-0.9391463	0	0	0.20013137	-0.23498183	0	0	0	0	0	0	
0	0	916	2335.0874677852044	0.271548	-0.9138409	0	0	0.20594648	-0.26722533	0	0	0	0	0	0	
0	0	917	2337.6366899116074	0.27908733	-0.87008464	0	0	0.21523254	-0.2712504	0	0	0	0	0	0	
0	0	918	2340.1859120380104	0.27940503	-0.81938934	0	0	0.2226743	-0.24529365	0	0	0	0	0	0	
0	0	919	2342.735134164413	0.27245528	-0.77900887	0	0	0.22425811	-0.20748499	0	0	0	0	0	0	
0	0	920	2345.284356290816	0.2622138	-0.7637327	0	0	0.22044177	-0.17999649	0	0	0	0	0	0	
0	0	921	2347.833578417219	0.2544328	-0.7742551	0	0	0.21481891	-0.17431885	0	0	0	0	0	0	
0	0	922	2350.382800543622	0.25247666	-0.7946252	0	0	0.21097967	-0.18852109	0	0	0	0	0	0	
0	0	923	2352.9320226700256	0.25519705	-0.8053499	0	0	0.21094984	-0.21212022	0	0	0	0	0	0	
0	0	924	2355.4812447964287	0.25847644	-0.7995275	0	0	0.21509594	-0.23171352	0	0	0	0	0	0	
0	0	925	2358.0304669228317	0.2588528	-0.7869304	0	0	0.22219045	-0.23537408	0	0	0	0	0	0	
0	0	926	2360.5796890492347	0.25719982	-0.78493994	0	-0	0.22936821	-0.21773335	0	-0	0	-0	0	-0	
0	0	927	2363.1289111756378	0.2591334	-0.79643947	0	-0	0.23321758	-0.18483767	0	-0	0	-0	0	-0	
0	0	928	2365.678133302041	0.26777607	-0.7962976	0	-0	0.23228103	-0.15151076	0	-0	0	-0	0	-0	
0	0	929	2368.227355428444	0.27772552	-0.7628488	0	-0	0.22811565	-0.13109958	0	-0	0	-0	0	-0	
0	0	930	2370.776577554847	0.28113267	-0.70375437	0	-0	0.22377136	-0.12799588	0	-0	0	-0	0	-0	
0	0	931	2373.32579968125	0.27459452	-0.6418478	0	-0	0.22181094	-0.13655207	0	-0	0	-0	0	-0	
0	0	932	2375.875021807653	0.26012674	-0.6008562	0	-0	0.22295108	-0.14471413	0	-0	0	-0	0	-0	
0	0	933	2378.4242439340564	0.24405143	-0.59723216	0	-0	0.22558537	-0.14248694	0	-0	0	-0	0	-0	
0	0	934	2380.9734660604595	0.23374751	-0.6252462	0	-0	0.22699064	-0.1304058	0	-0	0	-0	0	-0	
0	0	935	2383.5226881868625	0.23121285	-0.65340865	0	-0	0.22585091	-0.11903636	0	-0	0	-0	0	-0	
0	0	936	2386.0719103132656	0.23075867	-0.65859884	0	-0	0.22365151	-0.11855343	0	-0	0	-0	0	-0	
0	0	937	2388.6211324396686	0.2258176	-0.6519749	0	-0	0.22315322	-0.1279243	0	-0	0	-0	0	-0	
0	0	938	2391.1703545660716	0.21595584	-0.66434556	0	-0	0.2254207	-0.13543975	0	-0	0	-0	0	-0	
0	0	939	2393.7195766924747	0.2077233	-0.71681935	0	-0	0.22863282	-0.13131197	0	-0	0	-0	0	-0	
0	0	940	2396.2687988188777	0.20896485	-0.79080176	0	-0	0.22984575	-0.11806349	0	-0	0	-0	0	-0	
0	0	941	2398.8180209452808	0.219879	-0.8384324	0	-0	0.22790946	-0.1089479	0	-0	0	-0	0	-0	
0	0	942	2401.3672430716833	0.23248829	-0.8394816	0	-0	0.22512442	-0.116815194	0	-0	0	-0	0	-0	
0	0	943	2403.9164651980864	0.23940808	-0.8131442	0	-0	0.22577848	-0.13943315	0	-0	0	-0	0	-0	
0	0	944	2406.46568732449	0.23948109	-0.7878032	0	-0	0.231846	-0.15694572	0	-0	0	-0	0	-0	
0	0	945	2409.014909450893	0.23662935	-0.77823234	0	-0	0.24062465	-0.15175965	0	-0	0	-0	0	-0	
0	0	946	2411.564131577296	0.23476219	-0.7781262	0	-0	0.247431	-0.124452226	0	-0	0	-0	0	-0	
0	0	947	2414.113353703699	0.23333336	-0.7731225	0	-0	0.24937558	-0.08845181	0	-0	0	-0	0	-0	
0	0	948	2416.662575830102	0.22867204	-0.76407516	0	-0	0.24679218	-0.05872732	0	-0	0	-0	0	-0	
0	0	949	2419.211797956505	0.21969764	-0.77169466	0	-0	0.24244247	-0.04339801	0	-0	0	-0	0	-0	
0	0	950	2421.761020082908	0.21136543	-0.8170489	0	-0	0.2391939	-0.03973871	0	-0	0	-0	0	-0	
0	0	951	2424.310242209311	0.21169913	-0.8900763	0	-0	0.23794973	-0.03882312	0	-0	0	-0	0	-0	
0	0	952	2426.859464335714	0.22332245	-0.9438007	0	-0	0.23787944	-0.034286473	0	-0	0	-0	0	-0	
0	0	953	2429.408686462117	0.23916301	-0.94467723	0	-0	0.23786736	-0.024545277	0	-0	0	-0	0	-0	
0	0	954	2431.9579085885207	0.24896646	-0.90392494	0	-0	0.23699181	-0.010047218	0	-0	0	-0	0	-0	
0	0	955	2434.5071307149237	0.24769366	-0.85653406	0	-0	0.23421054	0.006867555	0	-0	0	-0	0	-0	
0	0	956	2437.0563528413268	0.2382426	-0.8363476	0	-0	0.22877853	0.01897101	0	-0	0	-0	0	-0	
0	0	957	2439.60557496773	0.22884227	-0.859406	0	-0	0.22175895	0.014446788	0	-0	0	-0	0	-0	
0	0	958	2442.154797094133	0.22737244	-0.9104163	0	-0	0.21695301	-0.013812853	0	-0	0	-0	0	-0	
0	0	959	2444.704019220536	0.23544455	-0.95129216	0	-0	0.21901898	-0.053191025	0	-0	0	-0	0	-0	
0	0	960	2447.253241346939	0.2476919	-0.9575494	0	-0	0.22877634	-0.07188725	0	-0	0	-0	0	-0	
0	0	961	2449.802463473342	0.25725034	-0.9348112	0	-0	0.24065946	-0.047484323	0	-0	0	-0	0	-0	
0	0	962	2452.351685599745	0.260824	-0.90352017	0	-0	0.24639502	0.013267301	0	-0	0	-0	0	-0	
0	0	963	2454.900907726148	0.25966537	-0.88216347	0	-0	0.24084394	0.08282192	0	-0	0	-0	0	-0	
0	0	964	2457.450129852551	0.25786737	-0.8787006	0	-0	0.22528897	0.12609702	0	-0	0	-0	0	-0	
0	0	965	2459.999351978954	0.25964168	-0.8865125	0	-0	0.20768309	0.113301605	0	-0	0	-0	0	-0	
0	0	966	2462.548574105357	0.26632035	-0.887845	0	-0	0.19882087	0.048381627	0	-0	0	-0	0	-0	
0	0	967	2465.09779623176	0.27490023	-0.8678944	0	-0	0.20302539	-0.014418491	0	-0	0	-0	0	-0	
0	0	968	2467.647018358163	0.2799509	-0.8273775	0	-0	0.21341643	-0.02865606	0	-0	0	-0	0	-0	
0	0	969	2470.1962404845663	0.27760798	-0.7824548	0	-0	0.22017184	-0.0011760223	0	-0	0	-0	0	-0	
0	0	970	2472.7454626109693	0.26891857	-0.756111	0	-0	0.21894199	0.03463544	0	-0	0	-0	0	-0	
0	0	971	2475.2946847373723	0.26049992	-0.7634039	0	-0	0.21221413	0.048265968	0	-0	0	-0	0	-0	
0	0	972	2477.8439068637754	0.2604468	-0.7916421	0	-0	0.20652841	0.028939977	0	-0	0	-0	0	-0	
0	0	973	2480.3931289901784	0.2704425	-0.80206656	0	-0	0.20718442	-0.004458007	0	-0	0	-0	0	-0	
0	0	974	2482.9423511165814	0.28286606	-0.76821333	0	-0	0.2135882	-0.020342212	0	-0	0	-0	0	-0	
0	0	975	2485.491573242985	0.2871149	-0.697409	0	-0	0.22054541	-0.006612913	0	-0	0	-0	0	-0	
0	0	976	2488.040795369388	0.27693376	-0.6181969	0	-0	0.22345506	0.02528235	0	-0	0	-0	0	-0	
0	0	977	2490.590017495791	0.25369704	-0.56753135	0	-0	0.22124685	0.056530412	0	-0	0	-0	0	-0	
0	0	978	2493.139239622194	0.22671087	-0.5821341	0	-0	0.21603036	0.07362431	0	-0	0	-0	0	-0	
0	0	979	2495.688461748597	0.20984127	-0.6697151	0	-0	0.2109393	0.074987024	0	-0	0	-0	0	-0	
0	0	980	2498.237683875	0.21077488	-0.77269626	0	-0	0.20745613	0.06958427	0	-0	0	-0	0	-0	
0	0	981	2500.786906001403	0.22249213	-0.8242833	0	-0	0.2045525	0.064893134	0	-0	0	-0	0	-0	
0	0	982	2503.336128127806	0.23238592	-0.82295597	0	-0	0.20076396	0.057473317	0	-0	0	-0	0	-0	
0	0	983	2505.8853502542092	0.2339393	-0.8050041	0	-0	0.19656323	0.037299477	0	-0	0	-0	0	-0	
0	0	984	2508.4345723806123	0.22896867	-0.8052765	0	-0	0.1947422	0.00027081848	0	-0	0	-0	0	-0	
0	0	985	2510.983794507016	0.22464828	-0.83756757	0	-0	0.19832593	-0.039753567	0	-0	0	-0	0	-0	
0	0	986	2513.533016633419	0.22730105	-0.88289404	0	-0	0.20670392	-0.05628159	0	-0	0	-0	0	-0	
0	0	987	2516.0822387598214	0.23633274	-0.9074762	0	-0	0.21440832	-0.037445873	0	-0	0	-0	0	-0	
0	0	988	2518.6314608862244	0.24534915	-0.898959	0	-0	0.215503	0.00090489734	0	-0	0	-0	0	-0	
0	0	989	2521.1806830126275	0.24845226	-0.8716563	0	-0	0.20860134	0.027904673	0	-0	0	-0	0	-0	
0	0	990	2523.7299051390305	0.24438222	-0.84975487	0	-0	0.19831243	0.014843545	0	-0	0	-0	0	-0	
0	0	991	2526.2791272654335	0.23680596	-0.85217	0	-0	0.19306275	-0.042309374	0	-0	0	-0	0	-0	
0	0	992	2528.8283493918366	0.2314258	-0.88062096	0	-0	0.19833507	-0.10422079	0	-0	0	-0	0	-0	
0	0	993	2531.3775715182396	0.23154435	-0.91812164	0	-0	0.21035859	-0.124685325	0	-0	0	-0	0	-0	
0	0	994	2533.9267936446427	0.23609978	-0.94542116	0	-0	0.22011524	-0.10034986	0	-0	0	-0	0	-0	
0	0	995	2536.4760157710457	0.24193534	-0.95654917	0	-0	0.22162633	-0.060001794	0	-0	0	-0	0	-0	
0	0	996	2539.025237897449	0.246908	-0.9563039	0	-0	0.21551469	-0.037538413	0	-0	0	-0	0	-0	
0	0	997	2541.574460023852	0.2506214	-0.94978416	0	-0	0.20815338	-0.05295796	0	-0	0	-0	0	-0	
0	0	998	2544.1236821502553	0.25297204	-0.93783784	0	-0	0.206581	-0.09401488	0	-0	0	-0	0	-0	
0	0	999	2546.6729042766583	0.25292218	-0.9213203	0	-0	0.21172945	-0.12616007	0	-0	0	-0	0	-0	
0	0	1000	2549.2221264030613	0.249297	-0.90705854	0	-0	0.21872398	-0.13281885	0	-0	0	-0	0	-0	
0	0	1001	2551.7713485294644	0.24290517	-0.9075281	0	-0	0.22331613	-0.124516964	0	-0	0	-0	0	-0	
0	0	1002	2554.3205706558674	0.2376621	-0.9309595	0	-0	0.22537966	-0.11771333	0	-0	0	-0	0	-0	
0	0	1003	2556.8697927822705	0.238228	-0.96723294	0	-0	0.2275924	-0.11711261	0	-0	0	-0	0	-0	
0	0	1004	2559.4190149086735	0.24524963	-0.99130523	0	-0	0.23149191	-0.11280085	0	-0	0	-0	0	-0	
0	0	1005	2561.9682370350765	0.25435156	-0.9878543	0	-0	0.23510522	-0.09577017	0	-0	0	-0	0	-0	
0	0	1006	2564.51745916148	0.26019457	-0.9623944	0	-0	0.23554382	-0.071534894	0	-0	0	-0	0	-0	
0	0	1007	2567.066681287883	0.26028183	-0.9316849	0	-0	0.23263723	-0.053686067	0	-0	0	-0	0	-0	
0	0	1008	2569.615903414286	0.25596464	-0.91159064	0	-0	0.22914541	-0.04984417	0	-0	0	-0	0	-0	
0	0	1009	2572.165125540689	0.25086966	-0.908197	0	-0	0.22799711	-0.053182047	0	-0	0	-0	0	-0	
0	0	1010	2574.7143476670917	0.24780196	-0.9158556	0	-0	0.22892502	-0.048151564	0	-0	0	-0	0	-0	
0	0	1011	2577.2635697934948	0.2470814	-0.92588145	0	-0	0.22828683	-0.029059788	0	-0	0	-0	0	-0	
0	0	1012	2579.812791919898	0.24800822	-0.9351864	0	-0	0.22304434	-0.00838313	0	-0	0	-0	0	-0	
0	0	1013	2582.362014046301	0.2508438	-0.94337404	0	-0	0.21413368	-0.006385393	0	-0	0	-0	0	-0	
0	0	1014	2584.911236172704	0.25636378	-0.9450165	0	-0	0.2062005	-0.034878317	0	-0	0	-0	0	-0	
0	0	1015	2587.460458299107	0.26364166	-0.9303955	0	-0	0.20429812	-0.08261881	0	-0	0	-0	0	-0	
0	0	1016	2590.0096804255104	0.2692337	-0.8952494	0	-0	0.2092069	-0.11950119	0	-0	0	-0	0	-0	
0	0	1017	2592.5589025519134	0.26918814	-0.84703624	0	-0	0.21651706	-0.12703626	0	-0	0	-0	0	-0	
0	0	1018	2595.1081246783165	0.26192728	-0.80226606	0	-0	0.2212893	-0.112101585	0	-0	0	-0	0	-0	
0	0	1019	2597.6573468047195	0.2497705	-0.7791758	0	-0	0.22170858	-0.09163787	0	-0	0	-0	0	-0	
0	0	1020	2600.2065689311225	0.23812898	-0.7873735	0	-0	0.21881704	-0.07886731	0	-0	0	-0	0	-0	
0	0	1021	2602.7557910575256	0.23223533	-0.81747967	0	-0	0.2148816	-0.0791856	0	-0	0	-0	0	-0	
0	0	1022	2605.3050131839286	0.23330234	-0.84472454	0	-0	0.21188512	-0.08993746	0	-0	0	-0	0	-0	
0	0	1023	2607.8542353103317	0.23790683	-0.84955144	0	-0	0.21038824	-0.104049236	0	-0	0	-0	0	-0	
0	0	1024	2610.4034574367347	0.24093828	-0.8304112	0	-0	0.20957762	-0.117331974	0	-0	0	-0	0	-0	
0	0	1025	2612.9526795631377	0.23857854	-0.7998075	0	-0	0.2086467	-0.13243242	0	-0	0	-0	0	-0	
0	0	1026	2615.501901689541	0.22985876	-0.7776426	0	-0	0.20823161	-0.15504168	0	-0	0	-0	0	-0	
0	0	1027	2618.0511238159443	0.21760313	-0.78633314	0	-0	0.21052219	-0.18445413	0	-0	0	-0	0	-0	
0	0	1028	2620.6003459423473	0.20852989	-0.8387231	0	-0	0.21715786	-0.20690677	0	-0	0	-0	0	-0	
0	0	1029	2623.1495680687503	0.21010518	-0.91513526	0	-0	0.22635743	-0.20487098	0	-0	0	-0	0	-0	
0	0	1030	2625.6987901951534	0.22376506	-0.9655377	0	-0	0.23309928	-0.17511937	0	-0	0	-0	0	-0	
0	0	1031	2628.2480123215564	0.24230945	-0.9580025	0	-0	0.2327514	-0.13355376	0	-0	0	-0	0	-0	
0	0	1032	2630.797234447959	0.25553453	-0.90134233	0	-0	0.22489548	-0.107094906	0	-0	0	-0	0	-0	
0	0	1033	2633.346456574362	0.2567795	-0.8258401	0	-0	0.2148362	-0.11898682	0	-0	0	-0	0	-0	
0	0	1034	2635.895678700765	0.24607533	-0.76549673	0	-0	0.21069619	-0.16552316	0	-0	0	-0	0	-0	
0	0	1035	2638.444900827168	0.22985627	-0.74694175	0	-0	0.21598402	-0.20775554	0	-0	0	-0	0	-0	
0	0	1036	2640.994122953571	0.2170605	-0.77425563	0	-0	0.2253092	-0.21152818	0	-0	0	-0	0	-0	
0	0	1037	2643.5433450799746	0.21267927	-0.82040894	0	-0	0.22988008	-0.18332548	0	-0	0	-0	0	-0	
0	0	1038	2646.0925672063777	0.21432315	-0.85274523	0	-0	0.22608028	-0.1573047	0	-0	0	-0	0	-0	
0	0	1039	2648.6417893327807	0.21645258	-0.86558515	0	-0	0.21870261	-0.16408019	0	-0	0	-0	0	-0	
0	0	1040	2651.1910114591838	0.21665144	-0.87433326	0	-0	0.21621174	-0.20182556	0	-0	0	-0	0	-0	
0	0	1041	2653.740233585587	0.21684764	-0.88981587	0	-0	0.22205283	-0.23500457	0	-0	0	-0	0	-0	
0	0	1042	2656.28945571199	0.2193833	-0.90471023	0	-0	0.23159334	-0.23434134	0	-0	0	-0	0	-0	
0	0	1043	2658.838677838393	0.22297566	-0.9051713	0	-0	0.237438	-0.20350194	0	-0	0	-0	0	-0	
0	0	1044	2661.387899964796	0.22354475	-0.8917657	0	-0	0.23590744	-0.16746843	0	-0	0	-0	0	-0	
0	0	1045	2663.937122091199	0.21871766	-0.8836654	0	-0	0.2294669	-0.15022755	0	-0	0	-0	0	-0	
0	0	1046	2666.486344217602	0.21125005	-0.9051139	0	-0	0.22362979	-0.15625064	0	-0	0	-0	0	-0	
0	0	1047	2669.035566344005	0.20810144	-0.9619141	0	-0	0.22108881	-0.17011343	0	-0	0	-0	0	-0	
0	0	1048	2671.5847884704085	0.21465518	-1.025704	0	-0	0.22000404	-0.17904848	0	-0	0	-0	0	-0	
0	0	1049	2674.1340105968115	0.22942422	-1.0583309	0	-0	0.21806602	-0.18792604	0	-0	0	-0	0	-0	
0	0	1050	2676.6832327232146	0.24590062	-1.0480765	0	-0	0.21642166	-0.20799781	0	-0	0	-0	0	-0	
0	0	1051	2679.2324548496176	0.25800058	-1.0079783	0	-0	0.21860193	-0.23548795	0	-0	0	-0	0	-0	
0	0	1052	2681.7816769760207	0.26303262	-0.9576831	0	-0	0.22535743	-0.24924567	0	-0	0	-0	0	-0	
0	0	1053	2684.3308991024237	0.2617448	-0.91291374	0	-0	0.23242664	-0.23622575	0	-0	0	-0	0	-0	
0	0	1054	2686.8801212288267	0.25682545	-0.8818563	0	-0	0.234674	-0.20697153	0	-0	0	-0	0	-0	
0	0	1055	2689.4293433552293	0.25111818	-0.8650582	0	-0	0.23097287	-0.185091	0	-0	0	-0	0	-0	
0	0	1056	2691.9785654816324	0.24642302	-0.85735637	0	-0	0.22530542	-0.18914257	0	-0	0	-0	0	-0	
0	0	1057	2694.5277876080354	0.24294375	-0.85118854	0	-0	0.22364622	-0.21631822	0	-0	0	-0	0	-0	
0	0	1058	2697.077009734439	0.2393031	-0.84159577	0	-0	0.22861488	-0.24230422	0	-0	0	-0	0	-0	
0	0	1059	2699.626231860842	0.2335644	-0.8315009	0	-0	0.23746248	-0.2462682	0	-0	0	-0	0	-0	
0	0	1060	2702.175453987245	0.22528265	-0.8326934	0	-0	0.24568945	-0.22772291	0	-0	0	-0	0	-0	
0	0	1061	2704.724676113648	0.2171842	-0.85805714	0	-0	0.25085136	-0.1974583	0	-0	0	-0	0	-0	
0	0	1062	2707.273898240051	0.21419412	-0.905481	0	-0	0.25286537	-0.16442536	0	-0	0	-0	0	-0	
0	0	1063	2709.823120366454	0.21912469	-0.94981533	0	-0	0.252224	-0.1322198	0	-0	0	-0	0	-0	
0	0	1064	2712.372342492857	0.22922292	-0.964037	0	-0	0.2488752	-0.10375663	0	-0	0	-0	0	-0	
0	0	1065	2714.92156461926	0.2384122	-0.9445592	0	-0	0.24315256	-0.085754015	0	-0	0	-0	0	-0	
0	0	1066	2717.470786745663	0.24233156	-0.90788937	0	-0	0.23720758	-0.085151084	0	-0	0	-0	0	-0	
0	0	1067	2720.0200088720662	0.24093695	-0.8736475	0	-0	0.23442647	-0.099440396	0	-0	0	-0	0	-0	
0	0	1068	2722.5692309984697	0.23742856	-0.85128736	0	-0	0.23657764	-0.112606384	0	-0	0	-0	0	-0	
0	0	1069	2725.1184531248728	0.23477748	-0.83533657	0	-0	0.24134223	-0.10715948	0	-0	0	-0	0	-0	
0	0	1070	2727.667675251276	0.23280922	-0.8139347	0	-0	0.2435589	-0.08200566	0	-0	0	-0	0	-0	
0	0	1071	2730.216897377679	0.22884905	-0.783852	0	-0	0.23982058	-0.055412345	0	-0	0	-0	0	-0	
0	0	1072	2732.766119504082	0.22105485	-0.7550043	0	-0	0.2321767	-0.05125453	0	-0	0	-0	0	-0	
0	0	1073	2735.315341630485	0.21066757	-0.74149513	0	-0	0.227165	-0.07731031	0	-0	0	-0	0	-0	
0	0	1074	2737.864563756888	0.20106983	-0.74820143	0	-0	0.22991875	-0.111381136	0	-0	0	-0	0	-0	
0	0	1075	2740.413785883291	0.19450882	-0.76443285	0	-0	0.23869775	-0.121056564	0	-0	0	-0	0	-0	
0	0	1076	2742.963008009694	0.18979579	-0.77527744	0	-0	0.24664202	-0.09733853	0	-0	0	-0	0	-0	
0	0	1077	2745.512230136097	0.1838311	-0.78011453	0	-0	0.2480435	-0.05694446	0	-0	0	-0	0	-0	
0	0	1078	2748.0614522624996	0.17530194	-0.79577106	0	-0	0.24229361	-0.025184901	0	-0	0	-0	0	-0	
0	0	1079	2750.610674388903	0.1667747	-0.8421201	0	-0	0.23391882	-0.020151097	0	-0	0	-0	0	-0	
0	0	1080	2753.159896515306	0.1632226	-0.9189772	0	-0	0.22909169	-0.03818667	0	-0	0	-0	0	-0	
0	0	1081	2755.709118641709	0.16755894	-0.9955402	0	-0	0.22977585	-0.053837676	0	-0	0	-0	0	-0	
0	0	1082	2758.2583407681122	0.17759424	-1.0379764	0	-0	0.23160188	-0.048483483	0	-0	0	-0	0	-0	
0	0	1083	2760.8075628945153	0.18814276	-1.0397131	0	-0	0.22912696	-0.030801846	0	-0	0	-0	0	-0	
0	0	1084	2763.3567850209183	0.1948951	-1.0164781	0	-0	0.22148769	-0.025183912	0	-0	0	-0	0	-0	
0	0	1085	2765.9060071473214	0.19644001	-0.9900832	0	-0	0.21316023	-0.051061172	0	-0	0	-0	0	-0	
0	0	1086	2768.4552292737244	0.19446544	-0.9779911	0	-0	0.21078093	-0.103789754	0	-0	0	-0	0	-0	
0	0	1087	2771.0044514001274	0.19246766	-0.9855759	0	-0	0.21739423	-0.14951761	0	-0	0	-0	0	-0	
0	0	1088	2773.5536735265305	0.19323361	-1.003015	0	-0	0.22862266	-0.15667145	0	-0	0	-0	0	-0	
0	0	1089	2776.102895652934	0.19681965	-1.0143003	0	-0	0.23650762	-0.12725872	0	-0	0	-0	0	-0	
0	0	1090	2778.652117779337	0.20102137	-1.0117625	0	-0	0.23655483	-0.086503185	0	-0	0	-0	0	-0	
0	0	1091	2781.20133990574	0.20365548	-1.0000293	0	-0	0.23000485	-0.059107687	0	-0	0	-0	0	-0	
0	0	1092	2783.750562032143	0.20427544	-0.9886385	0	-0	0.22123548	-0.05727825	0	-0	0	-0	0	-0	
0	0	1093	2786.299784158546	0.20401046	-0.98287356	0	-0	0.21443453	-0.078960136	0	-0	0	-0	0	-0	
0	0	1094	2788.849006284949	0.203942	-0.9805262	0	-0	0.21170244	-0.11197341	0	-0	0	-0	0	-0	
0	0	1095	2791.398228411352	0.20382926	-0.9774263	0	-0	0.21277954	-0.14272138	0	-0	0	-0	0	-0	
0	0	1096	2793.9474505377552	0.2027153	-0.975214	0	-0	0.21613085	-0.16381775	0	-0	0	-0	0	-0	
0	0	1097	2796.4966726641583	0.20073283	-0.9814974	0	-0	0.22029339	-0.17422426	0	-0	0	-0	0	-0	
0	0	1098	2799.0458947905613	0.19998026	-1.0006707	0	-0	0.22424394	-0.1751412	0	-0	0	-0	0	-0	
0	0	1099	2801.595116916965	0.2029534	-1.0236083	0	-0	0.22701125	-0.16849309	0	-0	0	-0	0	-0	
0	0	1100	2804.1443390433674	0.2095452	-1.0314308	0	-0	0.22759743	-0.15867689	0	-0	0	-0	0	-0	
0	0	1101	2806.6935611697704	0.21626028	-1.0133252	0	-0	0.22572707	-0.15394713	0	-0	0	-0	0	-0	
0	0	1102	2809.2427832961735	0.21870552	-0.97526	0	-0	0.22291008	-0.16326249	0	-0	0	-0	0	-0	
0	0	1103	2811.7920054225765	0.21429406	-0.9345809	0	-0	0.22224216	-0.18775423	0	-0	0	-0	0	-0	
0	0	1104	2814.3412275489795	0.20352925	-0.91402024	0	-0	0.22616038	-0.21549726	0	-0	0	-0	0	-0	
0	0	1105	2816.8904496753826	0.19060807	-0.9366659	0	-0	0.23419616	-0.22948511	0	-0	0	-0	0	-0	
0	0	1106	2819.4396718017856	0.18290724	-1.009461	0	-0	0.24308513	-0.22142513	0	-0	0	-0	0	-0	
0	0	1107	2821.9888939281886	0.18665071	-1.0986652	0	-0	0.24900624	-0.19712085	0	-0	0	-0	0	-0	
0	0	1108	2824.5381160545917	0.20059174	-1.1498768	0	-0	0.2503472	-0.17142667	0	-0	0	-0	0	-0	
0	0	1109	2827.0873381809947	0.21664232	-1.1428571	0	-0	0.24900068	-0.15737669	0	-0	0	-0	0	-0	
0	0	1110	2829.636560307398	0.22626911	-1.0961063	0	-0	0.2486915	-0.15556143	0	-0	0	-0	0	-0	
0	0	1111	2832.1857824338013	0.22514269	-1.0440161	0	-0	0.25134262	-0.1530313	0	-0	0	-0	0	-0	
0	0	1112	2834.7350045602043	0.21566126	-1.0241195	0	-0	0.25481033	-0.13651657	0	-0	0	-0	0	-0	
0	0	1113	2837.2842266866073	0.20720124	-1.0585309	0	-0	0.2546894	-0.10783608	0	-0	0	-0	0	-0	
0	0	1114	2839.8334488130104	0.20985827	-1.1204822	0	-0	0.24894376	-0.08448389	0	-0	0	-0	0	-0	
0	0	1115	2842.3826709394134	0.22366394	-1.1488737	0	-0	0.24062754	-0.0850124	0	-0	0	-0	0	-0	
0	0	1116	2844.9318930658164	0.2384349	-1.1191219	0	-0	0.23566358	-0.11075379	0	-0	0	-0	0	-0	
0	0	1117	2847.4811151922195	0.24391977	-1.0536661	0	-0	0.2374749	-0.14009087	0	-0	0	-0	0	-0	
0	0	1118	2850.0303373186225	0.23656896	-0.99191046	0	-0	0.2434848	-0.14838682	0	-0	0	-0	0	-0	
0	0	1119	2852.5795594450256	0.22132304	-0.9722724	0	-0	0.24759613	-0.1332657	0	-0	0	-0	0	-0	
0	0	1120	2855.128781571429	0.20911208	-1.0096512	0	-0	0.24629006	-0.1140544	0	-0	0	-0	0	-0	
0	0	1121	2857.678003697832	0.20793708	-1.0700729	0	-0	0.24195762	-0.11139974	0	-0	0	-0	0	-0	
0	0	1122	2860.227225824235	0.21509051	-1.1040838	0	-0	0.24034192	-0.12615947	0	-0	0	-0	0	-0	
0	0	1123	2862.7764479506377	0.22252578	-1.1029087	0	-0	0.24414589	-0.13525097	0	-0	0	-0	0	-0	
0	0	1124	2865.3256700770407	0.22597073	-1.0877267	0	-0	0.24911472	-0.116894625	0	-0	0	-0	0	-0	
0	0	1125	2867.874892203444	0.2267034	-1.0769467	0	-0	0.24787955	-0.07675672	0	-0	0	-0	0	-0	
0	0	1126	2870.424114329847	0.227976	-1.0708948	0	-0	0.2373567	-0.043749593	0	-0	0	-0	0	-0	
0	0	1127	2872.97333645625	0.23047464	-1.0566467	0	-0	0.2218936	-0.050093003	0	-0	0	-0	0	-0	
0	0	1128	2875.522558582653	0.23125537	-1.0267608	0	-0	0.2108647	-0.108365245	0	-0	0	-0	0	-0	
0	0	1129	2878.071780709056	0.22692984	-0.989526	0	-0	0.21221736	-0.18791576	0	-0	0	-0	0	-0	
0	0	1130	2880.621002835459	0.21696001	-0.9634302	0	-0	0.22476117	-0.23329988	0	-0	0	-0	0	-0	
0	0	1131	2883.1702249618625	0.20442638	-0.96646124	0	-0	0.23882511	-0.22442392	0	-0	0	-0	0	-0	
0	0	1132	2885.7194470882655	0.194379	-1.0039959	0	-0	0.2457935	-0.1850145	0	-0	0	-0	0	-0	
0	0	1133	2888.2686692146685	0.1905553	-1.0609764	0	-0	0.24443127	-0.14849876	0	-0	0	-0	0	-0	
0	0	1134	2890.8178913410716	0.19305341	-1.1123888	0	-0	0.23960014	-0.13383715	0	-0	0	-0	0	-0	
0	0	1135	2893.3671134674746	0.1993166	-1.1423647	0	-0	0.23703468	-0.13660522	0	-0	0	-0	0	-0	
0	0	1136	2895.9163355938776	0.20630328	-1.1483097	0	-0	0.23833843	-0.13589726	0	-0	0	-0	0	-0	
0	0	1137	2898.4655577202807	0.21138538	-1.13559	0	-0	0.23988962	-0.11697246	0	-0	0	-0	0	-0	
0	0	1138	2901.0147798466837	0.21276423	-1.1147412	0	-0	0.23683478	-0.08650264	0	-0	0	-0	0	-0	
0	0	1139	2903.5640019730868	0.21032529	-1.0994762	0	-0	0.22794074	-0.06619485	0	-0	0	-0	0	-0	
0	0	1140	2906.11322409949	0.20620026	-1.1012671	0	-0	0.21699959	-0.07651326	0	-0	0	-0	0	-0	
0	0	1141	2908.6624462258933	0.2038938	-1.120907	0	-0	0.21034104	-0.11911415	0	-0	0	-0	0	-0	
0	0	1142	2911.2116683522963	0.20581718	-1.1441646	0	-0	0.21183604	-0.16844204	0	-0	0	-0	0	-0	
0	0	1143	2913.7608904786994	0.21098182	-1.1520395	0	-0	0.21918724	-0.19309656	0	-0	0	-0	0	-0	
0	0	1144	2916.3101126051024	0.21562335	-1.138241	0	-0	0.22617292	-0.18653211	0	-0	0	-0	0	-0	
0	0	1145	2918.8593347315054	0.2163994	-1.1127858	0	-0	0.22837149	-0.1664113	0	-0	0	-0	0	-0	
0	0	1146	2921.408556857908	0.21270694	-1.0920463	0	-0	0.22616325	-0.15439269	0	-0	0	-0	0	-0	
0	0	1147	2923.957778984311	0.20653638	-1.0887892	0	-0	0.22326179	-0.15998745	0	-0	0	-0	0	-0	
0	0	1148	2926.507001110714	0.20093405	-1.106909	0	-0	0.22299393	-0.17596717	0	-0	0	-0	0	-0	
0	0	1149	2929.056223237117	0.19841085	-1.1403902	0	-0	0.2256073	-0.18769735	0	-0	0	-0	0	-0	
0	0	1150	2931.60544536352	0.19999795	-1.1768124	0	-0	0.22868894	-0.18818974	0	-0	0	-0	0	-0	
0	0	1151	2934.154667489923	0.20512865	-1.2036848	0	-0	0.22993696	-0.18330066	0	-0	0	-0	0	-0	
0	0	1152	2936.7038896163267	0.21201219	-1.2136075	0	-0	0.22947969	-0.1837507	0	-0	0	-0	0	-0	
0	0	1153	2939.2531117427297	0.21822128	-1.2066917	0	-0	0.22948153	-0.19343108	0	-0	0	-0	0	-0	
0	0	1154	2941.802333869133	0.22164479	-1.190603	0	-0	0.23162653	-0.20601092	0	-0	0	-0	0	-0	
0	0	1155	2944.351555995536	0.22178024	-1.1779616	0	-0	0.23553085	-0.21291848	0	-0	0	-0	0	-0	
0	0	1156	2946.900778121939	0.22064158	-1.1797708	0	-0	0.23957177	-0.21177588	0	-0	0	-0	0	-0	
0	0	1157	2949.450000248342	0.22192428	-1.1952944	0	-0	0.24264023	-0.20649517	0	-0	0	-0	0	-0	
0	0	1158	2951.999222374745	0.22793089	-1.2080463	0	-0	0.24499623	-0.20147331	0	-0	0	-0	0	-0	
0	0	1159	2954.548444501148	0.23691685	-1.1990442	0	-0	0.24749923	-0.19632268	0	-0	0	-0	0	-0	
0	0	1160	2957.097666627551	0.24404871	-1.1636575	0	-0	0.25005212	-0.18713705	0	-0	0	-0	0	-0	
0	0	1161	2959.646888753954	0.24467222	-1.113745	0	-0	0.25135702	-0.17305261	0	-0	0	-0	0	-0	
0	0	1162	2962.1961108803575	0.2371905	-1.0715415	0	-0	0.25035957	-0.15921456	0	-0	0	-0	0	-0	
0	0	1163	2964.7453330067606	0.22485505	-1.0618407	0	-0	0.2476116	-0.15329118	0	-0	0	-0	0	-0	
0	0	1164	2967.2945551331636	0.21508637	-1.0956545	0	-0	0.2453509	-0.15866737	0	-0	0	-0	0	-0	
0	0	1165	2969.8437772595667	0.21428502	-1.1519443	0	-0	0.24575402	-0.16847126	0	-0	0	-0	0	-0	
0	0	1166	2972.3929993859697	0.22231938	-1.1930953	0	-0	0.24819705	-0.17026499	0	-0	0	-0	0	-0	
0	0	1167	2974.9422215123727	0.23409542	-1.2012839	0	-0	0.24938989	-0.16139984	0	-0	0	-0	0	-0	
0	0	1168	2977.4914436387753	0.24469525	-1.1819919	0	-0	0.24717158	-0.15359513	0	-0	0	-0	0	-0	
0	0	1169	2980.0406657651783	0.25156036	-1.1479446	0	-0	0.24318253	-0.162127	0	-0	0	-0	0	-0	
0	0	1170	2982.5898878915814	0.25416377	-1.1102077	0	-0	0.24234292	-0.1911556	0	-0	0	-0	0	-0	
0	0	1171	2985.1391100179844	0.25316197	-1.0764575	0	-0	0.24916577	-0.22190864	0	-0	0	-0	0	-0	
0	0	1172	2987.6883321443875	0.24976477	-1.0517122	0	-0	0.2620748	-0.2244461	0	-0	0	-0	0	-0	
0	0	1173	2990.237554270791	0.24554959	-1.0391924	0	-0	0.27340052	-0.19112423	0	-0	0	-0	0	-0	
0	0	1174	2992.786776397194	0.24255453	-1.0392567	0	-0	0.27700418	-0.1410131	0	-0	0	-0	0	-0	
0	0	1175	2995.335998523597	0.24289483	-1.0459877	0	-0	0.27274662	-0.09747873	0	-0	0	-0	0	-0	
0	0	1176	2997.88522065	0.24728449	-1.0461605	0	-0	0.26463082	-0.07412637	0	-0	0	-0	0	-0	
0	0	1177	3000.434442776403	0.25353307	-1.0271274	0	-0	0.25731403	-0.070843786	0	-0	0	-0	0	-0	
0	0	1178	3002.983664902806	0.2574495	-0.9878001	0	-0	0.2529349	-0.0762405	0	-0	0	-0	0	-0	
0	0	1179	3005.532887029209	0.25587353	-0.9391508	0	-0	0.25013658	-0.080668345	0	-0	0	-0	0	-0	
0	0	1180	3008.082109155612	0.24855138	-0.8960228	0	-0	0.24708961	-0.08673581	0	-0	0	-0	0	-0	
0	0	1181	3010.6313312820153	0.237761	-0.8702121	0	-0	0.24468671	-0.10173183	0	-0	0	-0	0	-0	
0	0	1182	3013.1805534084183	0.22692452	-0.8660329	0	-0	0.2457095	-0.12272105	0	-0	0	-0	0	-0	
0	0	1183	3015.729775534822	0.21870336	-0.87726843	0	-0	0.25082734	-0.13378994	0	-0	0	-0	0	-0	
0	0	1184	3018.278997661225	0.21321559	-0.89186597	0	-0	0.25622964	-0.1239635	0	-0	0	-0	0	-0	
0	0	1185	3020.828219787628	0.20857777	-0.90447706	0	-0	0.25729173	-0.10254609	0	-0	0	-0	0	-0	
0	0	1186	3023.377441914031	0.20362677	-0.9204588	0	-0	0.25370684	-0.089085646	0	-0	0	-0	0	-0	
0	0	1187	3025.926664040434	0.19938853	-0.9460934	0	-0	0.24949022	-0.094790585	0	-0	0	-0	0	-0	
0	0	1188	3028.475886166837	0.197759	-0.97740495	0	-0	0.24922745	-0.112565994	0	-0	0	-0	0	-0	
0	0	1189	3031.02510829324	0.19883384	-1.0005516	0	-0	0.2537623	-0.12138035	0	-0	0	-0	0	-0	
0	0	1190	3033.574330419643	0.1998177	-1.0063621	0	-0	0.25868812	-0.107842155	0	-0	0	-0	0	-0	
0	0	1191	3036.1235525460456	0.19716331	-1.0023057	0	-0	0.25893024	-0.081232965	0	-0	0	-0	0	-0	
0	0	1192	3038.6727746724487	0.18979764	-1.0096452	0	-0	0.2540792	-0.060298894	0	-0	0	-0	0	-0	
0	0	1193	3041.2219967988517	0.18069796	-1.0514388	0	-0	0.24728052	-0.054216266	0	-0	0	-0	0	-0	
0	0	1194	3043.771218925255	0.17583157	-1.1339753	0	-0	0.24106282	-0.059986044	0	-0	0	-0	0	-0	
0	0	1195	3046.3204410516582	0.18015835	-1.2308729	0	-0	0.2356291	-0.07228265	0	-0	0	-0	0	-0	
0	0	1196	3048.8696631780613	0.19357087	-1.3013091	0	-0	0.23049667	-0.09288213	0	-0	0	-0	0	-0	
0	0	1197	3051.4188853044643	0.21172693	-1.3257426	0	-0	0.22726436	-0.12686156	0	-0	0	-0	0	-0	
0	0	1198	3053.9681074308673	0.22953764	-1.3082086	0	-0	0.22907273	-0.16629434	0	-0	0	-0	0	-0	
0	0	1199	3056.5173295572704	0.24273944	-1.2615538	0	-0	0.23589243	-0.18888707	0	-0	0	-0	0	-0	
0	0	1200	3059.0665516836734	0.24825937	-1.2015487	0	-0	0.24266154	-0.18287916	0	-0	0	-0	0	-0	
0	0	1201	3061.6157738100765	0.245208	-1.1469253	0	-0	0.24379978	-0.16112328	0	-0	0	-0	0	-0	
0	0	1202	3064.1649959364795	0.23621288	-1.1171317	0	-0	0.238531	-0.1499225	0	-0	0	-0	0	-0	
0	0	1203	3066.7142180628825	0.22735676	-1.122727	0	-0	0.23212957	-0.16876164	0	-0	0	-0	0	-0	
0	0	1204	3069.263440189286	0.22497548	-1.1505718	0	-0	0.23206557	-0.20934246	0	-0	0	-0	0	-0	
0	0	1205	3071.812662315689	0.2302632	-1.1665875	0	-0	0.24064033	-0.2342567	0	-0	0	-0	0	-0	
0	0	1206	3074.361884442092	0.23771836	-1.1474603	0	-0	0.25086394	-0.21508777	0	-0	0	-0	0	-0	
0	0	1207	3076.911106568495	0.24004014	-1.0992225	0	-0	0.2522047	-0.16420081	0	-0	0	-0	0	-0	
0	0	1208	3079.460328694898	0.23359632	-1.0464364	0	-0	0.24085365	-0.12289702	0	-0	0	-0	0	-0	
0	0	1209	3082.009550821301	0.2204704	-1.0166782	0	-0	0.2234961	-0.13193366	0	-0	0	-0	0	-0	
0	0	1210	3084.5587729477043	0.207106	-1.0256484	0	-0	0.21228375	-0.20190533	0	-0	0	-0	0	-0	
0	0	1211	3087.1079950741073	0.19959708	-1.0615648	0	-0	0.21586539	-0.29077798	0	-0	0	-0	0	-0	
0	0	1212	3089.6572172005103	0.19835986	-1.0932138	0	-0	0.23168899	-0.33499962	0	-0	0	-0	0	-0	
0	0	1213	3092.2064393269134	0.1989022	-1.10538	0	-0	0.24779814	-0.31574863	0	-0	0	-0	0	-0	
0	0	1214	3094.755661453316	0.19793831	-1.1091992	0	-0	0.25335464	-0.26400146	0	-0	0	-0	0	-0	
0	0	1215	3097.3048835797194	0.19660768	-1.1190767	0	-0	0.2470443	-0.22369225	0	-0	0	-0	0	-0	
0	0	1216	3099.8541057061225	0.1979028	-1.1306936	0	-0	0.23608401	-0.22211309	0	-0	0	-0	0	-0	
0	0	1217	3102.4033278325255	0.20173585	-1.1239822	0	-0	0.22895911	-0.25698793	0	-0	0	-0	0	-0	
0	0	1218	3104.9525499589286	0.2034892	-1.0888203	0	-0	0.2293736	-0.30206043	0	-0	0	-0	0	-0	
0	0	1219	3107.5017720853316	0.19799	-1.0408397	0	-0	0.23492727	-0.33228773	0	-0	0	-0	0	-0	
0	0	1220	3110.0509942117346	0.18471642	-1.0146592	0	-0	0.24086507	-0.34487373	0	-0	0	-0	0	-0	
0	0	1221	3112.6002163381377	0.16962107	-1.0440967	0	-0	0.24510662	-0.35295442	0	-0	0	-0	0	-0	
0	0	1222	3115.1494384645407	0.16158043	-1.1295488	0	-0	0.24943054	-0.36581174	0	-0	0	-0	0	-0	
0	0	1223	3117.6986605909437	0.16477843	-1.220585	0	-0	0.25638124	-0.37856463	0	-0	0	-0	0	-0	
0	0	1224	3120.247882717347	0.17485586	-1.2677673	0	-0	0.26575637	-0.3789947	0	-0	0	-0	0	-0	
0	0	1225	3122.7971048437503	0.18434136	-1.2708821	0	-0	0.27420375	-0.3623821	0	-0	0	-0	0	-0	
0	0	1226	3125.3463269701533	0.18936035	-1.2579286	0	-0	0.2783324	-0.33774185	0	-0	0	-0	0	-0	
0	0	1227	3127.8955490965564	0.19106601	-1.2515141	0	-0	0.27807978	-0.31996948	0	-0	0	-0	0	-0	
0	0	1228	3130.4447712229594	0.19234046	-1.2544982	0	-0	0.2767066	-0.31750813	0	-0	0	-0	0	-0	
0	0	1229	3132.9939933493624	0.19396468	-1.2578287	0	-0	0.27794334	-0.32649568	0	-0	0	-0	0	-0	
0	0	1230	3135.5432154757655	0.19427295	-1.2583416	0	-0	0.28331026	-0.33451506	0	-0	0	-0	0	-0	
0	0	1231	3138.0924376021685	0.19178891	-1.2667398	0	-0	0.29133675	-0.33008382	0	-0	0	-0	0	-0	
0	0	1232	3140.6416597285715	0.18797977	-1.3007025	0	-0	0.2987466	-0.30990252	0	-0	0	-0	0	-0	
0	0	1233	3143.1908818549746	0.18763264	-1.3663082	0	-0	0.30240965	-0.27892485	0	-0	0	-0	0	-0	
0	0	1234	3145.7401039813776	0.19533499	-1.4420491	0	-0	0.30059502	-0.24675612	0	-0	0	-0	0	-0	
0	0	1235	3148.289326107781	0.21109071	-1.4944906	0	-0	0.2935171	-0.22558175	0	-0	0	-0	0	-0	
0	0	1236	3150.8385482341837	0.23067531	-1.5090612	0	-0	0.28413644	-0.22827154	0	-0	0	-0	0	-0	
0	0	1237	3153.3877703605867	0.24921688	-1.4926254	0	-0	0.27853668	-0.25966194	0	-0	0	-0	0	-0	
0	0	1238	3155.9369924869898	0.2634704	-1.4600171	0	-0	0.28287563	-0.30244192	0	-0	0	-0	0	-0	
0	0	1239	3158.486214613393	0.2725065	-1.425938	0	-0	0.29723677	-0.32350022	0	-0	0	-0	0	-0	
0	0	1240	3161.035436739796	0.27783948	-1.4012492	0	-0	0.31435844	-0.30486163	0	-0	0	-0	0	-0	
0	0	1241	3163.584658866199	0.28273928	-1.3887918	0	-0	0.32537973	-0.25453946	0	-0	0	-0	0	-0	
0	0	1242	3166.133880992602	0.29006237	-1.3809415	0	-0	0.32507187	-0.19364595	0	-0	0	-0	0	-0	
0	0	1243	3168.683103119005	0.299804	-1.3654674	0	-0	0.31363958	-0.14594282	0	-0	0	-0	0	-0	
0	0	1244	3171.232325245408	0.30905244	-1.3364276	0	-0	0.29660925	-0.13183251	0	-0	0	-0	0	-0	
0	0	1245	3173.781547371811	0.3145375	-1.2983655	0	-0	0.28262383	-0.15817438	0	-0	0	-0	0	-0	
0	0	1246	3176.3307694982145	0.31529704	-1.261602	0	-0	0.27849716	-0.20859756	0	-0	0	-0	0	-0	
0	0	1247	3178.8799916246176	0.3134141	-1.2337914	0	-0	0.2850937	-0.2536164	0	-0	0	-0	0	-0	
0	0	1248	3181.4292137510206	0.3119721	-1.2128545	0	-0	0.2984411	-0.27329862	0	-0	0	-0	0	-0	
0	0	1249	3183.9784358774236	0.31156376	-1.1887214	0	-0	0.31324488	-0.2637252	0	-0	0	-0	0	-0	
0	0	1250	3186.5276580038267	0.30913824	-1.1549871	0	-0	0.32469103	-0.23108302	0	-0	0	-0	0	-0	
0	0	1251	3189.0768801302297	0.3007969	-1.1183542	0	-0	0.32957956	-0.18722248	0	-0	0	-0	0	-0	
0	0	1252	3191.6261022566327	0.28605825	-1.097798	0	-0	0.327625	-0.14510566	0	-0	0	-0	0	-0	
0	0	1253	3194.175324383036	0.27042937	-1.1131233	0	-0	0.32102683	-0.11328482	0	-0	0	-0	0	-0	
0	0	1254	3196.724546509439	0.26303405	-1.161819	0	-0	0.3124544	-0.09426173	0	-0	0	-0	0	-0	
0	0	1255	3199.273768635842	0.26833156	-1.2072948	0	-0	0.3037231	-0.08702447	0	-0	0	-0	0	-0	
0	0	1256	3201.8229907622454	0.2807195	-1.213282	0	-0	0.29583043	-0.08999334	0	-0	0	-0	0	-0	
0	0	1257	3204.3722128886484	0.2896609	-1.1781011	0	-0	0.28958026	-0.1017913	0	-0	0	-0	0	-0	
0	0	1258	3206.9214350150514	0.28777292	-1.1272852	0	-0	0.28582543	-0.11976293	0	-0	0	-0	0	-0	
0	0	1259	3209.470657141454	0.2755893	-1.0958693	0	-0	0.28501818	-0.13905014	0	-0	0	-0	0	-0	
0	0	1260	3212.019879267857	0.26226875	-1.1093609	0	-0	0.28677097	-0.15407075	0	-0	0	-0	0	-0	
0	0	1261	3214.56910139426	0.2595584	-1.1555561	0	-0	0.28982446	-0.1609203	0	-0	0	-0	0	-0	
0	0	1262	3217.118323520663	0.27069503	-1.1838797	0	-0	0.2924576	-0.1595816	0	-0	0	-0	0	-0	
0	0	1263	3219.667545647066	0.28690255	-1.1580021	0	-0	0.2935842	-0.15428211	0	-0	0	-0	0	-0	
0	0	1264	3222.216767773469	0.29530254	-1.0836147	0	-0	0.29367068	-0.14912239	0	-0	0	-0	0	-0	
0	0	1265	3224.7659898998722	0.28723797	-0.99176204	0	-0	0.29361576	-0.14296792	0	-0	0	-0	0	-0	
0	0	1266	3227.3152120262757	0.26262084	-0.92448395	0	-0	0.29280344	-0.13210759	0	-0	0	-0	0	-0	
0	0	1267	3229.8644341526788	0.23103741	-0.9282122	0	-0	0.28923053	-0.11785328	0	-0	0	-0	0	-0	
0	0	1268	3232.413656279082	0.20925792	-1.0285519	0	-0	0.28189376	-0.11032563	0	-0	0	-0	0	-0	
0	0	1269	3234.962878405485	0.2113517	-1.1702018	0	-0	0.27356333	-0.1223932	0	-0	0	-0	0	-0	
0	0	1270	3237.512100531888	0.23428118	-1.2480597	0	-0	0.26997837	-0.15242945	0	-0	0	-0	0	-0	
0	0	1271	3240.061322658291	0.26186684	-1.2330543	0	-0	0.27374065	-0.17745769	0	-0	0	-0	0	-0	
0	0	1272	3242.610544784694	0.27990222	-1.1592948	0	-0	0.28070775	-0.17657451	0	-0	0	-0	0	-0	
0	0	1273	3245.159766911097	0.28193337	-1.0683322	0	-0	0.28393477	-0.15141757	0	-0	0	-0	0	-0	
0	0	1274	3247.7089890375	0.2691174	-0.9954062	0	-0	0.27942497	-0.122016735	0	-0	0	-0	0	-0	
0	0	1275	3250.258211163903	0.2487235	-0.9688694	0	-0	0.26940688	-0.11297861	0	-0	0	-0	0	-0	
0	0	1276	3252.807433290306	0.23152103	-1.0006689	0	-0	0.26141077	-0.13486288	0	-0	0	-0	0	-0	
0	0	1277	3255.3566554167096	0.22638682	-1.0660022	0	-0	0.26220408	-0.16867664	0	-0	0	-0	0	-0	
0	0	1278	3257.9058775431126	0.23319729	-1.1120057	0	-0	0.27117452	-0.17905673	0	-0	0	-0	0	-0	
0	0	1279	3260.4550996695157	0.24262999	-1.1111678	0	-0	0.2802113	-0.14868093	0	-0	0	-0	0	-0	
0	0	1280	3263.0043217959187	0.24498191	-1.0819685	0	-0	0.280071	-0.09203988	0	-0	0	-0	0	-0	
0	0	1281	3265.5535439223218	0.23829643	-1.0636728	0	-0	0.26808196	-0.04340422	0	-0	0	-0	0	-0	
0	0	1282	3268.1027660487243	0.22962523	-1.0855526	0	-0	0.25060245	-0.033605617	0	-0	0	-0	0	-0	
0	0	1283	3270.6519881751274	0.2290628	-1.1391056	0	-0	0.23741907	-0.06845003	0	-0	0	-0	0	-0	
0	0	1284	3273.2012103015304	0.24023107	-1.1777002	0	-0	0.2347	-0.123099625	0	-0	0	-0	0	-0	
0	0	1285	3275.7504324279334	0.25634232	-1.1651971	0	-0	0.24202736	-0.1592679	0	-0	0	-0	0	-0	
0	0	1286	3278.2996545543365	0.26655328	-1.1075145	0	-0	0.25308135	-0.1527858	0	-0	0	-0	0	-0	
0	0	1287	3280.84887668074	0.2646488	-1.035868	0	-0	0.25899205	-0.10767013	0	-0	0	-0	0	-0	
0	0	1288	3283.398098807143	0.25262722	-0.98208624	0	-0	0.253803	-0.050339695	0	-0	0	-0	0	-0	
0	0	1289	3285.947320933546	0.23780607	-0.9610802	0	-0	0.2383145	-0.013925707	0	-0	0	-0	0	-0	
0	0	1290	3288.496543059949	0.22613822	-0.9617927	0	-0	0.21892224	-0.025326755	0	-0	0	-0	0	-0	
0	0	1291	3291.045765186352	0.21710265	-0.96030223	0	-0	0.20434524	-0.094591476	0	-0	0	-0	0	-0	
0	0	1292	3293.594987312755	0.20540519	-0.9504625	0	-0	0.20196788	-0.19762799	0	-0	0	-0	0	-0	
0	0	1293	3296.144209439158	0.18772069	-0.9578439	0	-0	0.21258363	-0.28132394	0	-0	0	-0	0	-0	
0	0	1294	3298.6934315655612	0.16815776	-1.0288774	0	-0	0.22922406	-0.31356034	0	-0	0	-0	0	-0	
0	0	1295	3301.2426536919643	0.15897919	-1.184905	0	-0	0.24345933	-0.3037988	0	-0	0	-0	0	-0	
0	0	1296	3303.7918758183673	0.17037119	-1.344041	0	-0	0.2509096	-0.27764347	0	-0	0	-0	0	-0	
0	0	1297	3306.3410979447704	0.19569363	-1.4036181	0	-0	0.25173968	-0.2567273	0	-0	0	-0	0	-0	
0	0	1298	3308.890320071174	0.21943885	-1.3685422	0	-0	0.24880324	-0.25379363	0	-0	0	-0	0	-0	
0	0	1299	3311.439542197577	0.23140238	-1.2889594	0	-0	0.24588175	-0.27261746	0	-0	0	-0	0	-0	
0	0	1300	3313.98876432398	0.22892457	-1.2077409	0	-0	0.24647255	-0.3076568	0	-0	0	-0	0	-0	
0	0	1301	3316.537986450383	0.2151853	-1.1604155	0	-0	0.25259185	-0.344579	0	-0	0	-0	0	-0	
0	0	1302	3319.087208576786	0.19878861	-1.177032	0	-0	0.26339442	-0.36623523	0	-0	0	-0	0	-0	
0	0	1303	3321.636430703189	0.19169736	-1.2543659	0	-0	0.27478728	-0.36399168	0	-0	0	-0	0	-0	
0	0	1304	3324.1856528295916	0.19988056	-1.328141	0	-0	0.28158236	-0.3450969	0	-0	0	-0	0	-0	
0	0	1305	3326.7348749559947	0.2161978	-1.3380252	0	-0	0.2815214	-0.32904664	0	-0	0	-0	0	-0	
0	0	1306	3329.2840970823977	0.2281505	-1.2870104	0	-0	0.27788538	-0.33451593	0	-0	0	-0	0	-0	
0	0	1307	3331.8333192088007	0.22751842	-1.2129619	0	-0	0.27747408	-0.36242267	0	-0	0	-0	0	-0	
0	0	1308	3334.382541335204	0.21412711	-1.1615129	0	-0	0.28424788	-0.39055526	0	-0	0	-0	0	-0	
0	0	1309	3336.9317634616073	0.19623901	-1.1722949	0	-0	0.29483616	-0.39559272	0	-0	0	-0	0	-0	
0	0	1310	3339.4809855880103	0.18601295	-1.2481622	0	-0	0.30182955	-0.37718225	0	-0	0	-0	0	-0	
0	0	1311	3342.0302077144133	0.18932392	-1.3334565	0	-0	0.3007114	-0.3549779	0	-0	0	-0	0	-0	
0	0	1312	3344.5794298408164	0.20057175	-1.373653	0	-0	0.2935668	-0.35189918	0	-0	0	-0	0	-0	
0	0	1313	3347.1286519672194	0.21043704	-1.3703493	0	-0	0.28745127	-0.3765901	0	-0	0	-0	0	-0	
0	0	1314	3349.6778740936224	0.21467577	-1.355814	0	-0	0.28813195	-0.41411147	0	-0	0	-0	0	-0	
0	0	1315	3352.2270962200255	0.21610771	-1.3552572	0	-0	0.29513595	-0.44125277	0	-0	0	-0	0	-0	
0	0	1316	3354.7763183464285	0.22021256	-1.3648666	0	-0	0.30394113	-0.44840413	0	-0	0	-0	0	-0	
0	0	1317	3357.3255404728316	0.22794016	-1.3589362	0	-0	0.31043425	-0.43953556	0	-0	0	-0	0	-0	
0	0	1318	3359.874762599235	0.23377088	-1.3238299	0	-0	0.31224084	-0.4234704	0	-0	0	-0	0	-0	
0	0	1319	3362.423984725638	0.23107654	-1.2756735	0	-0	0.3086759	-0.41142645	0	-0	0	-0	0	-0	
0	0	1320	3364.973206852041	0.21892598	-1.2522737	0	-0	0.30169013	-0.41610017	0	-0	0	-0	0	-0	
0	0	1321	3367.522428978444	0.20558873	-1.2901021	0	-0	0.29632807	-0.44450173	0	-0	0	-0	0	-0	
0	0	1322	3370.071651104847	0.20395628	-1.3778598	0	-0	0.29857	-0.48825446	0	-0	0	-0	0	-0	
0	0	1323	3372.6208732312502	0.21816255	-1.443948	0	-0	0.31148362	-0.5220821	0	-0	0	-0	0	-0	
0	0	1324	3375.1700953576533	0.23874666	-1.4422187	0	-0	0.3313017	-0.51856273	0	-0	0	-0	0	-0	
0	0	1325	3377.7193174840563	0.25339928	-1.3882222	0	-0	0.34728384	-0.47188547	0	-0	0	-0	0	-0	
0	0	1326	3380.2685396104594	0.2558605	-1.3208634	0	-0	0.3493829	-0.4044433	0	-0	0	-0	0	-0	
0	0	1327	3382.817761736862	0.24838263	-1.2768239	0	-0	0.33664265	-0.3489318	0	-0	0	-0	0	-0	
0	0	1328	3385.366983863265	0.23979466	-1.2736696	0	-0	0.3164074	-0.3301042	0	-0	0	-0	0	-0	
0	0	1329	3387.9162059896685	0.23837675	-1.2933319	0	-0	0.29914835	-0.35730714	0	-0	0	-0	0	-0	
0	0	1330	3390.4654281160715	0.24418408	-1.297882	0	-0	0.29441518	-0.41451564	0	-0	0	-0	0	-0	
0	0	1331	3393.0146502424745	0.2502772	-1.2712599	0	-0	0.3044756	-0.45932156	0	-0	0	-0	0	-0	
0	0	1332	3395.5638723688776	0.25053182	-1.2275101	0	-0	0.32077757	-0.4624868	0	-0	0	-0	0	-0	
0	0	1333	3398.1130944952806	0.24439074	-1.1897436	0	-0	0.33321154	-0.43342352	0	-0	0	-0	0	-0	
0	0	1334	3400.6623166216837	0.23566914	-1.1706115	0	-0	0.33870223	-0.39297718	0	-0	0	-0	0	-0	
0	0	1335	3403.2115387480867	0.22777107	-1.165654	0	-0	0.3384793	-0.35165113	0	-0	0	-0	0	-0	
0	0	1336	3405.7607608744897	0.22047107	-1.1653205	0	-0	0.3332366	-0.3125814	0	-0	0	-0	0	-0	
0	0	1337	3408.3099830008928	0.21182874	-1.1727651	0	-0	0.32255337	-0.28162357	0	-0	0	-0	0	-0	
0	0	1338	3410.859205127296	0.20269297	-1.2043737	0	-0	0.3077209	-0.2716221	0	-0	0	-0	0	-0	
0	0	1339	3413.4084272536993	0.19825165	-1.266683	0	-0	0.29409984	-0.2946713	0	-0	0	-0	0	-0	
0	0	1340	3415.9576493801023	0.20293607	-1.3327854	0	-0	0.289267	-0.34557426	0	-0	0	-0	0	-0	
0	0	1341	3418.5068715065054	0.21430144	-1.3671392	0	-0	0.29729417	-0.394965	0	-0	0	-0	0	-0	
0	0	1342	3421.0560936329084	0.22593527	-1.3653705	0	-0	0.3143029	-0.4113264	0	-0	0	-0	0	-0	
0	0	1343	3423.6053157593115	0.23393701	-1.3451722	0	-0	0.33087793	-0.3884841	0	-0	0	-0	0	-0	
0	0	1344	3426.1545378857145	0.23838444	-1.3220395	0	-0	0.3391408	-0.34404197	0	-0	0	-0	0	-0	
0	0	1345	3428.7037600121175	0.2407761	-1.2999748	0	-0	0.33728018	-0.3018072	0	-0	0	-0	0	-0	
0	0	1346	3431.2529821385206	0.24115953	-1.2771575	0	-0	0.3290532	-0.27979425	0	-0	0	-0	0	-0	
0	0	1347	3433.8022042649236	0.23835848	-1.2583042	0	-0	0.32094586	-0.28485987	0	-0	0	-0	0	-0	
0	0	1348	3436.3514263913266	0.23333912	-1.2568144	0	-0	0.31898886	-0.30918643	0	-0	0	-0	0	-0	
0	0	1349	3438.9006485177297	0.2309918	-1.2784067	0	-0	0.32548326	-0.33298603	0	-0	0	-0	0	-0	
0	0	1350	3441.4498706441327	0.23600459	-1.3014575	0	-0	0.3375191	-0.33845252	0	-0	0	-0	0	-0	
0	0	1351	3443.9990927705358	0.24566911	-1.2912917	0	-0	0.3492987	-0.3223483	0	-0	0	-0	0	-0	
0	0	1352	3446.548314896939	0.24998528	-1.2416502	0	-0	0.35629037	-0.2945313	0	-0	0	-0	0	-0	
0	0	1353	3449.097537023342	0.24073932	-1.1854126	0	-0	0.35776752	-0.2687293	0	-0	0	-0	0	-0	
0	0	1354	3451.646759149745	0.22021215	-1.1781403	0	-0	0.35668004	-0.25439823	0	-0	0	-0	0	-0	
0	0	1355	3454.195981276148	0.20384942	-1.2637788	0	-0	0.35767588	-0.25113234	0	-0	0	-0	0	-0	
0	0	1356	3456.745203402551	0.2098316	-1.3922044	0	-0	0.36374927	-0.24674283	0	-0	0	-0	0	-0	
0	0	1357	3459.294425528954	0.2354925	-1.4434892	0	-0	0.37263888	-0.22559448	0	-0	0	-0	0	-0	
0	0	1358	3461.843647655357	0.25953874	-1.3969154	0	-0	0.37760934	-0.18454076	0	-0	0	-0	0	-0	
0	0	1359	3464.39286978176	0.26572645	-1.3108165	0	-0	0.37350324	-0.1354646	0	-0	0	-0	0	-0	
0	0	1360	3466.9420919081635	0.25297606	-1.2516158	0	-0	0.35986805	-0.093909495	0	-0	0	-0	0	-0	
0	0	1361	3469.4913140345666	0.23500608	-1.2705786	0	-0	0.33927324	-0.074085645	0	-0	0	-0	0	-0	
0	0	1362	3472.0405361609696	0.23222733	-1.3577188	0	-0	0.31688207	-0.0911605	0	-0	0	-0	0	-0	
0	0	1363	3474.5897582873727	0.25180033	-1.4183521	0	-0	0.30210304	-0.15249622	0	-0	0	-0	0	-0	
0	0	1364	3477.1389804137757	0.2788863	-1.3932554	0	-0	0.3043518	-0.2306287	0	-0	0	-0	0	-0	
0	0	1365	3479.6882025401787	0.29518688	-1.3097678	0	-0	0.32155487	-0.27510408	0	-0	0	-0	0	-0	
0	0	1366	3482.237424666582	0.29407743	-1.2191873	0	-0	0.3415036	-0.26835674	0	-0	0	-0	0	-0	
0	0	1367	3484.786646792985	0.28160042	-1.1595451	0	-0	0.35340846	-0.22546808	0	-0	0	-0	0	-0	
0	0	1368	3487.335868919388	0.2691589	-1.1395339	0	-0	0.35136592	-0.16933398	0	-0	0	-0	0	-0	
0	0	1369	3489.885091045791	0.26346576	-1.1351844	0	-0	0.33460036	-0.12747708	0	-0	0	-0	0	-0	
0	0	1370	3492.4343131721944	0.2617305	-1.117371	0	-0	0.31040493	-0.13110027	0	-0	0	-0	0	-0	
0	0	1371	3494.9835352985974	0.2570578	-1.0844864	0	-0	0.29338047	-0.19185211	0	-0	0	-0	0	-0	
0	0	1372	3497.532757425	0.24715677	-1.0588281	0	-0	0.29437885	-0.2739444	0	-0	0	-0	0	-0	
0	0	1373	3500.081979551403	0.23670274	-1.0586483	0	-0	0.31065693	-0.32370317	0	-0	0	-0	0	-0	
0	0	1374	3502.631201677806	0.23164397	-1.0748549	0	-0	0.33049187	-0.32219672	0	-0	0	-0	0	-0	
0	0	1375	3505.180423804209	0.23216926	-1.0791416	0	-0	0.34293267	-0.28474274	0	-0	0	-0	0	-0	
0	0	1376	3507.729645930612	0.23261926	-1.0571402	0	-0	0.3432413	-0.23811989	0	-0	0	-0	0	-0	
0	0	1377	3510.278868057015	0.22746606	-1.0220201	0	-0	0.3337918	-0.20573893	0	-0	0	-0	0	-0	
0	0	1378	3512.828090183418	0.21649162	-1.0013589	0	-0	0.32124275	-0.19967458	0	-0	0	-0	0	-0	
0	0	1379	3515.3773123098213	0.20516963	-1.01394	0	-0	0.31232375	-0.21687353	0	-0	0	-0	0	-0	
0	0	1380	3517.9265344362243	0.19933149	-1.0484456	0	-0	0.31039152	-0.24131988	0	-0	0	-0	0	-0	
0	0	1381	3520.475756562628	0.19881727	-1.0745081	0	-0	0.3142246	-0.25507736	0	-0	0	-0	0	-0	
0	0	1382	3523.024978689031	0.19864222	-1.0815482	0	-0	0.3198048	-0.24922371	0	-0	0	-0	0	-0	
0	0	1383	3525.574200815434	0.19578457	-1.0866232	0	-0	0.32273382	-0.22459532	0	-0	0	-0	0	-0	
0	0	1384	3528.123422941837	0.1925748	-1.1082679	0	-0	0.31927735	-0.18882185	0	-0	0	-0	0	-0	
0	0	1385	3530.67264506824	0.19351135	-1.1389189	0	-0	0.3075508	-0.1565664	0	-0	0	-0	0	-0	
0	0	1386	3533.221867194643	0.19839326	-1.1486535	0	-0	0.28975573	-0.14749074	0	-0	0	-0	0	-0	
0	0	1387	3535.771089321046	0.20063715	-1.1265982	0	-0	0.27237305	-0.1756353	0	-0	0	-0	0	-0	
0	0	1388	3538.320311447449	0.1943576	-1.1011298	0	-0	0.26262715	-0.2366853	0	-0	0	-0	0	-0	
0	0	1389	3540.869533573852	0.1818409	-1.1216084	0	-0	0.2644636	-0.30549997	0	-0	0	-0	0	-0	
0	0	1390	3543.418755700255	0.17492187	-1.2156385	0	-0	0.2762301	-0.35041508	0	-0	0	-0	0	-0	
0	0	1391	3545.9679778266586	0.18558922	-1.322374	0	-0	0.2910711	-0.35670605	0	-0	0	-0	0	-0	
0	0	1392	3548.5171999530617	0.20913932	-1.3421359	0	-0	0.30166262	-0.33509365	0	-0	0	-0	0	-0	
0	0	1393	3551.0664220794647	0.22686787	-1.2681106	0	-0	0.30560112	-0.30629742	0	-0	0	-0	0	-0	
0	0	1394	3553.6156442058677	0.22418943	-1.1616127	0	-0	0.30512172	-0.28304306	0	-0	0	-0	0	-0	
0	0	1395	3556.1648663322703	0.20072013	-1.1006824	0	-0	0.3030955	-0.26642227	0	-0	0	-0	0	-0	
0	0	1396	3558.7140884586734	0.17190227	-1.1706651	0	-0	0.3004582	-0.25205964	0	-0	0	-0	0	-0	
0	0	1397	3561.2633105850764	0.16474362	-1.3824309	0	-0	0.29622594	-0.23817058	0	-0	0	-0	0	-0	
0	0	1398	3563.8125327114794	0.19046786	-1.5431987	0	-0	0.28963053	-0.2296594	0	-0	0	-0	0	-0	
0	0	1399	3566.3617548378825	0.22623698	-1.5491709	0	-0	0.28198686	-0.23280774	0	-0	0	-0	0	-0	
0	0	1400	3568.9109769642855	0.24843293	-1.4790976	0	-0	0.27543998	-0.24784046	0	-0	0	-0	0	-0	
0	0	1401	3571.4601990906885	0.25315756	-1.4208233	0	-0	0.27099174	-0.27070075	0	-0	0	-0	0	-0	
0	0	1402	3574.009421217092	0.25368226	-1.4142394	0	-0	0.26876122	-0.29861498	0	-0	0	-0	0	-0	
0	0	1403	3576.558643343495	0.26503208	-1.4303282	0	-0	0.26931912	-0.33015501	0	-0	0	-0	0	-0	
0	0	1404	3579.107865469898	0.28780437	-1.4067082	0	-0	0.27377704	-0.35983777	0	-0	0	-0	0	-0	
0	0	1405	3581.657087596301	0.3084461	-1.3188226	0	-0	0.28179386	-0.37687117	0	-0	0	-0	0	-0	
0	0	1406	3584.206309722704	0.31117758	-1.1880597	0	-0	0.2902352	-0.3742242	0	-0	0	-0	0	-0	
0	0	1407	3586.7555318491072	0.28851753	-1.0606738	0	-0	0.29485798	-0.3558813	0	-0	0	-0	0	-0	
0	0	1408	3589.3047539755103	0.24809535	-0.9986305	0	-0	0.2929288	-0.3350903	0	-0	0	-0	0	-0	
0	0	1409	3591.8539761019133	0.21169241	-1.0559226	0	-0	0.2851556	-0.32981563	0	-0	0	-0	0	-0	
0	0	1410	3594.4031982283163	0.20075306	-1.196107	0	-0	0.2766855	-0.35422203	0	-0	0	-0	0	-0	
0	0	1411	3596.9524203547194	0.21416824	-1.2842183	0	-0	0.27468216	-0.4032602	0	-0	0	-0	0	-0	
0	0	1412	3599.501642481123	0.23190984	-1.2641367	0	-0	0.2822435	-0.45094916	0	-0	0	-0	0	-0	
0	0	1413	3602.050864607526	0.23625317	-1.1702476	0	-0	0.29629758	-0.47511214	0	-0	0	-0	0	-0	
0	0	1414	3604.600086733929	0.21876214	-1.0542064	0	-0	0.31161997	-0.4712649	0	-0	0	-0	0	-0	
0	0	1415	3607.149308860332	0.18057817	-0.97811836	0	-0	0.3236336	-0.4448151	0	-0	0	-0	0	-0	
0	0	1416	3609.698530986735	0.13376269	-1.0534639	0	-0	0.3283602	-0.40578982	0	-0	0	-0	0	-0	
0	0	1417	3612.247753113138	0.10864063	-1.4337665	0	-0	0.32358253	-0.37204528	0	-0	0	-0	0	-0	
0	0	1418	3614.7969752395406	0.13337012	-1.811907	0	-0	0.31325182	-0.36704606	0	-0	0	-0	0	-0	
0	0	1419	3617.3461973659437	0.1786464	-1.8798789	0	-0	0.30801943	-0.39535007	0	-0	0	-0	0	-0	
0	0	1420	3619.8954194923467	0.21289633	-1.7994611	0	-0	0.3141643	-0.4255444	0	-0	0	-0	0	-0	
0	0	1421	3622.4446416187498	0.2254571	-1.6878936	0	-0	0.3260711	-0.42665982	0	-0	0	-0	0	-0	
0	0	1422	3624.993863745153	0.21734816	-1.6074756	0	-0	0.3334601	-0.40022478	0	-0	0	-0	0	-0	
0	0	1423	3627.5430858715563	0.19819304	-1.612614	0	-0	0.33056158	-0.3711835	0	-0	0	-0	0	-0	
0	0	1424	3630.0923079979593	0.18749772	-1.7347655	0	-0	0.3206505	-0.3699006	0	-0	0	-0	0	-0	
0	0	1425	3632.6415301243624	0.2032843	-1.8841939	0	-0	0.315733	-0.40937078	0	-0	0	-0	0	-0	
0	0	1426	3635.1907522507654	0.23858202	-1.9378425	0	-0	0.32772478	-0.45745736	0	-0	0	-0	0	-0	
0	0	1427	3637.7399743771684	0.27536765	-1.905169	0	-0	0.35299617	-0.4579691	0	-0	0	-0	0	-0	
0	0	1428	3640.2891965035715	0.305572	-1.8330201	0	-0	0.37187362	-0.4015414	0	-0	0	-0	0	-0	
0	0	1429	3642.8384186299745	0.32835144	-1.742906	0	-0	0.37033057	-0.33105925	0	-0	0	-0	0	-0	
0	0	1430	3645.3876407563776	0.34277257	-1.6390493	0	-0	0.35277596	-0.29249233	0	-0	0	-0	0	-0	
0	0	1431	3647.9368628827806	0.3452713	-1.525251	0	-0	0.33355197	-0.30745462	0	-0	0	-0	0	-0	
0	0	1432	3650.4860850091836	0.3322323	-1.4156003	0	-0	0.32676572	-0.36653414	0	-0	0	-0	0	-0	
0	0	1433	3653.035307135587	0.30486208	-1.336659	0	-0	0.33966902	-0.4259614	0	-0	0	-0	0	-0	
0	0	1434	3655.58452926199	0.27224654	-1.32131	0	-0	0.3646324	-0.4392219	0	-0	0	-0	0	-0	
0	0	1435	3658.133751388393	0.24963833	-1.3831527	0	-0	0.3848	-0.41135946	0	-0	0	-0	0	-0	
0	0	1436	3660.6829735147962	0.24801543	-1.4753206	0	-0	0.39536545	-0.378282	0	-0	0	-0	0	-0	
0	0	1437	3663.2321956411993	0.2623296	-1.52509	0	-0	0.40345088	-0.3526811	0	-0	0	-0	0	-0	
0	0	1438	3665.7814177676023	0.27771828	-1.516063	0	-0	0.41321775	-0.32240528	0	-0	0	-0	0	-0	
0	0	1439	3668.3306398940053	0.28285164	-1.4805773	0	-0	0.4198784	-0.27387893	0	-0	0	-0	0	-0	
0	0	1440	3670.8798620204084	0.27685723	-1.467044	0	-0	0.41257447	-0.21526384	0	-0	0	-0	0	-0	
0	0	1441	3673.429084146811	0.27318874	-1.5081637	0	-0	0.3897689	-0.18652721	0	-0	0	-0	0	-0	
0	0	1442	3675.978306273214	0.28862718	-1.56368	0	-0	0.3706119	-0.2146749	0	-0	0	-0	0	-0	
0	0	1443	3678.527528399617	0.31990257	-1.5586799	0	-0	0.37087664	-0.2629079	0	-0	0	-0	0	-0	
0	0	1444	3681.0767505260205	0.3484913	-1.4794867	0	-0	0.38443205	-0.28089508	0	-0	0	-0	0	-0	
0	0	1445	3683.6259726524236	0.35703918	-1.3526391	0	-0	0.39510253	-0.26075038	0	-0	0	-0	0	-0	
0	0	1446	3686.1751947788266	0.33375803	-1.2186424	0	-0	0.39174828	-0.23207597	0	-0	0	-0	0	-0	
0	0	1447	3688.7244169052296	0.27988565	-1.1521488	0	-0	0.37933016	-0.23573892	0	-0	0	-0	0	-0	
0	0	1448	3691.2736390316327	0.22615905	-1.2790666	0	-0	0.3764802	-0.2788888	0	-0	0	-0	0	-0	
0	0	1449	3693.8228611580357	0.22799207	-1.571951	0	-0	0.3935387	-0.31484938	0	-0	0	-0	0	-0	
0	0	1450	3696.3720832844388	0.2880807	-1.7082422	0	-0	0.4198233	-0.3003378	0	-0	0	-0	0	-0	
0	0	1451	3698.921305410842	0.3581874	-1.6494721	0	-0	0.4353954	-0.24014232	0	-0	0	-0	0	-0	
0	0	1452	3701.470527537245	0.40548888	-1.4954928	0	-0	0.4287022	-0.17267835	0	-0	0	-0	0	-0	
0	0	1453	3704.019749663648	0.41451994	-1.3096783	0	-0	0.406706	-0.1406552	0	-0	0	-0	0	-0	
0	0	1454	3706.5689717900514	0.38362327	-1.136414	0	-0	0.38936058	-0.15886846	0	-0	0	-0	0	-0	
0	0	1455	3709.1181939164544	0.32377854	-1.0198014	0	-0	0.39198658	-0.19294488	0	-0	0	-0	0	-0	
0	0	1456	3711.6674160428574	0.25537154	-1.0206014	0	-0	0.41080853	-0.18592668	0	-0	0	-0	0	-0	
0	0	1457	3714.2166381692605	0.20841715	-1.2061839	0	-0	0.42369255	-0.11633127	0	-0	0	-0	0	-0	
0	0	1458	3716.7658602956635	0.21076795	-1.4813777	0	-0	0.4085566	-0.020286823	0	-0	0	-0	0	-0	
0	0	1459	3719.3150824220666	0.24926369	-1.6212803	0	-0	0.36856198	0.035823658	0	-0	0	-0	0	-0	
0	0	1460	3721.8643045484696	0.2905127	-1.6260402	0	-0	0.32973278	0.014473725	0	-0	0	-0	0	-0	
0	0	1461	3724.4135266748726	0.3189835	-1.5788612	0	-0	0.311266	-0.053216543	0	-0	0	-0	0	-0	
0	0	1462	3726.9627488012757	0.3355025	-1.5287085	0	-0	0.31025007	-0.10301812	0	-0	0	-0	0	-0	
0	0	1463	3729.5119709276782	0.34808487	-1.4895326	0	-0	0.3106876	-0.11053017	0	-0	0	-0	0	-0	
0	0	1464	3732.0611930540813	0.3636363	-1.4493693	0	-0	0.30085182	-0.10651763	0	-0	0	-0	0	-0	
0	0	1465	3734.610415180485	0.38182846	-1.3870664	0	-0	0.2855547	-0.13871966	0	-0	0	-0	0	-0	
0	0	1466	3737.159637306888	0.39479887	-1.2936912	0	-0	0.28067768	-0.21159194	0	-0	0	-0	0	-0	
0	0	1467	3739.708859433291	0.39357898	-1.1818329	0	-0	0.293102	-0.2718704	0	-0	0	-0	0	-0	
0	0	1468	3742.258081559694	0.37697178	-1.077578	0	-0	0.3141676	-0.27473593	0	-0	0	-0	0	-0	
0	0	1469	3744.807303686097	0.3536754	-0.9993242	0	-0	0.32830212	-0.22035846	0	-0	0	-0	0	-0	
0	0	1470	3747.3565258125	0.33301643	-0.93940514	0	-0	0.32238764	-0.14609143	0	-0	0	-0	0	-0	
0	0	1471	3749.905747938903	0.31502834	-0.87300795	0	-0	0.29893732	-0.11225005	0	-0	0	-0	0	-0	
0	0	1472	3752.454970065306	0.2915271	-0.7900147	0	-0	0.277948	-0.15114912	0	-0	0	-0	0	-0	
0	0	1473	3755.004192191709	0.25654206	-0.71560675	0	-0	0.27422374	-0.22586344	0	-0	0	-0	0	-0	
0	0	1474	3757.553414318112	0.21602081	-0.70296955	0	-0	0.2862932	-0.2795736	0	-0	0	-0	0	-0	
0	0	1475	3760.1026364445156	0.18643747	-0.78776234	0	-0	0.30562907	-0.28704786	0	-0	0	-0	0	-0	
0	0	1476	3762.6518585709186	0.17946792	-0.90876716	0	-0	0.32264617	-0.24954933	0	-0	0	-0	0	-0	
0	0	1477	3765.2010806973217	0.18713988	-0.95417225	0	-0	0.32840905	-0.18724918	0	-0	0	-0	0	-0	
0	0	1478	3767.7503028237247	0.19116147	-0.90567595	0	-0	0.3212416	-0.13289706	0	-0	0	-0	0	-0	
0	0	1479	3770.2995249501278	0.1802385	-0.8183705	0	-0	0.30821663	-0.10674979	0	-0	0	-0	0	-0	
0	0	1480	3772.848747076531	0.15579978	-0.7595558	0	-0	0.29606318	-0.108427435	0	-0	0	-0	0	-0	
0	0	1481	3775.397969202934	0.12722804	-0.7834775	0	-0	0.28816244	-0.13149717	0	-0	0	-0	0	-0	
0	0	1482	3777.947191329337	0.10341773	-0.92324877	0	-0	0.287222	-0.1667051	0	-0	0	-0	0	-0	
0	0	1483	3780.49641345574	0.09026646	-1.1910375	0	-0	0.29464573	-0.19454308	0	-0	0	-0	0	-0	
0	0	1484	3783.045635582143	0.09445973	-1.5251187	0	-0	0.30611947	-0.19422005	0	-0	0	-0	0	-0	
0	0	1485	3785.5948577085464	0.118098654	-1.7495201	0	-0	0.3129493	-0.16922641	0	-0	0	-0	0	-0	
0	0	1486	3788.144079834949	0.1512114	-1.8069272	0	-0	0.31125873	-0.14494042	0	-0	0	-0	0	-0	
0	0	1487	3790.693301961352	0.18214162	-1.7651476	0	-0	0.3050429	-0.14310706	0	-0	0	-0	0	-0	
0	0	1488	3793.242524087755	0.20397152	-1.6860844	0	-0	0.30172578	-0.16800414	0	-0	0	-0	0	-0	
0	0	1489	3795.791746214158	0.2146155	-1.6117601	0	-0	0.30763274	-0.20260179	0	-0	0	-0	0	-0	
0	0	1490	3798.340968340561	0.2182535	-1.5722467	0	-0	0.32286164	-0.21350558	0	-0	0	-0	0	-0	
0	0	1491	3800.890190466964	0.2241634	-1.5664625	0	-0	0.33625367	-0.18105184	0	-0	0	-0	0	-0	
0	0	1492	3803.4394125933673	0.23684838	-1.5545957	0	-0	0.33420926	-0.13279736	0	-0	0	-0	0	-0	
0	0	1493	3805.9886347197703	0.2502891	-1.5070028	0	-0	0.31930938	-0.116922185	0	-0	0	-0	0	-0	
0	0	1494	3808.5378568461733	0.2549064	-1.4333004	0	-0	0.30565152	-0.15148735	0	-0	0	-0	0	-0	
0	0	1495	3811.0870789725764	0.24595706	-1.3696134	0	-0	0.3044315	-0.21782602	0	-0	0	-0	0	-0	
0	0	1496	3813.63630109898	0.2291075	-1.360707	0	-0	0.31978568	-0.2744777	0	-0	0	-0	0	-0	
0	0	1497	3816.185523225383	0.21888216	-1.4192808	0	-0	0.34591264	-0.27874783	0	-0	0	-0	0	-0	
0	0	1498	3818.734745351786	0.22398269	-1.4887272	0	-0	0.36460042	-0.22085813	0	-0	0	-0	0	-0	
0	0	1499	3821.283967478189	0.2369239	-1.510198	0	-0	0.35804373	-0.14428619	0	-0	0	-0	0	-0	
0	0	1500	3823.833189604592	0.24458617	-1.491134	0	-0	0.3311135	-0.11330232	0	-0	0	-0	0	-0	
0	0	1501	3826.382411730995	0.24195339	-1.4776969	0	-0	0.30557102	-0.15780401	0	-0	0	-0	0	-0	
0	0	1502	3828.931633857398	0.23627585	-1.508327	0	-0	0.29919654	-0.24966879	0	-0	0	-0	0	-0	
0	0	1503	3831.480855983801	0.23974924	-1.5742651	0	-0	0.3147896	-0.31835487	0	-0	0	-0	0	-0	
0	0	1504	3834.030078110204	0.25669813	-1.6236004	0	-0	0.33691695	-0.3153224	0	-0	0	-0	0	-0	
0	0	1505	3836.579300236607	0.27960622	-1.6199389	0	-0	0.34280568	-0.26231784	0	-0	0	-0	0	-0	
0	0	1506	3839.1285223630107	0.29595432	-1.5721768	0	-0	0.32669008	-0.22504178	0	-0	0	-0	0	-0	
0	0	1507	3841.6777444894137	0.29810962	-1.5191189	0	-0	0.30506402	-0.24596202	0	-0	0	-0	0	-0	
0	0	1508	3844.2269666158168	0.29041898	-1.5034635	0	-0	0.29437706	-0.30970195	0	-0	0	-0	0	-0	
0	0	1509	3846.7761887422193	0.28748524	-1.5424984	0	-0	0.2968783	-0.3698228	0	-0	0	-0	0	-0	
0	0	1510	3849.3254108686224	0.30493808	-1.5996966	0	-0	0.30355832	-0.400134	0	-0	0	-0	0	-0	
0	0	1511	3851.8746329950254	0.34505	-1.5981842	0	-0	0.30534926	-0.41726422	0	-0	0	-0	0	-0	
0	0	1512	3854.4238551214285	0.38744986	-1.5015978	0	-0	0.3056833	-0.4529492	0	-0	0	-0	0	-0	
0	0	1513	3856.9730772478315	0.4052262	-1.3455509	0	-0	0.31613928	-0.49677774	0	-0	0	-0	0	-0	
0	0	1514	3859.5222993742345	0.38967127	-1.1840278	0	-0	0.33716923	-0.5050249	0	-0	0	-0	0	-0	
0	0	1515	3862.0715215006376	0.347613	-1.0530225	0	-0	0.35629576	-0.45790842	0	-0	0	-0	0	-0	
0	0	1516	3864.6207436270406	0.2891176	-0.9903972	0	-0	0.35672796	-0.3706757	0	-0	0	-0	0	-0	
0	0	1517	3867.169965753444	0.23324521	-1.0734836	0	-0	0.32796812	-0.2955703	0	-0	0	-0	0	-0	
0	0	1518	3869.719187879847	0.21938777	-1.3175654	0	-0	0.28386042	-0.31613496	0	-0	0	-0	0	-0	
0	0	1519	3872.26841000625	0.25741693	-1.466376	0	-0	0.2592385	-0.46597797	0	-0	0	-0	0	-0	
0	0	1520	3874.817632132653	0.30389008	-1.4377645	0	-0	0.27373356	-0.6440716	0	-0	0	-0	0	-0	
0	0	1521	3877.3668542590563	0.33224574	-1.328383	0	-0	0.31970042	-0.74044645	0	-0	0	-0	0	-0	
0	0	1522	3879.9160763854593	0.33723024	-1.1923342	0	-0	0.38264284	-0.73112303	0	-0	0	-0	0	-0	
0	0	1523	3882.4652985118623	0.317879	-1.0536081	0	-0	0.4424818	-0.62561196	0	-0	0	-0	0	-0	
0	0	1524	3885.0145206382654	0.27544773	-0.943517	0	-0	0.4693116	-0.467303	0	-0	0	-0	0	-0	
0	0	1525	3887.5637427646684	0.2202654	-0.9210478	0	-0	0.45653188	-0.32965833	0	-0	0	-0	0	-0	
0	0	1526	3890.1129648910714	0.17345002	-1.0617489	0	-0	0.4282933	-0.24658616	0	-0	0	-0	0	-0	
0	0	1527	3892.662187017475	0.15809013	-1.3593549	0	-0	0.4019342	-0.2078187	0	-0	0	-0	0	-0	
0	0	1528	3895.211409143878	0.17981337	-1.6157765	0	-0	0.3825284	-0.19961397	0	-0	0	-0	0	-0	
0	0	1529	3897.760631270281	0.21964653	-1.7090636	0	-0	0.37389868	-0.21194328	0	-0	0	-0	0	-0	
0	0	1530	3900.309853396684	0.25577915	-1.692161	0	-0	0.37954918	-0.21993706	0	-0	0	-0	0	-0	
0	0	1531	3902.8590755230866	0.27795917	-1.6448143	0	-0	0.39282194	-0.19192751	0	-0	0	-0	0	-0	
0	0	1532	3905.4082976494897	0.29149127	-1.6126971	0	-0	0.39920905	-0.12601651	0	-0	0	-0	0	-0	
0	0	1533	3907.9575197758927	0.30749136	-1.5899396	0	-0	0.3883928	-0.04559034	0	-0	0	-0	0	-0	
0	0	1534	3910.5067419022957	0.32875684	-1.5397079	0	-0	0.358553	0.012326568	0	-0	0	-0	0	-0	
0	0	1535	3913.055964028699	0.34460402	-1.436257	0	-0	0.32199216	-0.001057716	0	-0	0	-0	0	-0	
0	0	1536	3915.605186155102	0.3373848	-1.2911764	0	-0	0.30437696	-0.096723184	0	-0	0	-0	0	-0	
0	0	1537	3918.1544082815053	0.29831782	-1.1525991	0	-0	0.31933355	-0.1942094	0	-0	0	-0	0	-0	
0	0	1538	3920.7036304079083	0.23776555	-1.0928735	0	-0	0.35538334	-0.2177124	0	-0	0	-0	0	-0	
0	0	1539	3923.2528525343114	0.18078315	-1.2089593	0	-0	0.3938106	-0.15812157	0	-0	0	-0	0	-0	
0	0	1540	3925.8020746607144	0.16126968	-1.5276922	0	-0	0.41487172	-0.032494735	0	-0	0	-0	0	-0	
0	0	1541	3928.3512967871175	0.18814705	-1.7664196	0	-0	0.39950365	0.118065864	0	-0	0	-0	0	-0	
0	0	1542	3930.9005189135205	0.22409658	-1.7967104	0	-0	0.35124344	0.22154579	0	-0	0	-0	0	-0	
0	0	1543	3933.4497410399235	0.24087957	-1.7460036	0	-0	0.2999886	0.22729182	0	-0	0	-0	0	-0	
0	0	1544	3935.9989631663266	0.23890515	-1.719148	0	-0	0.2688139	0.15385555	0	-0	0	-0	0	-0	
0	0	1545	3938.5481852927296	0.23473914	-1.7549105	0	-0	0.26077428	0.07028803	0	-0	0	-0	0	-0	
0	0	1546	3941.0974074191327	0.24490851	-1.8178711	0	-0	0.26456892	0.042769495	0	-0	0	-0	0	-0	
0	0	1547	3943.6466295455357	0.27060267	-1.8256164	0	-0	0.25954607	0.08680765	0	-0	0	-0	0	-0	
0	0	1548	3946.195851671939	0.29258978	-1.749164	0	-0	0.22800483	0.14079851	0	-0	0	-0	0	-0	
0	0	1549	3948.745073798342	0.29238522	-1.6454916	0	-0	0.17872566	0.060355704	0	-0	0	-0	0	-0	
0	0	1550	3951.2942959247453	0.27519283	-1.5880734	0	-0	0.15508942	-0.28565282	0	-0	0	-0	0	-0	
0	0	1551	3953.8435180511483	0.26166046	-1.6038516	0	-0	0.19085425	-0.60837644	0	-0	0	-0	0	-0	
0	0	1552	3956.3927401775513	0.26889506	-1.6473082	0	-0	0.25483823	-0.6671108	0	-0	0	-0	0	-0	
0	0	1553	3958.9419623039544	0.2972089	-1.6298686	0	-0	0.31084818	-0.58015233	0	-0	0	-0	0	-0	
0	0	1554	3961.491184430357	0.3265682	-1.5086786	0	-0	0.34206322	-0.44450155	0	-0	0	-0	0	-0	
0	0	1555	3964.04040655676	0.32872534	-1.3163884	0	-0	0.34473267	-0.31302977	0	-0	0	-0	0	-0	
0	0	1556	3966.589628683163	0.29019946	-1.1371993	0	-0	0.32571352	-0.22705777	0	-0	0	-0	0	-0	
0	0	1557	3969.138850809566	0.22967832	-1.0985696	0	-0	0.30516303	-0.21887414	0	-0	0	-0	0	-0	
0	0	1558	3971.6880729359696	0.19927245	-1.3055588	0	-0	0.30744937	-0.23903213	0	-0	0	-0	0	-0	
0	0	1559	3974.2372950623726	0.23552322	-1.4931403	0	-0	0.31908846	-0.18140249	0	-0	0	-0	0	-0	
0	0	1560	3976.7865171887756	0.29616988	-1.4432033	0	-0	0.30718973	-0.06886421	0	-0	0	-0	0	-0	
0	0	1561	3979.3357393151787	0.33586994	-1.2704052	0	-0	0.26713687	0.018644229	0	-0	0	-0	0	-0	
0	0	1562	3981.8849614415817	0.33775967	-1.0768967	0	-0	0.21250345	-0.0023417443	0	-0	0	-0	0	-0	
0	0	1563	3984.4341835679847	0.30462113	-0.9417644	0	-0	0.17222953	-0.25526994	0	-0	0	-0	0	-0	
0	0	1564	3986.983405694388	0.26537278	-0.95912236	0	-0	0.19397978	-0.6340832	0	-0	0	-0	0	-0	
0	0	1565	3989.532627820791	0.2700832	-1.0876442	0	-0	0.27205136	-0.73718464	0	-0	0	-0	0	-0	
0	0	1566	3992.081849947194	0.3145354	-1.0993831	0	-0	0.34930483	-0.6047586	0	-0	0	-0	0	-0	
0	0	1567	3994.631072073597	0.35154924	-0.9855911	0	-0	0.38228664	-0.38821408	0	-0	0	-0	0	-0	
0	0	1568	3997.1802942000004	0.35881785	-0.8295947	0	-0	0.36032447	-0.18955359	0	-0	0	-0	0	-0	
0	0	1569	3999.7295163264034	0.33284822	-0.6849389	0	-0	0.30316505	-0.08681119	0	-0	0	-0	0	-0	
0	0	1570	4002.2787384528065	0.2802966	-0.6176527	0	-0	0.246725	-0.16025873	0	-0	0	-0	0	-0	
0	0	1571	4004.8279605792095	0.23408619	-0.73429996	0	-0	0.23608077	-0.40207112	0	-0	0	-0	0	-0	
0	0	1572	4007.3771827056125	0.24212109	-0.9327425	0	-0	0.28492904	-0.5536762	0	-0	0	-0	0	-0	
0	0	1573	4009.9264048320156	0.27504963	-0.96214336	0	-0	0.34891534	-0.5080341	0	-0	0	-0	0	-0	
0	0	1574	4012.4756269584186	0.28480008	-0.8999131	0	-0	0.38618213	-0.3710018	0	-0	0	-0	0	-0	
0	0	1575	4015.0248490848217	0.26644084	-0.8674222	0	-0	0.38966385	-0.23436971	0	-0	0	-0	0	-0	
0	0	1576	4017.5740712112247	0.24067889	-0.95671165	0	-0	0.37385437	-0.13424252	0	-0	0	-0	0	-0	
0	0	1577	4020.1232933376273	0.25131524	-1.1644157	0	-0	0.3522906	-0.07148941	0	-0	0	-0	0	-0	
0	0	1578	4022.6725154640303	0.31899425	-1.2353635	0	-0	0.33046335	-0.038449235	0	-0	0	-0	0	-0	
0	0	1579	4025.221737590434	0.38614482	-1.0841222	0	-0	0.31069514	-0.038368374	0	-0	0	-0	0	-0	
0	0	1580	4027.770959716837	0.3977897	-0.8469362	0	-0	0.30168027	-0.07587557	0	-0	0	-0	0	-0	
0	0	1581	4030.32018184324	0.35420892	-0.62042236	0	-0	0.31245625	-0.10689073	0	-0	0	-0	0	-0	
0	0	1582	4032.869403969643	0.27737668	-0.4446027	0	-0	0.33467934	-0.07993805	0	-0	0	-0	0	-0	
0	0	1583	4035.418626096046	0.1868158	-0.37879753	0	-0	0.3547244	0.0071021942	0	-0	0	-0	0	-0	
0	0	1584	4037.967848222449	0.11154285	-0.6472604	0	-0	0.36327615	0.14343038	0	-0	0	-0	0	-0	
0	0	1585	4040.517070348852	0.10742638	-1.2820591	0	-0	0.35142207	0.32289022	0	-0	0	-0	0	-0	
0	0	1586	4043.066292475255	0.14118223	-1.493698	0	-0	0.30872837	0.53515536	0	-0	0	-0	0	-0	
0	0	1587	4045.615514601658	0.1563004	-1.5346987	0	-0	0.22861196	0.7384762	0	-0	0	-0	0	-0	
0	0	1588	4048.164736728061	0.16152197	-1.6345096	0	-0	0.124230854	0.7393589	0	-0	0	-0	0	-0	
0	0	1589	4050.7139588544646	0.18267849	-1.7586815	0	-0	0.083381034	-0.21894383	0	-0	0	-0	0	-0	
0	0	1590	4053.2631809808677	0.22274783	-1.7572311	0	-0	0.16443427	-0.60859406	0	-0	0	-0	0	-0	
0	0	1591	4055.8124031072707	0.25627172	-1.5983639	0	-0	0.24240701	-0.5028771	0	-0	0	-0	0	-0	
0	0	1592	4058.3616252336737	0.25365737	-1.3488795	0	-0	0.2932516	-0.32721722	0	-0	0	-0	0	-0	
0	0	1593	4060.910847360077	0.20701183	-1.0998603	0	-0	0.31682983	-0.15176073	0	-0	0	-0	0	-0	
0	0	1594	4063.46006948648	0.13376243	-0.97015345	0	-0	0.31650615	-0.000517905	0	-0	0	-0	0	-0	
0	0	1595	4066.009291612883	0.07127737	-1.3629141	0	-0	0.29867077	0.10199443	0	-0	0	-0	0	-0	
0	0	1596	4068.558513739286	0.09794552	-2.1153533	0	-0	0.27675223	0.12983009	0	-0	0	-0	0	-0	
0	0	1597	4071.107735865689	0.15814428	-2.06428	0	-0	0.26796705	0.09429483	0	-0	0	-0	0	-0	
0	0	1598	4073.656957992092	0.1908799	-1.7857982	0	-0	0.27833486	0.060420588	0	-0	0	-0	0	-0	
0	0	1599	4076.2061801184946	0.18957001	-1.4676478	0	-0	0.29819864	0.078426905	0	-0	0	-0	0	-0	
0	0	1600	4078.755402244898	0.16564688	-1.1355138	0	-0	0.31257403	0.14730297	0	-0	0	-0	0	-0	
0	0	1601	4081.304624371301	0.12962896	-0.7390783	0	-0	0.30994692	0.23148894	0	-0	0	-0	0	-0	
0	0	1602	4083.853846497704	0.08879759	-0.12115194	0	-0	0.2925087	0.27583838	0	-0	0	-0	0	-0	
0	0	1603	4086.403068624107	0.06745597	1.0728217	0	-0	0.27966353	0.25523913	0	-0	0	-0	0	-0	
0	0	1604	4088.95229075051	0.10004903	2.265954	0	-0	0.28485778	0.22777793	0	-0	0	-0	0	-0	
0	0	1605	4091.5015128769132	0.14072818	2.966068	0	-0	0.29734933	0.26150116	0	-0	0	-0	0	-0	
0	0	1606	4094.0507350033163	0.1621633	-2.8597174	0	-0	0.29493058	0.35845217	0	-0	0	-0	0	-0	
0	0	1607	4096.59995712972	0.17061338	-2.5465205	0	-0	0.26114163	0.46221417	0	-0	0	-0	0	-0	
0	0	1608	4099.149179256123	0.17770882	-2.317031	0	-0	0.20305875	0.44785056	0	-0	0	-0	0	-0	
0	0	1609	4101.698401382526	0.19182941	-2.1058707	0	-0	0.1649824	0.1570065	0	-0	0	-0	0	-0	
0	0	1610	4104.247623508929	0.21228705	-1.838019	0	-0	0.19031641	-0.18228133	0	-0	0	-0	0	-0	
0	0	1611	4106.796845635332	0.22406721	-1.4857906	0	-0	0.2478306	-0.25315997	0	-0	0	-0	0	-0	
0	0	1612	4109.346067761735	0.21356525	-1.0926316	0	-0	0.29114214	-0.14958918	0	-0	0	-0	0	-0	
0	0	1613	4111.895289888138	0.18245097	-0.6958883	0	-0	0.2906107	0.010129749	0	-0	0	-0	0	-0	
0	0	1614	4114.444512014541	0.13561772	-0.28814644	0	-0	0.24339105	0.09418669	0	-0	0	-0	0	-0	
0	0	1615	4116.993734140944	0.07418407	0.18924502	0	-0	0.1919966	-0.057779774	0	-0	0	-0	0	-0	
0	0	1616	4119.542956267347	0.013194745	2.2481592	0	-0	0.19068782	-0.38740015	0	-0	0	-0	0	-0	
0	0	1617	4122.09217839375	0.08514661	-2.3692646	0	-0	0.23383048	-0.57215995	0	-0	0	-0	0	-0	
0	0	1618	4124.641400520153	0.14735618	-1.8020717	0	-0	0.28278866	-0.58827364	0	-0	0	-0	0	-0	
0	0	1619	4127.190622646556	0.16558579	-1.3136958	0	-0	0.31474268	-0.52993715	0	-0	0	-0	0	-0	
0	0	1620	4129.739844772959	0.13619229	-0.9420188	0	-0	0.321972	-0.46564975	0	-0	0	-0	0	-0	
0	0	1621	4132.289066899362	0.07783573	-0.8669184	0	-0	0.31116846	-0.44309944	0	-0	0	-0	0	-0	
0	0	1622	4134.838289025765	0.059653997	-1.8790472	0	-0	0.29754856	-0.48327452	0	-0	0	-0	0	-0	
0	0	1623	4137.387511152168	0.13821118	-2.1544685	0	-0	0.29615003	-0.5752933	0	-0	0	-0	0	-0	
0	0	1624	4139.936733278571	0.21891333	-1.924657	0	-0	0.3176211	-0.66895103	0	-0	0	-0	0	-0	
0	0	1625	4142.485955404974	0.25968263	-1.6309944	0	-0	0.35858646	-0.69998634	0	-0	0	-0	0	-0	
0	0	1626	4145.0351775313775	0.24928387	-1.4187151	0	-0	0.40105867	-0.6550876	0	-0	0	-0	0	-0	
0	0	1627	4147.5843996577805	0.21626069	-1.401856	0	-0	0.4280514	-0.56093425	0	-0	0	-0	0	-0	
0	0	1628	4150.133621784184	0.21096352	-1.5984919	0	-0	0.42862633	-0.44825372	0	-0	0	-0	0	-0	
0	0	1629	4152.682843910587	0.26395112	-1.7568064	0	-0	0.39908832	-0.3621719	0	-0	0	-0	0	-0	
0	0	1630	4155.23206603699	0.3476831	-1.7018766	0	-0	0.3615381	-0.3700052	0	-0	0	-0	0	-0	
0	0	1631	4157.781288163393	0.40535593	-1.5071913	0	-0	0.35930488	-0.44103962	0	-0	0	-0	0	-0	
0	0	1632	4160.330510289796	0.39950243	-1.3132615	0	-0	0.38543966	-0.43966502	0	-0	0	-0	0	-0	
0	0	1633	4162.879732416199	0.35864773	-1.2382761	0	-0	0.401017	-0.3555333	0	-0	0	-0	0	-0	
0	0	1634	4165.428954542602	0.3376856	-1.282875	0	-0	0.3853384	-0.24260654	0	-0	0	-0	0	-0	
0	0	1635	4167.978176669005	0.35347354	-1.3158802	0	-0	0.33296353	-0.17535636	0	-0	0	-0	0	-0	
0	0	1636	4170.527398795409	0.3722326	-1.2411582	0	-0	0.2773272	-0.3299773	0	-0	0	-0	0	-0	
0	0	1637	4173.076620921812	0.3463899	-1.0970831	0	-0	0.3406067	-0.5785649	0	-0	0	-0	0	-0	
0	0	1638	4175.625843048215	0.26151106	-1.0292498	0	-0	0.44814992	-0.41266716	0	-0	0	-0	0	-0	
0	0	1639	4178.175065174618	0.17686859	-1.3909161	0	-0	0.4584169	-0.1311704	0	-0	0	-0	0	-0	
0	0	1640	4180.724287301021	0.24048571	-1.994486	0	-0	0.3991695	0.09412684	0	-0	0	-0	0	-0	
0	0	1641	4183.273509427424	0.3978257	-1.9992149	0	-0	0.3138105	0.22632232	0	-0	0	-0	0	-0	
0	0	1642	4185.822731553827	0.5212995	-1.7514426	0	-0	0.22991839	0.20686367	0	-0	0	-0	0	-0	
0	0	1643	4188.37195368023	0.5456663	-1.4504308	0	-0	0.18175267	-0.057542257	0	-0	0	-0	0	-0	
0	0	1644	4190.921175806633	0.47137406	-1.1985439	0	-0	0.20228799	-0.3594405	0	-0	0	-0	0	-0	
0	0	1645	4193.470397933035	0.3418528	-1.085604	0	-0	0.25544134	-0.35806382	0	-0	0	-0	0	-0	
0	0	1646	4196.019620059438	0.2238658	-1.3547039	0	-0	0.26889318	-0.14503762	0	-0	0	-0	0	-0	
0	0	1647	4198.568842185842	0.27610216	-1.9642302	0	-0	0.21391244	0.019580333	0	-0	0	-0	0	-0	
0	0	1648	4201.118064312245	0.46611214	-1.928447	0	-0	0.15974918	-0.13145533	0	-0	0	-0	0	-0	
0	0	1649	4203.667286438648	0.5684363	-1.5703733	0	-0	0.16099241	-0.37638587	0	-0	0	-0	0	-0	
0	0	1650	4206.216508565051	0.50933516	-1.2324122	0	-0	0.17517643	-0.39683354	0	-0	0	-0	0	-0	
0	0	1651	4208.765730691454	0.38170168	-1.0343783	0	-0	0.16102728	-0.29224622	0	-0	0	-0	0	-0	
0	0	1652	4211.314952817857	0.25146872	-1.0264591	0	-0	0.10466416	-0.28619617	0	-0	0	-0	0	-0	
0	0	1653	4213.86417494426	0.16033521	-1.4376938	0	-0	0.076469116	-1.3149695	0	-0	0	-0	0	-0	
0	0	1654	4216.413397070663	0.20351802	-2.1344273	0	-0	0.18845159	-1.622245	0	-0	0	-0	0	-0	
0	0	1655	4218.9626191970665	0.35163566	-2.231269	0	-0	0.30015296	-1.3922741	0	-0	0	-0	0	-0	
0	0	1656	4221.5118413234695	0.4926551	-2.0237596	0	-0	0.3755423	-1.114807	0	-0	0	-0	0	-0	
0	0	1657	4224.061063449873	0.56384706	-1.7576232	0	-0	0.41624606	-0.8401814	0	-0	0	-0	0	-0	
0	0	1658	4226.610285576276	0.57527745	-1.5221812	0	-0	0.4237989	-0.56170017	0	-0	0	-0	0	-0	
0	0	1659	4229.159507702679	0.5544945	-1.3178586	0	-0	0.3915668	-0.27902937	0	-0	0	-0	0	-0	
0	0	1660	4231.708729829082	0.5069859	-1.1318209	0	-0	0.3177769	-0.035166617	0	-0	0	-0	0	-0	
0	0	1661	4234.257951955485	0.42659038	-0.9952771	0	-0	0.22639908	0.06153317	0	-0	0	-0	0	-0	
0	0	1662	4236.807174081888	0.343864	-1.045433	0	-0	0.16307792	-0.15360433	0	-0	0	-0	0	-0	
0	0	1663	4239.356396208291	0.359918	-1.2436374	0	-0	0.17826705	-0.56119347	0	-0	0	-0	0	-0	
0	0	1664	4241.905618334694	0.45051682	-1.2215902	0	-0	0.26514515	-0.643859	0	-0	0	-0	0	-0	
0	0	1665	4244.454840461097	0.5272208	-1.0388762	0	-0	0.36371818	-0.4236742	0	-0	0	-0	0	-0	
0	0	1666	4247.0040625875	0.566249	-0.79089385	0	-0	0.41188195	-0.10613338	0	-0	0	-0	0	-0	
0	0	1667	4249.553284713903	0.55485696	-0.49435917	0	-0	0.40872803	0.16474931	0	-0	0	-0	0	-0	
0	0	1668	4252.102506840306	0.46370137	-0.15492965	0	-0	0.38736466	0.3657337	0	-0	0	-0	0	-0	
0	0	1669	4254.651728966709	0.27338764	0.10918768	0	-0	0.36226705	0.5174047	0	-0	0	-0	0	-0	
0	0	1670	4257.200951093112	0.123561695	-0.64911526	0	-0	0.33445132	0.6267849	0	-0	0	-0	0	-0	
0	0	1671	4259.750173219515	0.2632572	-1.2084087	0	-0	0.3083409	0.6739711	0	-0	0	-0	0	-0	
0	0	1672	4262.299395345918	0.39441565	-1.0443017	0	-0	0.30186963	0.674689	0	-0	0	-0	0	-0	
0	0	1673	4264.848617472321	0.4605927	-0.8075405	0	-0	0.30841005	0.72506785	0	-0	0	-0	0	-0	
0	0	1674	4267.397839598724	0.44979408	-0.5738806	0	-0	0.29932997	0.8186151	0	-0	0	-0	0	-0	
0	0	1675	4269.947061725127	0.36193532	-0.46328905	0	-0	0.2688996	0.8960355	0	-0	0	-0	0	-0	
0	0	1676	4272.49628385153	0.29800102	-0.69229233	0	-0	0.22364613	0.90660626	0	-0	0	-0	0	-0	
0	0	1677	4275.045505977933	0.35432008	-0.9400219	0	-0	0.17597549	0.7691187	0	-0	0	-0	0	-0	
0	0	1678	4277.594728104337	0.44747692	-0.9490277	0	-0	0.15559314	0.38399825	0	-0	0	-0	0	-0	
0	0	1679	4280.143950230739	0.52329355	-0.8450783	0	-0	0.2014602	0.027651045	0	-0	0	-0	0	-0	
0	0	1680	4282.693172357143	0.5591249	-0.6812566	0	-0	0.2745239	0.017197987	0	-0	0	-0	0	-0	
0	0	1681	4285.2423944835455	0.5230142	-0.4990847	0	-0	0.30333817	0.104104534	0	-0	0	-0	0	-0	
0	0	1682	4287.791616609949	0.41989306	-0.42179278	0	-0	0.30849102	0.10146634	0	-0	0	-0	0	-0	
0	0	1683	4290.3408387363515	0.33800608	-0.5768271	0	-0	0.32520348	0.049090847	0	-0	0	-0	0	-0	
0	0	1684	4292.8900608627555	0.33818695	-0.8267803	0	-0	0.36019865	0.016539918	0	-0	0	-0	0	-0	
0	0	1685	4295.439282989158	0.3899175	-0.9528415	0	-0	0.410532	0.052539963	0	-0	0	-0	0	-0	
0	0	1686	4297.988505115562	0.44928262	-0.9419969	0	-0	0.45613077	0.22179735	0	-0	0	-0	0	-0	
0	0	1687	4300.537727241964	0.48551127	-0.8234579	0	-0	0.39073622	0.54901725	0	-0	0	-0	0	-0	
0	0	1688	4303.086949368368	0.4538327	-0.6046802	0	-0	0.21306884	0.4478275	0	-0	0	-0	0	-0	
0	0	1689	4305.636171494771	0.29173428	-0.40483314	0	-0	0.22030345	-0.18324147	0	-0	0	-0	0	-0	
0	0	1690	4308.185393621174	0.16362028	-1.1625359	0	-0	0.31077123	-0.34347126	0	-0	0	-0	0	-0	
0	0	1691	4310.734615747577	0.29122478	-1.545743	0	-0	0.39925176	-0.28620142	0	-0	0	-0	0	-0	
0	0	1692	4313.28383787398	0.36869487	-1.4363844	0	-0	0.461872	-0.106241114	0	-0	0	-0	0	-0	
0	0	1693	4315.833060000383	0.37099335	-1.2944857	0	-0	0.44912708	0.14405358	0	-0	0	-0	0	-0	
0	0	1694	4318.382282126786	0.3051451	-1.1972855	0	-0	0.3546688	0.3056314	0	-0	0	-0	0	-0	
0	0	1695	4320.931504253189	0.19683056	-1.4183114	0	-0	0.26328492	0.22199813	0	-0	0	-0	0	-0	
0	0	1696	4323.480726379592	0.23465845	-2.1247182	0	-0	0.2371785	-0.056858517	0	-0	0	-0	0	-0	
0	0	1697	4326.029948505995	0.36626595	-2.1621356	0	-0	0.27493277	-0.25022689	0	-0	0	-0	0	-0	
0	0	1698	4328.579170632399	0.43123254	-2.0388064	0	-0	0.33689708	-0.22405574	0	-0	0	-0	0	-0	
0	0	1699	4331.128392758801	0.44505906	-1.9447491	0	-0	0.36981192	-0.021965353	0	-0	0	-0	0	-0	
0	0	1700	4333.677614885205	0.43506688	-1.885125	0	-0	0.32814166	0.22606523	0	-0	0	-0	0	-0	
0	0	1701	4336.226837011607	0.40970245	-1.8377433	0	-0	0.24050337	0.3319916	0	-0	0	-0	0	-0	
0	0	1702	4338.77605913801	0.35478696	-1.8030849	0	-0	0.17660773	0.15746093	0	-0	0	-0	0	-0	
0	0	1703	4341.325281264413	0.27501956	-1.9639596	0	-0	0.17448431	-0.13427106	0	-0	0	-0	0	-0	
0	0	1704	4343.874503390816	0.2923118	-2.3349497	0	-0	0.20283972	-0.2011226	0	-0	0	-0	0	-0	
0	0	1705	4346.423725517219	0.37574273	-2.4412403	0	-0	0.21008976	-0.086429335	0	-0	0	-0	0	-0	
0	0	1706	4348.972947643622	0.45474365	-2.3926177	0	-0	0.17198254	0.008828967	0	-0	0	-0	0	-0	
0	0	1707	4351.522169770025	0.5196966	-2.2699742	0	-0	0.12744743	-0.30292705	0	-0	0	-0	0	-0	
0	0	1708	4354.071391896428	0.5644082	-2.0846975	0	-0	0.17868848	-0.7416034	0	-0	0	-0	0	-0	
0	0	1709	4356.620614022832	0.57335335	-1.8297513	0	-0	0.2784029	-0.6631876	0	-0	0	-0	0	-0	
0	0	1710	4359.1698361492345	0.51649606	-1.4999605	0	-0	0.35788634	-0.3823972	0	-0	0	-0	0	-0	
0	0	1711	4361.719058275638	0.36550006	-1.1444567	0	-0	0.38587266	-0.027716713	0	-0	0	-0	0	-0	
0	0	1712	4364.268280402041	0.16761291	-1.0791839	0	-0	0.3408495	0.34494483	0	-0	0	-0	0	-0	
0	0	1713	4366.8175025284445	0.13460644	-2.0953348	0	-0	0.22681274	0.62209326	0	-0	0	-0	0	-0	
0	0	1714	4369.366724654847	0.24708183	-2.2207088	0	-0	0.11008413	0.31701842	0	-0	0	-0	0	-0	
0	0	1715	4371.915946781251	0.33868226	-1.9999913	0	-0	0.1564883	-0.5344071	0	-0	0	-0	0	-0	
0	0	1716	4374.465168907653	0.40554017	-1.676369	0	-0	0.27268326	-0.5269488	0	-0	0	-0	0	-0	
0	0	1717	4377.014391034057	0.43624774	-1.2155669	0	-0	0.37304133	-0.32120845	0	-0	0	-0	0	-0	
0	0	1718	4379.563613160459	0.3548187	-0.53209776	0	-0	0.4398066	-0.05865593	0	-0	0	-0	0	-0	
0	0	1719	4382.112835286863	0.12832476	0.33201307	0	-0	0.449664	0.21509755	0	-0	0	-0	0	-0	
0	0	1720	4384.662057413266	0.08061675	-2.8177493	0	-0	0.40202805	0.41123152	0	-0	0	-0	0	-0	
0	0	1721	4387.211279539669	0.20094648	-2.231721	0	-0	0.34852368	0.46534613	0	-0	0	-0	0	-0	
0	0	1722	4389.760501666072	0.27060124	-1.890544	0	-0	0.322854	0.4373795	0	-0	0	-0	0	-0	
0	0	1723	4392.309723792475	0.29802328	-1.6121732	0	-0	0.31693456	0.40508428	0	-0	0	-0	0	-0	
0	0	1724	4394.858945918878	0.28121898	-1.3958151	0	-0	0.31785497	0.3832149	0	-0	0	-0	0	-0	
0	0	1725	4397.40816804528	0.22590204	-1.3437494	0	-0	0.3238879	0.3603823	0	-0	0	-0	0	-0	
0	0	1726	4399.957390171684	0.19440599	-1.7051896	0	-0	0.34175605	0.35007665	0	-0	0	-0	0	-0	
0	0	1727	4402.506612298086	0.29891443	-2.0384116	0	-0	0.36686677	0.3984441	0	-0	0	-0	0	-0	
0	0	1728	4405.05583442449	0.48215643	-1.9139823	0	-0	0.37752655	0.5051745	0	-0	0	-0	0	-0	
0	0	1729	4407.605056550892	0.63170487	-1.5848786	0	-0	0.3642726	0.63436675	0	-0	0	-0	0	-0	
0	0	1730	4410.154278677296	0.65775764	-1.2132181	0	-0	0.3266222	0.7745231	0	-0	0	-0	0	-0	
0	0	1731	4412.703500803699	0.5627431	-0.920657	0	-0	0.25553867	0.91614795	0	-0	0	-0	0	-0	
0	0	1732	4415.252722930102	0.42391106	-0.7843533	0	-0	0.14455952	0.8535874	0	-0	0	-0	0	-0	
0	0	1733	4417.801945056505	0.30492255	-0.86528975	0	-0	0.13261847	-0.09966226	0	-0	0	-0	0	-0	
0	0	1734	4420.351167182908	0.24807592	-1.2007418	0	-0	0.23956768	-0.23621222	0	-0	0	-0	0	-0	
0	0	1735	4422.900389309311	0.27446237	-1.5959424	0	-0	0.3138646	-0.10154062	0	-0	0	-0	0	-0	
0	0	1736	4425.449611435714	0.3651098	-1.8262153	0	-0	0.36016065	0.05910512	0	-0	0	-0	0	-0	
0	0	1737	4427.998833562117	0.509972	-1.890437	0	-0	0.38727903	0.25460666	0	-0	0	-0	0	-0	
0	0	1738	4430.54805568852	0.695844	-1.7779799	0	-0	0.3832485	0.52553123	0	-0	0	-0	0	-0	
0	0	1739	4433.0972778149235	0.81203765	-1.5486438	0	-0	0.30960342	0.8937428	0	-0	0	-0	0	-0	
0	0	1740	4435.646499941327	0.8271702	-1.3586475	0	-0	0.1522259	1.2094473	0	-0	0	-0	0	-0	
0	0	1741	4438.19572206773	0.80693406	-1.2144917	0	-0	0.051203746	-0.13895068	0	-0	0	-0	0	-0	
0	0	1742	4440.7449441941335	0.7579023	-1.0799195	0	-0	0.15001632	-0.6147538	0	-0	0	-0	0	-0	
0	0	1743	4443.294166320536	0.66290915	-0.9565287	0	-0	0.21993938	-0.49227926	0	-0	0	-0	0	-0	
0	0	1744	4445.84338844694	0.5219278	-0.89554983	0	-0	0.25829488	-0.35471585	0	-0	0	-0	0	-0	
0	0	1745	4448.392610573342	0.3773793	-1.0189139	0	-0	0.2733807	-0.24341053	0	-0	0	-0	0	-0	
0	0	1746	4450.941832699746	0.3178248	-1.4197447	0	-0	0.2751768	-0.18236032	0	-0	0	-0	0	-0	
0	0	1747	4453.491054826148	0.37770572	-1.7621366	0	-0	0.28385648	-0.17504872	0	-0	0	-0	0	-0	
0	0	1748	4456.040276952551	0.4699602	-1.8664156	0	-0	0.31530693	-0.11844676	0	-0	0	-0	0	-0	
0	0	1749	4458.589499078954	0.53151387	-1.8807621	0	-0	0.33014625	0.059892282	0	-0	0	-0	0	-0	
0	0	1750	4461.138721205357	0.5723991	-1.923727	0	-0	0.29763865	0.23211399	0	-0	0	-0	0	-0	
0	0	1751	4463.687943331761	0.65238595	-1.9704939	0	-0	0.24493898	0.27484995	0	-0	0	-0	0	-0	
0	0	1752	4466.237165458163	0.7681154	-1.9219615	0	-0	0.21479039	0.1207651	0	-0	0	-0	0	-0	
0	0	1753	4468.786387584567	0.86645013	-1.7747698	0	-0	0.24707569	-0.055726077	0	-0	0	-0	0	-0	
0	0	1754	4471.335609710969	0.9068459	-1.5511003	0	-0	0.3166672	0.015568078	0	-0	0	-0	0	-0	
0	0	1755	4473.884831837373	0.85404533	-1.2535926	0	-0	0.35957918	0.25495565	0	-0	0	-0	0	-0	
0	0	1756	4476.434053963775	0.6675776	-0.8822489	0	-0	0.35496616	0.51985395	0	-0	0	-0	0	-0	
0	0	1757	4478.983276090179	0.3515634	-0.51988184	0	-0	0.32105285	0.75568265	0	-0	0	-0	0	-0	
0	0	1758	4481.532498216581	0.081919	-1.1921622	0	-0	0.27536935	0.96534944	0	-0	0	-0	0	-0	
0	0	1759	4484.081720342985	0.19873263	-2.2266936	0	-0	0.22387594	1.1711268	0	-0	0	-0	0	-0	
0	0	1760	4486.630942469387	0.27330312	-2.131546	0	-0	0.16384211	1.4003388	0	-0	0	-0	0	-0	
0	0	1761	4489.180164595791	0.28445986	-2.0457203	0	-0	0.088918924	1.6399262	0	-0	0	-0	0	-0	
0	0	1762	4491.729386722194	0.27023464	-2.0420725	0	-0	0.019057332	0.89515465	0	-0	0	-0	0	-0	
0	0	1763	4494.278608848597	0.26251963	-2.1401575	0	-0	0.05465611	-0.28996477	0	-0	0	-0	0	-0	
0	0	1764	4496.827830975	0.29705015	-2.2731655	0	-0	0.078511864	-0.31173655	0	-0	0	-0	0	-0	
0	0	1765	4499.377053101403	0.39165863	-2.2394528	0	-0	0.09329023	-0.40040872	0	-0	0	-0	0	-0	
0	0	1766	4501.926275227806	0.47877806	-1.9618964	0	-0	0.11464739	-0.5054016	0	-0	0	-0	0	-0	
0	0	1767	4504.475497354209	0.47037098	-1.6359922	0	-0	0.1459872	-0.5318751	0	-0	0	-0	0	-0	
0	0	1768	4507.0247194806125	0.40924507	-1.4202123	0	-0	0.1805962	-0.47270554	0	-0	0	-0	0	-0	
0	0	1769	4509.573941607015	0.3499539	-1.3379031	0	-0	0.21272163	-0.3663001	0	-0	0	-0	0	-0	
0	0	1770	4512.123163733419	0.3219758	-1.3934195	0	-0	0.24140595	-0.22784261	0	-0	0	-0	0	-0	
0	0	1771	4514.672385859821	0.36012062	-1.5029268	0	-0	0.26425424	-0.043737706	0	-0	0	-0	0	-0	
0	0	1772	4517.221607986225	0.47647047	-1.4722584	0	-0	0.2695675	0.2066868	0	-0	0	-0	0	-0	
0	0	1773	4519.770830112628	0.62489706	-1.2424575	0	-0	0.23644143	0.50944704	0	-0	0	-0	0	-0	
0	0	1774	4522.320052239031	0.7137407	-0.89074016	0	-0	0.1623668	0.7641695	0	-0	0	-0	0	-0	
0	0	1775	4524.869274365434	0.6823713	-0.5405054	0	-0	0.07959603	0.72194827	0	-0	0	-0	0	-0	
0	0	1776	4527.418496491837	0.57173276	-0.28797975	0	-0	0.053870216	-0.3943406	0	-0	0	-0	0	-0	
0	0	1777	4529.96771861824	0.45016778	-0.16612394	0	-0	0.11444975	-0.83224446	0	-0	0	-0	0	-0	
0	0	1778	4532.516940744643	0.35359332	-0.16658328	0	-0	0.18287043	-0.75551	0	-0	0	-0	0	-0	
0	0	1779	4535.066162871046	0.2889208	-0.2175503	0	-0	0.23965459	-0.5646404	0	-0	0	-0	0	-0	
0	0	1780	4537.615384997449	0.21946454	-0.0027002257	0	-0	0.27353138	-0.3425986	0	-0	0	-0	0	-0	
0	0	1781	4540.164607123852	0.39193133	2.734172	0	-0	0.28120068	-0.130359	0	-0	0	-0	0	-0	
0	0	1782	4542.713829250256	0.73136365	-1.9609306	0	-0	0.26607147	0.0486415	0	-0	0	-0	0	-0	
0	0	1783	4545.263051376658	0.7709748	-1.7221154	0	-0	0.23496799	0.15768826	0	-0	0	-0	0	-0	
0	0	1784	4547.812273503062	0.85779834	-1.7030345	0	-0	0.2087558	0.14744024	0	-0	0	-0	0	-0	
0	0	1785	4550.361495629464	0.97915214	-1.7587893	0	-0	0.20771052	0.10123209	0	-0	0	-0	0	-0	
0	0	1786	4552.910717755868	1.1462954	-1.8754752	0	-0	0.21816024	0.12880051	0	-0	0	-0	0	-0	
0	0	1787	4555.45993988227	1.4197838	-2.0855129	0	-0	0.225635	0.21938781	0	-0	0	-0	0	-0	
0	0	1788	4558.009162008674	2.1634586	-2.552222	0	-0	0.22569677	0.35609508	0	-0	0	-0	0	-0	
0	0	1789	4560.558384135076	4.0925403	1.098651	0	-0	0.21379763	0.54191077	0	-0	0	-0	0	-0	
0	0	1790	4563.10760626148	1.550867	-0.73418146	0	-0	0.1815148	0.7794603	0	-0	0	-0	0	-0	
0	0	1791	4565.656828387882	1.7570437	-1.2817781	0	-0	0.121587016	1.0318426	0	-0	0	-0	0	-0	
0	0	1792	4568.206050514285	2.2260032	-1.4548745	0	-0	0.04155694	0.958454	0	-0	0	-0	0	-0	
0	0	1793	4570.755272640689	2.8218038	-1.3988808	0	-0	0.07003828	-0.80232674	0	-0	0	-0	0	-0	
0	0	1794	4573.3044947670915	3.1298351	-1.1225997	0	-0	0.17052671	-0.5794931	0	-0	0	-0	0	-0	
0	0	1795	4575.853716893495	2.6434965	-0.7962649	0	-0	0.25656447	-0.08386355	0	-0	0	-0	0	-0	
0	0	1796	4578.4029390198975	1.9114765	-0.59945023	0	-0	0.27104387	0.55054814	0	-0	0	-0	0	-0	
0	0	1797	4580.9521611463015	1.3660496	-0.4926183	0	-0	0.19880888	1.206198	0	-0	0	-0	0	-0	
0	0	1798	4583.501383272704	1.0160191	-0.37309012	0	-0	0.101284735	2.0012805	0	-0	0	-0	0	-0	
0	0	1799	4586.050605399108	0.85935074	-0.08851148	0	-0	0.07471493	-2.4770036	0	-0	0	-0	0	-0	
0	0	1800	4588.59982752551	1.4407755	0.63124555	0	-0	0.17897159	-1.4346884	0	-0	0	-0	0	-0	
0	0	1801	4591.149049651914	1.8657974	-2.6662107	0	-0	0.31545436	-0.8052279	0	-0	0	-0	0	-0	
0	0	1802	4593.698271778316	0.69514114	-2.3080378	0	-0	0.42237023	-0.13815059	0	-0	0	-0	0	-0	
0	0	1803	4596.24749390472	0.4587736	-2.3774502	0	-0	0.40388936	0.5403126	0	-0	0	-0	0	-0	
0	0	1804	4598.796716031123	0.37797648	-2.6395304	0	-0	0.2887547	1.0963777	0	-0	0	-0	0	-0	
0	0	1805	4601.345938157526	0.41327634	-2.9396381	0	-0	0.15753658	1.5505967	0	-0	0	-0	0	-0	
0	0	1806	4603.895160283929	0.55066454	-3.0123954	0	-0	0.03123171	2.2423298	0	-0	0	-0	0	-0	
0	0	1807	4606.444382410332	0.67423856	-2.8136659	0	-0	0.10187624	-1.0275486	0	-0	0	-0	0	-0	
0	0	1808	4608.993604536735	0.6705483	-2.5574875	0	-0	0.22479393	-0.4650496	0	-0	0	-0	0	-0	
0	0	1809	4611.542826663138	0.6177445	-2.3840795	0	-0	0.2731558	0.16910434	0	-0	0	-0	0	-0	
0	0	1810	4614.092048789541	0.6141707	-2.263662	0	-0	0.1924348	0.6990546	0	-0	0	-0	0	-0	
0	0	1811	4616.641270915944	0.7629243	-2.098902	0	-0	0.07812658	0.6699865	0	-0	0	-0	0	-0	
0	0	1812	4619.190493042347	1.5030143	-1.6183207	0	-0	0.08598795	-0.5186822	0	-0	0	-0	0	-0	
0	0	1813	4621.739715168751	2.1291738	0.10319592	0	-0	0.15952998	-0.52151924	0	-0	0	-0	0	-0	
0	0	1814	4624.288937295153	1.1982305	0.896995	0	-0	0.18663277	-0.27735654	0	-0	0	-0	0	-0	
0	0	1815	4626.838159421556	1.0438569	1.3035072	0	-0	0.14951749	-0.16661905	0	-0	0	-0	0	-0	
0	0	1816	4629.387381547959	1.1209334	1.7230511	0	-0	0.120029055	-0.6619755	0	-0	0	-0	0	-0	
0	0	1817	4631.936603674362	1.3469564	2.3433158	0	-0	0.20403877	-1.0639886	0	-0	0	-0	0	-0	
0	0	1818	4634.485825800765	1.6013205	-2.8762448	0	-0	0.33786723	-0.97501934	0	-0	0	-0	0	-0	
0	0	1819	4637.035047927168	1.5443841	-1.5782219	0	-0	0.47092524	-0.6995957	0	-0	0	-0	0	-0	
0	0	1820	4639.584270053571	1.573113	-0.65003157	0	-0	0.5411034	-0.31607628	0	-0	0	-0	0	-0	
0	0	1821	4642.133492179974	1.8349875	-0.03120896	0	-0	0.48070607	0.058557812	0	-0	0	-0	0	-0	
0	0	1822	4644.682714306377	2.1968322	0.5650682	0	-0	0.34457898	0.22694942	0	-0	0	-0	0	-0	
0	0	1823	4647.2319364327805	1.8644158	1.418338	0	-0	0.25374097	0.028048836	0	-0	0	-0	0	-0	
0	0	1824	4649.781158559184	0.4231578	2.4268582	0	-0	0.28479165	-0.29553768	0	-0	0	-0	0	-0	
0	0	1825	4652.3303806855865	0.80066127	-1.1130437	0	-0	0.38946486	-0.28618345	0	-0	0	-0	0	-0	
0	0	1826	4654.8796028119905	1.7509651	-1.100991	0	-0	0.457191	-0.022079708	0	-0	0	-0	0	-0	
0	0	1827	4657.428824938393	2.5104604	-1.4908165	0	-0	0.41470033	0.2673964	0	-0	0	-0	0	-0	
0	0	1828	4659.978047064797	2.3647006	-2.1243026	0	-0	0.320705	0.38072732	0	-0	0	-0	0	-0	
0	0	1829	4662.527269191199	1.6107191	-2.7525604	0	-0	0.26153436	0.2638165	0	-0	0	-0	0	-0	
0	0	1830	4665.076491317603	1.0961906	2.7649958	0	-0	0.27209738	0.096543044	0	-0	0	-0	0	-0	
0	0	1831	4667.625713444005	1.1972562	1.7513626	0	-0	0.31983423	0.13412017	0	-0	0	-0	0	-0	
0	0	1832	4670.174935570409	2.042241	0.7997396	0	-0	0.33473092	0.34812382	0	-0	0	-0	0	-0	
0	0	1833	4672.724157696811	2.5819712	-0.31433308	0	-0	0.29210058	0.57090485	0	-0	0	-0	0	-0	
0	0	1834	4675.273379823215	1.6963588	-1.1239632	0	-0	0.22601722	0.69881886	0	-0	0	-0	0	-0	
0	0	1835	4677.822601949618	1.000903	-1.5728307	0	-0	0.16396357	0.69367343	0	-0	0	-0	0	-0	
0	0	1836	4680.371824076021	0.58520955	-1.9969165	0	-0	0.11843715	0.48233736	0	-0	0	-0	0	-0	
0	0	1837	4682.921046202424	0.37909892	-2.7090802	0	-0	0.10976413	0.03402324	0	-0	0	-0	0	-0	
0	0	1838	4685.470268328826	0.4616235	2.7408292	0	-0	0.1493195	-0.24316868	0	-0	0	-0	0	-0	
0	0	1839	4688.01949045523	0.7821499	2.3869114	0	-0	0.20670542	-0.1875394	0	-0	0	-0	0	-0	
0	0	1840	4690.568712581632	1.3215075	2.4083958	0	-0	0.24686372	0.04406007	0	-0	0	-0	0	-0	
0	0	1841	4693.117934708036	1.7938654	2.8716712	0	-0	0.24941488	0.34599498	0	-0	0	-0	0	-0	
0	0	1842	4695.667156834438	1.1559883	-2.9830623	0	-0	0.20945758	0.6687793	0	-0	0	-0	0	-0	
0	0	1843	4698.216378960842	0.5513219	2.9351015	0	-0	0.13182315	0.97494483	0	-0	0	-0	0	-0	
0	0	1844	4700.765601087244	0.57259536	1.639733	0	-0	0.02858088	0.9030835	0	-0	0	-0	0	-0	
0	0	1845	4703.314823213648	1.3680159	0.57939875	0	-0	0.10092086	-1.1737691	0	-0	0	-0	0	-0	
0	0	1846	4705.864045340051	1.8559003	-0.86228377	0	-0	0.22445084	-0.846423	0	-0	0	-0	0	-0	
0	0	1847	4708.413267466454	1.1511623	-1.8307371	0	-0	0.31295288	-0.44519398	0	-0	0	-0	0	-0	
0	0	1848	4710.962489592857	0.82520324	-2.5252607	0	-0	0.3378944	-0.08179004	0	-0	0	-0	0	-0	
0	0	1849	4713.51171171926	0.815477	2.846079	0	-0	0.3133673	0.1774861	0	-0	0	-0	0	-0	
0	0	1850	4716.060933845663	2.483829	1.1356338	0	-0	0.27175027	0.3096391	0	-0	0	-0	0	-0	
0	0	1851	4718.610155972066	1.9943308	-1.3977933	0	-0	0.23841684	0.31315088	0	-0	0	-0	0	-0	
0	0	1852	4721.1593780984695	1.4401717	-1.9138438	0	3.1415927	0.23417751	0.24484469	0	3.1415927	0	3.1415927	0	3.1415927	
0	0	1853	4723.7086002248725	1.3599383	-2.1062493	0	3.1415927	0.25825414	0.29617247	0	3.1415927	0	3.1415927	0	3.1415927	
0	0	1854	4726.2578223512755	1.3937209	-2.1725252	0	3.1415927	0.24235943	0.55233264	0	3.1415927	0	3.1415927	0	3.1415927	
0	0	1855	4728.8070444776795	1.4878323	-2.155072	0	3.1415927	0.15475017	0.6966501	0	3.1415927	0	3.1415927	0	3.1415927	
0	0	1856	4731.356266604082	1.6215804	-2.0413897	0	3.1415927	0.08400315	0.14354317	0	3.1415927	0	3.1415927	0	3.1415927	
0	0	1857	4733.905488730486	1.6425364	-1.803623	0	3.1415927	0.13322474	-0.66487163	0	3.1415927	0	3.1415927	0	3.1415927	
0	0	1858	4736.454710856888	1.4095943	-1.6121883	0	3.1415927	0.24527477	-0.7217715	0	3.1415927	0	3.1415927	0	3.1415927	
0	0	1859	4739.003932983292	1.2506034	-1.5604806	0	3.1415927	0.37790734	-0.49257565	0	3.1415927	0	3.1415927	0	3.1415927	
0	0	1860	4741.553155109694	1.2500838	-1.5189028	0	3.1415927	0.47229064	-0.05084852	0	3.1415927	0	3.1415927	0	3.1415927	
0	0	1861	4744.102377236097	1.3968033	-1.3638183	0	3.1415927	0.41111103	0.47569093	0	3.1415927	0	3.1415927	0	3.1415927	
0	0	1862	4746.6515993625	1.4132777	-0.97477627	0	3.1415927	0.24701175	0.8402006	0	3.1415927	0	3.1415927	0	3.1415927	
0	0	1863	4749.200821488903	1.1322862	-0.68072647	0	3.1415927	0.09487607	0.80023503	0	3.1415927	0	3.1415927	0	3.1415927	
0	0	1864	4751.750043615306	0.9635836	-0.5206088	0	3.1415927	0.08158175	-0.7642458	0	3.1415927	0	3.1415927	0	3.1415927	
0	0	1865	4754.299265741709	0.90344983	-0.3553378	0	3.1415927	0.19002287	-0.90584296	0	3.1415927	0	3.1415927	0	3.1415927	
0	0	1866	4756.848487868113	0.93318075	-0.12680869	0	3.1415927	0.27284738	-0.7255088	0	3.1415927	0	3.1415927	0	3.1415927	
0	0	1867	4759.397709994515	1.1681964	0.27790147	0	3.1415927	0.3122133	-0.5500325	0	3.1415927	0	3.1415927	0	3.1415927	
0	0	1868	4761.946932120919	2.0011058	2.046164	0	3.1415927	0.32980448	-0.4521949	0	3.1415927	0	3.1415927	0	3.1415927	
0	0	1869	4764.496154247321	0.37288502	-2.0206623	0	3.1415927	0.35837764	-0.39777744	0	3.1415927	0	3.1415927	0	3.1415927	
0	0	1870	4767.045376373725	0.29623133	-0.9146856	0	3.1415927	0.4128119	-0.29319707	0	3.1415927	0	3.1415927	0	3.1415927	
0	0	1871	4769.594598500127	0.2815466	-0.5190484	0	3.1415927	0.4713619	-0.03963304	0	3.1415927	0	3.1415927	0	3.1415927	
0	0	1872	4772.143820626531	0.1911932	-0.43964612	0	3.1415927	0.4382471	0.37496573	0	3.1415927	0	3.1415927	0	3.1415927	
0	0	1873	4774.693042752933	0.12515591	-2.6245568	0	3.1415927	0.27637628	0.6881728	0	3.1415927	0	3.1415927	0	3.1415927	
0	0	1874	4777.242264879337	1.0676316	2.9630263	0	3.1415927	0.13665526	0.3756388	0	3.1415927	0	3.1415927	0	3.1415927	
0	0	1875	4779.791487005739	2.8823438	1.810119	0	3.1415927	0.17987238	-0.41339833	0	3.1415927	0	3.1415927	0	3.1415927	
0	0	1876	4782.340709132143	2.116958	1.2013439	0	3.1415927	0.31857055	-0.40883383	0	3.1415927	0	3.1415927	0	3.1415927	
0	0	1877	4784.889931258546	1.6482457	1.1219661	0	3.1415927	0.45054537	-0.094821885	0	3.1415927	0	3.1415927	0	3.1415927	
0	0	1878	4787.439153384949	1.3327826	1.1651362	0	3.1415927	0.5096874	0.34587967	0	3.1415927	0	3.1415927	0	3.1415927	
0	0	1879	4789.988375511352	1.0128784	1.2624846	0	3.1415927	0.4665416	0.8047184	0	3.1415927	0	3.1415927	0	3.1415927	
0	0	1880	4792.537597637755	0.6243687	1.3933691	0	3.1415927	0.35681576	1.2414547	0	3.1415927	0	3.1415927	0	3.1415927	
0	0	1881	4795.0868197641585	0.13861775	1.2199364	0	3.1415927	0.20930937	1.6979841	0	3.1415927	0	3.1415927	0	3.1415927	
0	0	1882	4797.6360418905615	0.56851643	-0.8428563	0	3.1415927	0.032032445	2.3864639	0	3.1415927	0	3.1415927	0	3.1415927	
0	0	1883	4800.1852640169645	1.6222131	-0.3024278	0	3.1415927	0.13751012	-0.46405047	0	3.1415927	0	3.1415927	0	3.1415927	
0	0	1884	4802.734486143367	3.33292	0.65477777	0	3.1415927	0.22974554	0.055589583	0	3.1415927	0	3.1415927	0	3.1415927	
0	0	1885	4805.283708269771	4.46829	1.8583457	0	3.1415927	0.24172848	0.44223484	0	3.1415927	0	3.1415927	0	3.1415927	
0	0	1886	4807.832930396173	4.2553873	2.79411	0	3.1415927	0.20172752	0.716751	0	3.1415927	0	3.1415927	0	3.1415927	
0	0	1887	4810.382152522577	3.7662463	-2.8190663	0	3.1415927	0.12394419	0.7876476	0	3.1415927	0	3.1415927	0	3.1415927	
0	0	1888	4812.93137464898	3.127028	-2.2888103	0	3.1415927	0.08962545	-0.25293183	0	3.1415927	0	3.1415927	0	3.1415927	
0	0	1889	4815.480596775383	2.316491	-1.8545318	0	3.1415927	0.2400194	-0.47705272	0	3.1415927	0	3.1415927	0	3.1415927	
0	0	1890	4818.029818901786	1.4013655	-1.5282918	0	3.1415927	0.37329122	-0.12867592	0	3.1415927	0	3.1415927	0	3.1415927	
0	0	1891	4820.579041028189	0.48745105	-1.5665083	0	3.1415927	0.4233243	0.20171781	0	3.1415927	0	3.1415927	0	3.1415927	
0	0	1892	4823.128263154592	0.67101085	2.901842	0	3.1415927	0.41722345	0.4459532	0	3.1415927	0	3.1415927	0	3.1415927	
0	0	1893	4825.677485280995	1.8677925	2.9675782	0	3.1415927	0.3771089	0.62125224	0	3.1415927	0	3.1415927	0	3.1415927	
0	0	1894	4828.226707407398	3.9260888	-2.9055216	0	3.1415927	0.30193242	0.7012268	0	3.1415927	0	3.1415927	0	3.1415927	
0	0	1895	4830.775929533801	5.8593483	-1.7459327	0	3.1415927	0.23399644	0.42337328	0	3.1415927	0	3.1415927	0	3.1415927	
0	0	1896	4833.325151660204	2.455206	-0.92849356	0	3.1415927	0.29759368	0.14408396	0	3.1415927	0	3.1415927	0	3.1415927	
0	0	1897	4835.874373786608	0.9366747	-0.95346206	0	3.1415927	0.34931996	0.14657077	0	3.1415927	0	3.1415927	0	3.1415927	
0	0	1898	4838.42359591301	0.5173307	-1.850807	0	3.1415927	0.37397322	0.115164064	0	3.1415927	0	3.1415927	0	3.1415927	
0	0	1899	4840.972818039414	0.83277124	-2.514188	0	3.1415927	0.41037193	0.03282176	0	3.1415927	0	3.1415927	0	3.1415927	
0	0	1900	4843.522040165816	1.3618754	-2.664965	0	3.1415927	0.48627004	-0.042103935	0	3.1415927	0	3.1415927	0	3.1415927	
0	0	1901	4846.07126229222	2.235102	-2.6416647	0	3.1415927	0.6169098	-0.021080252	0	3.1415927	0	3.1415927	0	3.1415927	
0	0	1902	4848.620484418622	4.3451233	-2.2407691	0	3.1415927	0.75381815	0.17925094	0	3.1415927	0	3.1415927	0	3.1415927	
0	0	1903	4851.169706545026	3.300787	-0.98119974	0	3.1415927	0.7189161	0.47925517	0	3.1415927	0	3.1415927	0	3.1415927	
0	0	1904	4853.718928671428	0.999247	-0.78693277	0	3.1415927	0.5418883	0.5752983	0	3.1415927	0	3.1415927	0	3.1415927	
0	0	1905	4856.268150797831	0.2162083	-2.1455424	0	3.1415927	0.43571573	0.36863077	0	3.1415927	0	3.1415927	0	3.1415927	
0	0	1906	4858.817372924234	0.76028556	2.72806	0	3.1415927	0.46396247	0.08768156	0	3.1415927	0	3.1415927	0	3.1415927	
0	0	1907	4861.366595050637	1.553659	2.3573942	0	3.1415927	0.57828224	-0.016488722	0	3.1415927	0	3.1415927	0	3.1415927	
0	0	1908	4863.915817177041	2.6527405	1.9570099	0	3.1415927	0.69533694	0.058266543	0	3.1415927	0	3.1415927	0	3.1415927	
0	0	1909	4866.4650393034435	4.165882	1.4037385	0	3.1415927	0.73343366	0.21717377	0	3.1415927	0	3.1415927	0	3.1415927	
0	0	1910	4869.0142614298475	5.4047213	0.6351261	0	3.1415927	0.67504483	0.34409988	0	3.1415927	0	3.1415927	0	3.1415927	
0	0	1911	4871.56348355625	4.86872	-0.17614019	0	3.1415927	0.5831539	0.3637714	0	3.1415927	0	3.1415927	0	3.1415927	
0	0	1912	4874.1127056826535	3.4104304	-0.78327364	0	3.1415927	0.5202963	0.27480567	0	3.1415927	0	3.1415927	0	3.1415927	
0	0	1913	4876.661927809056	2.171774	-1.190026	0	3.1415927	0.51315403	0.1463024	0	3.1415927	0	3.1415927	0	3.1415927	
0	0	1914	4879.21114993546	1.2192111	-1.4775707	0	3.1415927	0.5498399	0.07762886	0	3.1415927	0	3.1415927	0	3.1415927	
0	0	1915	4881.760372061862	0.3835677	-2.0883365	0	3.1415927	0.5826584	0.09899246	0	3.1415927	0	3.1415927	0	3.1415927	
0	0	1916	4884.309594188266	1.0127748	2.5378432	0	3.1415927	0.58015835	0.14198741	0	3.1415927	0	3.1415927	0	3.1415927	
0	0	1917	4886.858816314668	1.8326501	3.0020018	0	3.1415927	0.56501216	0.16193527	0	3.1415927	0	3.1415927	0	3.1415927	
0	0	1918	4889.408038441072	1.6458555	-2.9539506	0	3.1415927	0.5534129	0.17853075	0	3.1415927	0	3.1415927	0	3.1415927	
0	0	1919	4891.957260567475	1.3518465	-2.8494515	0	3.1415927	0.5397394	0.20955917	0	3.1415927	0	3.1415927	0	3.1415927	
0	0	1920	4894.506482693878	1.1362267	-2.8459442	0	3.1415927	0.5143197	0.2529401	0	3.1415927	0	3.1415927	0	3.1415927	
0	0	1921	4897.055704820281	1.0221686	-2.9372287	0	3.1415927	0.4698334	0.28765625	0	3.1415927	0	3.1415927	0	3.1415927	
0	0	1922	4899.604926946684	1.4629662	-2.7307875	0	3.1415927	0.4102803	0.25336045	0	3.1415927	0	3.1415927	0	3.1415927	
0	0	1923	4902.154149073087	0.7449449	-2.549496	0	3.1415927	0.3873461	0.069602884	0	3.1415927	0	3.1415927	0	3.1415927	
0	0	1924	4904.70337119949	0.57043225	-2.7343974	0	3.1415927	0.4704136	-0.051598262	0	3.1415927	0	3.1415927	0	3.1415927	
0	0	1925	4907.252593325893	0.45970702	-2.9819806	0	3.1415927	0.5755151	0.07090699	0	3.1415927	0	3.1415927	0	3.1415927	
0	0	1926	4909.801815452296	0.41322166	2.880281	0	3.1415927	0.6213559	0.2963773	0	3.1415927	0	3.1415927	0	3.1415927	
0	0	1927	4912.351037578699	0.51976985	2.3728886	0	3.1415927	0.6004146	0.5537188	0	3.1415927	0	3.1415927	0	3.1415927	
0	0	1928	4914.900259705102	0.9131419	2.0842898	0	3.1415927	0.51109153	0.8214102	0	3.1415927	0	3.1415927	0	3.1415927	
0	0	1929	4917.449481831505	2.0171604	2.2131212	0	3.1415927	0.36041498	1.0348492	0	3.1415927	0	3.1415927	0	3.1415927	
0	0	1930	4919.998703957908	2.8269682	-3.0056133	0	3.1415927	0.20155843	0.9642839	0	3.1415927	0	3.1415927	0	3.1415927	
0	0	1931	4922.547926084311	1.4024631	-2.5994546	0	3.1415927	0.15426181	0.25740144	0	3.1415927	0	3.1415927	0	3.1415927	
0	0	1932	4925.097148210714	0.87173384	-2.785817	0	3.1415927	0.23060273	-0.11059242	0	3.1415927	0	3.1415927	0	3.1415927	
0	0	1933	4927.646370337117	0.7560873	3.086949	0	3.1415927	0.31236768	-0.117418095	0	3.1415927	0	3.1415927	0	3.1415927	
0	0	1934	4930.19559246352	0.93230426	2.7514415	0	3.1415927	0.37139308	-0.03411477	0	3.1415927	0	3.1415927	0	3.1415927	
0	0	1935	4932.744814589923	1.3386571	2.6967313	0	3.1415927	0.40043056	0.063955575	0	3.1415927	0	3.1415927	0	3.1415927	
0	0	1936	4935.294036716326	1.6393192	2.9967594	0	3.1415927	0.40186864	0.11595246	0	3.1415927	0	3.1415927	0	3.1415927	
0	0	1937	4937.8432588427295	1.1382719	-3.080755	0	3.1415927	0.40908602	0.097023025	0	3.1415927	0	3.1415927	0	3.1415927	
0	0	1938	4940.3924809691325	0.82017094	2.6792684	0	3.1415927	0.43938795	0.08534591	0	3.1415927	0	3.1415927	0	3.1415927	
0	0	1939	4942.9417030955365	1.1805826	2.0745292	0	3.1415927	0.47389683	0.11795278	0	3.1415927	0	3.1415927	0	3.1415927	
0	0	1940	4945.490925221939	2.189152	1.7490116	0	3.1415927	0.49516717	0.18492275	0	3.1415927	0	3.1415927	0	3.1415927	
0	0	1941	4948.0401473483425	5.577225	1.4149778	0	3.1415927	0.4831382	0.2647269	0	3.1415927	0	3.1415927	0	3.1415927	
0	0	1942	4950.589369474745	12.603296	-0.88254774	0	3.1415927	0.42840323	0.2596356	0	3.1415927	0	3.1415927	0	3.1415927	
0	0	1943	4953.138591601149	3.538396	-1.5097039	0	3.1415927	0.41651833	0.08020345	0	3.1415927	0	3.1415927	0	3.1415927	
0	0	1944	4955.687813727551	2.0289176	-1.7034577	0	3.1415927	0.48439378	-0.027155649	0	3.1415927	0	3.1415927	0	3.1415927	
0	0	1945	4958.237035853955	1.4241136	-1.8426623	0	3.1415927	0.56690514	-0.006816546	0	3.1415927	0	3.1415927	0	3.1415927	
0	0	1946	4960.786257980357	1.0943974	-1.9429368	0	3.1415927	0.6331681	0.096086256	0	3.1415927	0	3.1415927	0	3.1415927	
0	0	1947	4963.335480106761	0.8601965	-1.9901516	0	3.1415927	0.6422351	0.2589205	0	3.1415927	0	3.1415927	0	3.1415927	
0	0	1948	4965.884702233163	0.61794674	-1.9910442	0	3.1415927	0.56417024	0.383836	0	3.1415927	0	3.1415927	0	3.1415927	
0	0	1949	4968.433924359567	0.3288133	-2.2153275	0	3.1415927	0.47234762	0.35603568	0	3.1415927	0	3.1415927	0	3.1415927	
0	0	1950	4970.98314648597	0.34373653	3.0930033	0	3.1415927	0.43325913	0.22454117	0	3.1415927	0	3.1415927	0	3.1415927	
0	0	1951	4973.532368612372	0.5926768	2.99713	0	3.1415927	0.44208944	0.10183754	0	3.1415927	0	3.1415927	0	3.1415927	
0	0	1952	4976.081590738776	0.765226	-3.1121519	0	3.1415927	0.47812346	0.048633613	0	3.1415927	0	3.1415927	0	3.1415927	
0	0	1953	4978.630812865178	0.8452498	-2.8604186	0	3.1415927	0.5139842	0.09878629	0	3.1415927	0	3.1415927	0	3.1415927	
0	0	1954	4981.180034991582	0.7946714	-2.566109	0	3.1415927	0.48451057	0.2312586	0	3.1415927	0	3.1415927	0	3.1415927	
0	0	1955	4983.729257117984	0.61731875	-2.3558767	0	3.1415927	0.3811505	0.22041534	0	3.1415927	0	3.1415927	0	3.1415927	
0	0	1956	4986.278479244388	0.46061808	-2.3872058	0	3.1415927	0.33802962	-0.034805357	0	3.1415927	0	3.1415927	0	3.1415927	
0	0	1957	4988.82770137079	0.42224544	-2.5480962	0	3.1415927	0.37860277	-0.25360346	0	3.1415927	0	3.1415927	0	3.1415927	
0	0	1958	4991.376923497194	0.4524633	-2.592055	0	3.1415927	0.45535916	-0.3239905	0	3.1415927	0	3.1415927	0	3.1415927	
0	0	1959	4993.926145623596	0.48232567	-2.4780078	0	3.1415927	0.53535503	-0.27587494	0	3.1415927	0	3.1415927	0	3.1415927	
0	0	1960	4996.47536775	0.4672816	-2.2086716	0	3.1415927	0.5853227	-0.14755905	0	3.1415927	0	3.1415927	0	3.1415927	
0	0	1961	4999.024589876403	0.3640603	-1.6898369	0	3.1415927	0.57260466	0.0019393788	0	3.1415927	0	3.1415927	0	3.1415927	
0	0	1962	5001.573812002806	0.21522446	-0.38336214	0	3.1415927	0.5021197	0.068615556	0	3.1415927	0	3.1415927	0	3.1415927	
0	0	1963	5004.123034129209	0.38816828	1.2075789	0	3.1415927	0.46182442	-0.05458743	0	3.1415927	0	3.1415927	0	3.1415927	
0	0	1964	5006.672256255612	0.6462549	1.8380287	0	3.1415927	0.5430173	-0.1279119	0	3.1415927	0	3.1415927	0	3.1415927	
0	0	1965	5009.221478382015	0.83818257	2.1792762	0	3.1415927	0.61341774	0.01469338	0	3.1415927	0	3.1415927	0	3.1415927	
0	0	1966	5011.7707005084185	0.9874223	2.4042008	0	3.1415927	0.6027768	0.17762235	0	3.1415927	0	3.1415927	0	3.1415927	
0	0	1967	5014.3199226348215	1.1093545	2.5860562	0	3.1415927	0.551614	0.28398514	0	3.1415927	0	3.1415927	0	3.1415927	
0	0	1968	5016.869144761225	1.1854959	2.754072	0	3.1415927	0.48949438	0.31631216	0	3.1415927	0	3.1415927	0	3.1415927	
0	0	1969	5019.418366887628	1.1962463	2.9008543	0	3.1415927	0.43903887	0.2385849	0	3.1415927	0	3.1415927	0	3.1415927	
0	0	1970	5021.967589014032	1.1479725	3.013792	0	3.1415927	0.46053696	0.037602592	0	3.1415927	0	3.1415927	0	3.1415927	
0	0	1971	5024.516811140434	1.0490348	3.0823886	0	3.1415927	0.6396178	0.0017659452	0	3.1415927	0	3.1415927	0	3.1415927	
0	0	1972	5027.066033266838	0.9076411	3.0614493	0	3.1415927	0.78046536	0.3287728	0	3.1415927	0	3.1415927	0	3.1415927	
0	0	1973	5029.61525539324	0.82979715	2.8361254	0	3.1415927	0.69411254	0.6335042	0	3.1415927	0	3.1415927	0	3.1415927	
0	0	1974	5032.164477519643	1.073414	2.6248662	0	3.1415927	0.5485181	0.7683435	0	3.1415927	0	3.1415927	0	3.1415927	
0	0	1975	5034.713699646046	1.4293594	2.757315	0	3.1415927	0.42006642	0.71860933	0	3.1415927	0	3.1415927	0	3.1415927	
0	0	1976	5037.262921772449	1.5775589	3.0125544	0	3.1415927	0.37664327	0.4438337	0	3.1415927	0	3.1415927	0	3.1415927	
0	0	1977	5039.812143898852	1.5171134	-2.999964	0	3.1415927	0.4565051	0.29670435	0	3.1415927	0	3.1415927	0	3.1415927	
0	0	1978	5042.361366025255	1.2753778	-2.7196984	0	3.1415927	0.50531846	0.39180094	0	3.1415927	0	3.1415927	0	3.1415927	
0	0	1979	5044.910588151658	0.863108	-2.4558327	0	3.1415927	0.46537715	0.47657558	0	3.1415927	0	3.1415927	0	3.1415927	
0	0	1980	5047.459810278061	0.36339864	-2.4247468	0	3.1415927	0.38253906	0.42470682	0	3.1415927	0	3.1415927	0	3.1415927	
0	0	1981	5050.009032404465	0.28177878	2.2493434	0	3.1415927	0.31701827	0.08470742	0	3.1415927	0	3.1415927	0	3.1415927	
0	0	1982	5052.558254530867	0.726354	2.1189082	0	3.1415927	0.4350508	-0.44924462	0	3.1415927	0	3.1415927	0	3.1415927	
0	0	1983	5055.107476657271	1.1789391	2.3830373	0	3.1415927	0.82927984	-0.37046778	0	3.1415927	0	3.1415927	0	3.1415927	
0	0	1984	5057.656698783673	1.5337474	2.8948843	0	3.1415927	0.947489	0.10503262	0	3.1415927	0	3.1415927	0	3.1415927	
0	0	1985	5060.205920910077	1.142957	-2.6623068	0	3.1415927	0.7561988	0.30981562	0	3.1415927	0	3.1415927	0	3.1415927	
0	0	1986	5062.755143036479	0.41166812	-2.4902368	0	3.1415927	0.6010437	0.2585267	0	3.1415927	0	3.1415927	0	3.1415927	
0	0	1987	5065.304365162883	0.28170872	2.6659417	0	3.1415927	0.53381747	0.026256006	0	3.1415927	0	3.1415927	0	3.1415927	
0	0	1988	5067.853587289285	0.4834168	2.3960352	0	3.1415927	0.6163217	-0.27398562	0	3.1415927	0	3.1415927	0	3.1415927	
0	0	1989	5070.402809415689	0.63685894	2.4854643	0	3.1415927	0.9371801	-0.300183	0	3.1415927	0	3.1415927	0	3.1415927	
0	0	1990	5072.952031542091	0.7166023	2.6922562	0	3.1415927	1.1063528	0.16049469	0	3.1415927	0	3.1415927	0	3.1415927	
0	0	1991	5075.501253668495	0.6513146	3.0328774	0	3.1415927	0.77292186	0.43201137	0	3.1415927	0	3.1415927	0	3.1415927	
0	0	1992	5078.050475794898	0.27623475	-2.9649508	0	3.1415927	0.5219378	0.32830372	0	3.1415927	0	3.1415927	0	3.1415927	
0	0	1993	5080.599697921301	0.34014827	1.7614094	0	3.1415927	0.41711798	-0.053547245	0	3.1415927	0	3.1415927	0	3.1415927	
0	0	1994	5083.148920047704	0.6454908	1.9696189	0	3.1415927	0.49886858	-0.5139092	0	3.1415927	0	3.1415927	0	3.1415927	
0	0	1995	5085.6981421741075	0.7899598	2.218528	0	3.1415927	0.816273	-0.635962	0	3.1415927	0	3.1415927	0	3.1415927	
0	0	1996	5088.2473643005105	0.8191224	2.4465303	0	3.1415927	1.1935394	-0.2738255	0	3.1415927	0	3.1415927	0	3.1415927	
0	0	1997	5090.796586426913	0.72184235	2.6074884	0	3.1415927	1.0751172	0.18203765	0	3.1415927	0	3.1415927	0	3.1415927	
0	0	1998	5093.345808553317	0.6065778	2.5190294	0	3.1415927	0.8031342	0.37775752	0	3.1415927	0	3.1415927	0	3.1415927	
0	0	1999	5095.895030679719	0.65402776	2.3516552	0	3.1415927	0.5994953	0.4200519	0	3.1415927	0	3.1415927	0	3.1415927	
0	0	2000	5098.444252806123	0.7544373	2.324944	0	3.1415927	0.4376319	0.33679977	0	3.1415927	0	3.1415927	0	3.1415927	
0	0	2001	5100.993474932526	0.83833975	2.3435767	0	3.1415927	0.3461381	-0.032399528	0	3.1415927	0	3.1415927	0	3.1415927	
0	0	2002	5103.542697058929	0.92084855	2.34197	0	3.1415927	0.44824174	-0.3929711	0	3.1415927	0	3.1415927	0	3.1415927	
0	0	2003	5106.091919185332	1.0839653	2.2869854	0	3.1415927	0.6072059	-0.3554836	0	3.1415927	0	3.1415927	0	3.1415927	
0	0	2004	5108.641141311735	1.7196583	2.3099458	0	3.1415927	0.710122	-0.19636264	0	3.1415927	0	3.1415927	0	3.1415927	
0	0	2005	5111.190363438138	2.2224321	3.1399682	0	3.1415927	0.76418185	-0.0010550658	0	3.1415927	0	3.1415927	0	3.1415927	
0	0	2006	5113.739585564541	1.3835942	-2.818466	0	3.1415927	0.76518905	0.23825802	0	3.1415927	0	3.1415927	0	3.1415927	
0	0	2007	5116.288807690944	1.0436816	-2.7586558	0	3.1415927	0.6724655	0.52460986	0	3.1415927	0	3.1415927	0	3.1415927	
0	0	2008	5118.838029817347	0.8216053	-2.7310514	0	3.1415927	0.44962245	0.74790937	0	3.1415927	0	3.1415927	0	3.1415927	
0	0	2009	5121.38725194375	0.61716944	-2.785369	0	3.1415927	0.2604871	0.32237434	0	3.1415927	0	3.1415927	0	3.1415927	
0	0	2010	5123.936474070153	0.48476714	-3.0975926	0	3.1415927	0.38826665	-0.09852078	0	3.1415927	0	3.1415927	0	3.1415927	
0	0	2011	5126.485696196556	0.5939863	2.829351	0	3.1415927	0.50515705	0.047520213	0	3.1415927	0	3.1415927	0	3.1415927	
0	0	2012	5129.03491832296	0.8030748	2.8977318	0	3.1415927	0.52036154	0.23982762	0	3.1415927	0	3.1415927	0	3.1415927	
0	0	2013	5131.584140449362	0.8503162	-3.1114967	0	3.1415927	0.47216704	0.3655086	0	3.1415927	0	3.1415927	0	3.1415927	
0	0	2014	5134.133362575766	0.6752317	-2.827188	0	3.1415927	0.40023386	0.37099275	0	3.1415927	0	3.1415927	0	3.1415927	
0	0	2015	5136.682584702168	0.35300717	-2.7306197	0	3.1415927	0.3541504	0.17911512	0	3.1415927	0	3.1415927	0	3.1415927	
0	0	2016	5139.231806828572	0.21080105	2.20111	0	3.1415927	0.4277782	-0.075871944	0	3.1415927	0	3.1415927	0	3.1415927	
0	0	2017	5141.781028954974	0.63416845	1.8914145	0	3.1415927	0.57891035	0.017303076	0	3.1415927	0	3.1415927	0	3.1415927	
0	0	2018	5144.330251081378	1.1602738	2.2327428	0	3.1415927	0.59750044	0.2364818	0	3.1415927	0	3.1415927	0	3.1415927	
0	0	2019	5146.87947320778	1.4341607	2.872674	0	3.1415927	0.5343509	0.3150685	0	3.1415927	0	3.1415927	0	3.1415927	
0	0	2020	5149.428695334183	0.9942888	-2.8535001	0	3.1415927	0.4832126	0.25006673	0	3.1415927	0	3.1415927	0	3.1415927	
0	0	2021	5151.9779174605865	0.55030566	-2.73976	0	3.1415927	0.48307455	0.09258233	0	3.1415927	0	3.1415927	0	3.1415927	
0	0	2022	5154.5271395869895	0.3328771	-3.0275168	0	3.1415927	0.56457096	-0.04103305	0	3.1415927	0	3.1415927	0	3.1415927	
0	0	2023	5157.076361713393	0.27862516	2.7369592	0	3.1415927	0.7032419	0.008511785	0	3.1415927	0	3.1415927	0	3.1415927	
0	0	2024	5159.625583839796	0.3177814	2.243165	0	3.1415927	0.7359666	0.20251094	0	3.1415927	0	3.1415927	0	3.1415927	
0	0	2025	5162.1748059661995	0.4912821	1.8106322	0	3.1415927	0.63562363	0.28871247	0	3.1415927	0	3.1415927	0	3.1415927	
0	0	2026	5164.724028092602	1.2073468	1.8403685	0	3.1415927	0.54626304	0.18777326	0	3.1415927	0	3.1415927	0	3.1415927	
0	0	2027	5167.273250219006	1.5696901	2.7794044	0	3.1415927	0.5383858	-0.013135159	0	3.1415927	0	3.1415927	0	3.1415927	
0	0	2028	5169.822472345408	1.1421086	3.1400506	0	3.1415927	0.6090954	-0.13592497	0	3.1415927	0	3.1415927	0	3.1415927	
0	0	2029	5172.371694471812	0.95247346	-2.9665723	0	3.1415927	0.6657137	-0.12396228	0	3.1415927	0	3.1415927	0	3.1415927	
0	0	2030	5174.920916598214	0.8156179	-2.746111	0	3.1415927	0.64587784	-0.10854038	0	3.1415927	0	3.1415927	0	3.1415927	
0	0	2031	5177.470138724618	0.59812164	-2.3879285	0	3.1415927	0.59579235	-0.19064699	0	3.1415927	0	3.1415927	0	3.1415927	
0	0	2032	5180.019360851021	0.18616292	-1.8607905	0	3.1415927	0.58287907	-0.3836856	0	3.1415927	0	3.1415927	0	3.1415927	
0	0	2033	5182.568582977424	0.26037535	1.8127016	0	3.1415927	0.6796684	-0.5973512	0	3.1415927	0	3.1415927	0	3.1415927	
0	0	2034	5185.117805103827	0.5388728	2.1729367	0	3.1415927	0.92309475	-0.60491705	0	3.1415927	0	3.1415927	0	3.1415927	
0	0	2035	5187.66702723023	0.7044754	2.4280722	0	3.1415927	1.0613596	-0.3266619	0	3.1415927	0	3.1415927	0	3.1415927	
0	0	2036	5190.216249356633	0.82470566	2.6753569	0	3.1415927	0.889132	-0.10901733	0	3.1415927	0	3.1415927	0	3.1415927	
0	0	2037	5192.765471483036	0.855008	3.0318317	0	3.1415927	0.68684566	-0.12025661	0	3.1415927	0	3.1415927	0	3.1415927	
0	0	2038	5195.314693609439	0.587425	-2.9306855	0	3.1415927	0.57949984	-0.32795182	0	3.1415927	0	3.1415927	0	3.1415927	
0	0	2039	5197.863915735842	0.38636208	3.0961518	0	3.1415927	0.6288178	-0.604071	0	3.1415927	0	3.1415927	0	3.1415927	
0	0	2040	5200.413137862245	0.38722444	2.7740679	0	3.1415927	0.8401382	-0.65985405	0	3.1415927	0	3.1415927	0	3.1415927	
0	0	2041	5202.962359988647	0.4251705	2.589282	0	3.1415927	1.0214595	-0.43178833	0	3.1415927	0	3.1415927	0	3.1415927	
0	0	2042	5205.511582115051	0.48115835	2.4404376	0	3.1415927	0.9694932	-0.14268234	0	3.1415927	0	3.1415927	0	3.1415927	
0	0	2043	5208.060804241454	0.58251655	2.3371756	0	3.1415927	0.78720015	0.042848855	0	3.1415927	0	3.1415927	0	3.1415927	
0	0	2044	5210.610026367857	0.72901857	2.3440108	0	3.1415927	0.59456044	0.09852857	0	3.1415927	0	3.1415927	0	3.1415927	
0	0	2045	5213.15924849426	0.8615979	2.4511712	0	3.1415927	0.43434238	-0.03496064	0	3.1415927	0	3.1415927	0	3.1415927	
0	0	2046	5215.708470620663	0.93490064	2.5849898	0	3.1415927	0.38825676	-0.46979755	0	3.1415927	0	3.1415927	0	3.1415927	
0	0	2047	5218.257692747066	0.9611359	2.7020576	0	3.1415927	0.60265124	-0.7473243	0	3.1415927	0	3.1415927	0	3.1415927	
