# www.neaspec.com
# Scan:	 	Fourier Scan
# Project:	 	nanoFTIR-QualityControl
# Description:	 	NeaSpec-Slow-Arrowhead-Clean-PSPVAC1-45avg
# Date:	 	05/17/2024 17:51:51
# Reference:	 	05/17/2024 17:03:07 NeaSpec-Slow-Arrowhead-Clean-GoldRef
# Scanner Center Position (X, Y):	[µm]	48.45	48.63	 
# Rotation:	[°]	0	 	 
# Scan Area (X, Y, Z):	[µm]	0.000	0.000	0.000
# Pixel Area (X, Y, Z):	[px]	1	1	1024
# Interferometer Center/Distance:	[µm]	470.000	490.000	 
# Averaging:	 	45	 	 
# Integration time:	[ms]	20	 	 
# Wavenumber Scaling:	 	1.003656	 	 
# Laser Source:	 	Synchrotron B
# Detector:	 	R
# Target Wavelength:	[µm]		 	 
# Demodulation Mode:	 	Fourier
# Tip Frequency:	[Hz]	68,263.500	 	 
# Tip Amplitude:	[mV]	277.800	 	 
# Tapping Amplitude:	[nm]	77.952	 	 
# Modulation Frequency:	[Hz]	0.000	 	 
# Modulation Amplitude:	[mV]	0.000	 	 
# Modulation Offset:	[mV]	0.000	 	 
# Setpoint:	[%]	80.49	 	 
# Regulator (P, I, D):	 	3.672227	6.589351	1.000000
# Tip Potential:	[mV]	0.000	 	 
# M1A Scaling:	[nm/V]	1.520	 	 
# M1A Cantilever Factor:	 	2.355	 	 
# Q-Factor:	 	221.1	 	 
# Version:	 	2.1.11508.0
Row	Column	Omega	Wavenumber	O0A	O0P	O1A	O1P	O2A	O2P	O3A	O3P	O4A	O4P	O5A	O5P	
0	0	0	0	0.6755486	-8.742278E-08	0.10224005	3.181664E-05	0.40389723	-3.1415863	0.9315535	3.8619837E-07	1.3764348	-2.8521402E-08	6.036544	3.1415923	
0	0	1	2.560346956632653	0.5309362	-1.0452958	0.46759668	-0.43526706	0.61505157	2.4370198	0.2524889	-1.2411344	0.45658746	-1.7596476	0.49951467	-2.0631387	
0	0	2	5.120693913265306	0.38778687	-1.5248358	0.5297872	0.0035893244	0.47778237	1.6174446	0.16210514	-1.5458586	0.3410476	-2.1055696	0.21319187	-2.4853299	
0	0	3	7.681040869897961	0.3157306	-1.6337411	0.46886584	0.36963466	0.32410216	1.1639701	0.13706751	-2.304033	0.3113651	-2.2788382	0.092139035	2.9927416	
0	0	4	10.241387826530612	0.29860863	-1.5607215	0.3450241	0.7208681	0.22860171	0.9563789	0.15107118	2.5531144	0.24721006	-2.5180986	0.095886745	1.225652	
0	0	5	12.801734783163266	0.32283598	-1.4922746	0.2053648	1.011079	0.16899773	0.8714355	0.18436551	1.4827223	0.0713638	-2.2898529	0.20089623	0.404261	
0	0	6	15.362081739795922	0.3625597	-1.5276355	0.092292055	1.1339573	0.12724222	0.83797586	0.20392239	1.0291106	0.15452792	-0.8277159	0.29263338	-0.055966023	
0	0	7	17.922428696428575	0.39316002	-1.7028781	0.02801185	0.36954036	0.09482063	0.8031083	0.218204	0.87040794	0.23919487	-0.74604726	0.33839726	-0.35276064	
0	0	8	20.482775653061225	0.38562015	-2.1502948	0.054261528	-0.735443	0.068837464	0.6988336	0.22840133	0.8602731	0.2819712	-0.63650393	0.3414744	-0.50373715	
0	0	9	23.04312260969388	0.29907158	2.6641836	0.08942043	-0.7308756	0.051626455	0.41526365	0.23028773	0.94456863	0.30159548	-0.4775859	0.30912954	-0.5257272	
0	0	10	25.60346956632653	0.45506647	0.42539704	0.116774924	-0.5504414	0.05138593	-0.02842984	0.21643405	1.0949996	0.30127332	-0.2685118	0.23587717	-0.45706648	
0	0	11	28.163816522959188	0.562985	-0.34114847	0.1361908	-0.25098342	0.06969807	-0.27503717	0.17905706	1.2670827	0.2732469	0.011761372	0.12681536	-0.52474624	
0	0	12	30.724163479591844	0.6173146	-0.65183127	0.13747783	0.21324074	0.096467346	-0.24159297	0.12242109	1.3102607	0.19247317	0.40873393	0.08816732	-1.4918832	
0	0	13	33.284510436224494	0.67777556	-0.82039833	0.09866637	0.8529613	0.118450046	-0.03690857	0.09287304	0.91345966	0.029102873	0.7398346	0.1489894	-1.8806232	
0	0	14	35.84485739285715	0.7755076	-0.9222524	0.03364564	1.6276082	0.12391441	0.2105263	0.12327597	0.69209343	0.15434586	-1.4437684	0.19729628	-1.9333581	
0	0	15	38.40520434948981	0.97129416	-0.9663599	0.025062574	-1.6973561	0.117977306	0.40670386	0.14860745	0.89968824	0.25976318	-0.9955213	0.24038732	-2.0458019	
0	0	16	40.96555130612245	1.5011929	-0.86887777	0.06297499	-1.0482941	0.109852135	0.5729085	0.13800333	1.2791137	0.3085019	-0.63999754	0.34276462	-2.4229615	
0	0	17	43.525898262755106	2.5688007	0.19926731	0.08609067	-0.5713427	0.098089464	0.7591149	0.08908982	1.7947605	0.33127782	-0.29026383	0.7853227	2.3477728	
0	0	18	46.08624521938776	0.7497062	0.80919605	0.08861285	-0.10001983	0.07747454	0.9536129	0.024641072	3.000891	0.3282475	0.18297504	0.345872	0.7392765	
0	0	19	48.64659217602042	0.53136355	0.27243683	0.070809595	0.30447802	0.049106993	1.0247753	0.05800296	-1.0883672	0.24079672	0.9631357	0.22123307	0.3351464	
0	0	20	51.20693913265306	0.6673225	0.39299142	0.04522042	0.5365561	0.028416922	0.5211226	0.10074526	-0.5923035	0.08060542	2.1745906	0.17430165	0.12791601	
0	0	21	53.76728608928572	0.5698029	0.7729744	0.023626775	0.36829424	0.040937625	-0.16202906	0.12021645	-0.27370802	0.06690562	-2.1350899	0.15060772	-0.09125761	
0	0	22	56.327633045918375	0.41245526	1.0158066	0.021868376	-0.5069544	0.06652421	-0.21013315	0.117989324	-0.009448772	0.099427365	-1.6380805	0.15339926	-0.39307442	
0	0	23	58.88798000255103	0.2925818	1.189439	0.040872745	-0.76463103	0.09209815	-0.051957116	0.09127288	0.25285572	0.11540069	-1.5951774	0.2050936	-0.66659606	
0	0	24	61.44832695918369	0.19783181	1.37983	0.065830104	-0.58193576	0.11441443	0.2196595	0.026894903	0.4486976	0.14415276	-1.81706	0.3472383	-0.7331876	
0	0	25	64.00867391581633	0.11113551	1.7075095	0.086308785	-0.15480486	0.1229518	0.6152537	0.09372942	-1.8427532	0.2997021	-1.9777339	0.71262294	-0.36529592	
0	0	26	66.56902087244899	0.045337576	3.051762	0.07840171	0.3771934	0.09883045	1.0599021	0.20797236	-1.2310714	0.54993594	-0.9511357	0.7541045	0.8460874	
0	0	27	69.12936782908164	0.13229887	-1.7498249	0.049332026	0.69819534	0.056653254	1.269846	0.23949522	-0.7502732	0.3106634	-0.45987704	0.3234241	1.3696585	
0	0	28	71.6897147857143	0.271335	-1.2215983	0.025275072	0.5427848	0.030790368	0.89585954	0.22545065	-0.4385876	0.21560487	-0.4220842	0.120915145	1.4219261	
0	0	29	74.25006174234696	0.4020761	-0.7775039	0.022597635	-0.30577913	0.03282724	0.24099474	0.19362584	-0.21138543	0.16543572	-0.5036047	0.042620566	-0.35725588	
0	0	30	76.81040869897961	0.497103	-0.3868755	0.039453175	-0.6059321	0.045689873	-0.009880581	0.1485725	-0.027495172	0.13771878	-0.71511805	0.1675078	-0.8858068	
0	0	31	79.37075565561224	0.56505084	-0.029359957	0.058997355	-0.5186125	0.060517065	-0.07578922	0.08967423	0.053821962	0.14305392	-1.0317618	0.33581224	-0.71556973	
0	0	32	81.9311026122449	0.5792333	0.36218145	0.07411068	-0.31224215	0.07671187	-0.048724946	0.044726647	-0.7202808	0.1949494	-1.1843903	0.53492355	-0.24693987	
0	0	33	84.49144956887756	0.4842107	0.6485961	0.08073122	-0.08510779	0.09113716	0.047643322	0.09812774	-1.2829722	0.26378107	-1.0353231	0.51913035	0.45461276	
0	0	34	87.05179652551021	0.4158163	0.70777315	0.0795047	0.11610904	0.099381365	0.1637812	0.14367674	-1.0001692	0.2937721	-0.7713193	0.31559888	0.85226655	
0	0	35	89.61214348214287	0.40288764	0.7098315	0.07276181	0.2855194	0.101448655	0.2507719	0.14827904	-0.6487061	0.2917996	-0.57196194	0.17286226	0.83493865	
0	0	36	92.17249043877553	0.41723743	0.7154768	0.06086913	0.42658943	0.100768186	0.28960055	0.12701046	-0.31782314	0.2949524	-0.44165647	0.11584139	0.32440472	
0	0	37	94.73283739540818	0.45277727	0.7208992	0.042578198	0.47180724	0.101221204	0.28952703	0.09387508	0.0154997045	0.32357535	-0.30761302	0.15106112	-0.16857891	
0	0	38	97.29318435204084	0.52362025	0.7104551	0.027315035	-0.045042112	0.104695685	0.2915644	0.05496524	0.40476072	0.38656065	-0.069546506	0.22694926	-0.19610614	
0	0	39	99.8535313086735	0.69862336	0.63713145	0.043961745	-0.5766834	0.10722822	0.33317527	0.014743935	1.1314261	0.45730227	0.382968	0.29457322	0.036399797	
0	0	40	102.41387826530612	1.4681187	0.033877946	0.06385394	-0.509072	0.10292689	0.38297844	0.0255265	-2.353263	0.42981556	1.0074078	0.30447543	0.33714068	
0	0	41	104.97422522193878	0.42197078	-1.6314423	0.07449582	-0.38177165	0.0925035	0.37311235	0.05389391	-1.8637024	0.31699592	1.5552318	0.27114695	0.50017166	
0	0	42	107.53457217857144	0.060763385	-1.2002935	0.07935028	-0.2893355	0.08162523	0.23588954	0.07598453	-1.5573937	0.21648467	1.9975306	0.2555711	0.48381257	
0	0	43	110.0949191352041	0.06734307	0.5138522	0.08185298	-0.24027939	0.08233079	-0.076850116	0.09979967	-1.3355407	0.13799535	2.4522145	0.29230323	0.42109516	
0	0	44	112.65526609183675	0.09152527	0.74976766	0.08551264	-0.2359308	0.118481964	-0.33482715	0.13653031	-1.1328865	0.06597864	-3.1317358	0.40237957	0.5010081	
0	0	45	115.21561304846941	0.08594312	0.8976676	0.09681684	-0.22552404	0.18655927	-0.13846073	0.19747652	-0.84267604	0.04256711	-0.70241493	0.5527903	0.93644065	
0	0	46	117.77596000510206	0.06224481	1.2797415	0.10886956	-0.07630907	0.19444273	0.26731727	0.2586646	-0.37276554	0.116147965	0.5505561	0.4415883	1.5302494	
0	0	47	120.33630696173472	0.06606782	2.3632765	0.107717864	0.070884205	0.16136754	0.44859838	0.25490293	0.08034759	0.15363021	1.2701237	0.2642728	1.594329	
0	0	48	122.89665391836738	0.16849418	2.940772	0.10475965	0.1600368	0.13656963	0.45777678	0.22376332	0.32080573	0.1572954	1.7889364	0.20922093	1.214846	
0	0	49	125.457000875	0.46422487	3.0702963	0.10329489	0.23720084	0.12405415	0.3864187	0.20207985	0.41486496	0.14647941	2.2141743	0.25857988	0.84659976	
0	0	50	128.01734783163266	13.976461	-1.8416511	0.10227998	0.33110553	0.12211049	0.29601145	0.1926582	0.43186584	0.12618847	2.638523	0.3755701	0.7206873	
0	0	51	130.57769478826532	0.5014017	-0.3602003	0.09898505	0.45857668	0.12759075	0.2438228	0.19726716	0.41535145	0.09479451	-3.1053138	0.5395922	0.78406775	
0	0	52	133.13804174489798	0.21210879	-0.7455713	0.08920033	0.60868746	0.13264199	0.25437623	0.21833868	0.4469894	0.05898288	-2.1279144	0.690392	0.9834666	
0	0	53	135.69838870153063	0.13962479	-1.5234146	0.07238489	0.70905125	0.12995304	0.2671023	0.23661542	0.5914303	0.070392214	-0.58274263	0.71760136	1.1638342	
0	0	54	138.2587356581633	0.16330333	-2.304043	0.056170844	0.6654482	0.12769574	0.21057522	0.23487207	0.77838516	0.11937687	0.27321112	0.67017436	1.1263016	
0	0	55	140.81908261479595	0.22399989	-2.8743646	0.04767534	0.48151967	0.1369522	0.14367665	0.22300583	0.98498756	0.15141763	0.7854106	0.6814186	0.8359631	
0	0	56	143.3794295714286	0.3055121	2.8323882	0.047177915	0.280055	0.15573655	0.15795827	0.20827124	1.2682284	0.1496539	1.1237986	0.83398247	0.35139352	
0	0	57	145.93977652806126	0.40717408	2.136626	0.05102868	0.1575959	0.1741537	0.27780488	0.1951717	1.7228523	0.12115174	1.2024592	1.1566346	-0.30612668	
0	0	58	148.50012348469392	0.4927885	1.3938296	0.055642977	0.1152451	0.17933239	0.47993058	0.19738372	2.4411054	0.11140187	0.891071	1.4215877	-1.0928509	
0	0	59	151.06047044132657	0.52735204	0.8015197	0.058931362	0.11295339	0.16281831	0.70917577	0.23133244	-2.975797	0.14964512	0.6458955	1.4007603	-1.701007	
0	0	60	153.62081739795923	0.535498	0.43157122	0.060898647	0.10872025	0.12871571	0.896649	0.2730044	-2.2570844	0.20529082	0.638853	1.3149711	-1.9444432	
0	0	61	156.18116435459189	0.53651077	0.24237514	0.063684314	0.086780235	0.08817891	0.9593641	0.2972435	-1.7830878	0.2621585	0.73869896	1.075061	-1.8702469	
0	0	62	158.74151131122449	0.52475893	0.19460262	0.06961578	0.079912715	0.055380974	0.67345506	0.31386784	-1.483001	0.3172255	0.9241238	0.6657232	-1.7657175	
0	0	63	161.30185826785714	0.47298148	0.26592338	0.07793499	0.14218242	0.06227392	0.04212605	0.33752573	-1.2523482	0.35126096	1.2777735	0.33998305	-1.7489513	
0	0	64	163.8622052244898	0.346014	0.37839562	0.083573446	0.2894852	0.0978923	0.021540228	0.36874694	-0.96599203	0.24451226	1.9029796	0.11863469	-1.4485016	
0	0	65	166.42255218112246	0.18588328	0.17460205	0.08032633	0.47815278	0.10894148	0.2960988	0.3444104	-0.53163296	0.041582502	1.211398	0.13602233	0.111117736	
0	0	66	168.9828991377551	0.17718434	-0.7274079	0.067497306	0.6166527	0.09077194	0.45209852	0.23164144	-0.21668632	0.15012123	0.24873808	0.28758982	0.21593066	
0	0	67	171.54324609438777	0.3260816	-0.9955324	0.052284546	0.5916441	0.0722924	0.3502666	0.14824495	-0.23340957	0.23231933	0.39025158	0.40739477	0.102230534	
0	0	68	174.10359305102043	0.5987856	-0.72662985	0.04490142	0.35675836	0.07058891	0.07736705	0.11369792	-0.4593275	0.29687202	0.5933291	0.4876906	0.013363519	
0	0	69	176.66394000765308	0.5622312	0.44382742	0.049324524	0.12534374	0.08743954	-0.091046765	0.112485185	-0.6938552	0.36110416	0.9410554	0.54496354	0.008246815	
0	0	70	179.22428696428574	0.1352128	0.8072211	0.058543775	0.06938214	0.113367625	-0.030299624	0.1318757	-0.7501039	0.36725348	1.6593599	0.60611844	0.12736979	
0	0	71	181.7846339209184	0.056051023	-1.1998415	0.06457671	0.1257857	0.12795636	0.24239194	0.15394354	-0.55002975	0.19245572	2.600774	0.7140155	0.45503348	
0	0	72	184.34498087755105	0.15897575	-1.637779	0.063758574	0.18262358	0.10303635	0.5620213	0.14515549	-0.1486517	0.07671104	-2.7407186	0.91908836	1.2568343	
0	0	73	186.9053278341837	0.2791859	-1.7056154	0.06045392	0.132167	0.05973047	0.5352945	0.100624286	0.23333704	0.06455263	-1.7125852	0.77337724	2.7450533	
0	0	74	189.46567479081637	0.48235804	-1.6921694	0.06412888	0.017807875	0.045953743	-0.13778195	0.054362923	0.4461085	0.08422316	-1.2832991	0.48395178	-2.3902674	
0	0	75	192.02602174744902	1.015117	-1.4967152	0.07420056	-0.0018015365	0.068282425	-0.57919306	0.02040248	0.25643933	0.10655272	-1.0997052	0.41155675	-1.6185435	
0	0	76	194.58636870408168	2.2023625	-0.28649136	0.08313884	0.08333138	0.10023086	-0.6632015	0.018166097	-1.1759015	0.12854238	-0.92240775	0.41482657	-0.96417516	
0	0	77	197.14671566071434	1.015648	0.627259	0.08596837	0.220306	0.1358566	-0.6133668	0.036854558	-1.386749	0.14146622	-0.63483983	0.4190612	-0.19497904	
0	0	78	199.707062617347	0.61068493	0.8037592	0.08044597	0.36204028	0.17272575	-0.46699378	0.05073474	-1.285166	0.12097482	-0.18945652	0.30682898	0.74732625	
0	0	79	202.2674095739796	0.44592828	0.8636427	0.06720133	0.4396549	0.19770262	-0.23495899	0.058874696	-1.1860912	0.06076183	0.2666814	0.14277326	1.5203413	
0	0	80	204.82775653061225	0.35560507	0.88140666	0.053405475	0.32265407	0.19575924	0.006887074	0.067925595	-1.1151611	0.008393845	-0.4472345	0.039361164	2.1227229	
0	0	81	207.3881034872449	0.29797453	0.86314553	0.05363822	0.03503977	0.17545438	0.18609329	0.08054218	-0.9780855	0.03140202	-1.6056682	0.027794367	-1.0041676	
0	0	82	209.94845044387756	0.26376042	0.80521405	0.06667621	-0.05264318	0.14929453	0.3032438	0.09377194	-0.7435444	0.038186584	-1.0030167	0.081429414	-0.59052426	
0	0	83	212.50879740051022	0.2565058	0.7673297	0.07684447	0.056815486	0.12010646	0.3607293	0.10568797	-0.40468904	0.05281131	0.5600694	0.13643165	-0.33287105	
0	0	84	215.06914435714287	0.24213417	0.9089299	0.07704215	0.22338004	0.09038606	0.2915081	0.116068155	0.06853541	0.16713983	1.8107709	0.2004334	-0.1172125	
0	0	85	217.62949131377553	0.15777414	1.1120112	0.0677728	0.3599775	0.07498861	-0.033172205	0.12622507	0.720594	0.32336843	2.8035965	0.27740306	0.089015715	
0	0	86	220.1898382704082	0.03840578	0.622105	0.0538908	0.37809092	0.09129985	-0.31796196	0.13737713	1.5531683	0.38788334	-2.6950355	0.35875085	0.30307803	
0	0	87	222.75018522704084	0.14956455	-1.1168174	0.04448743	0.18636945	0.11634052	-0.26568663	0.14302985	2.4535575	0.40706456	-2.1068957	0.41410318	0.45660353	
0	0	88	225.3105321836735	0.3542153	-0.8964497	0.047298152	-0.057920482	0.12477051	-0.051957723	0.13008425	-3.0177565	0.42746907	-1.5790801	0.5059157	0.39019993	
0	0	89	227.87087914030616	0.52941155	-0.514427	0.05620484	-0.1087098	0.11123518	0.19993478	0.09731119	-2.3810933	0.45430946	-1.0460043	0.88876194	0.3702965	
0	0	90	230.43122609693881	0.58352125	-0.15928994	0.06198897	-0.027334733	0.07977498	0.42530823	0.05905166	-1.9833997	0.4717351	-0.506944	2.089352	0.96877295	
0	0	91	232.99157305357147	0.5444148	0.073409475	0.061643235	0.07998889	0.038544882	0.41608474	0.032090902	-1.9122751	0.45557812	-0.005992483	1.4804047	2.307263	
0	0	92	235.55192001020413	0.46809912	0.18311267	0.05682895	0.1411087	0.030128062	-0.8581187	0.020355001	-1.9603536	0.39676154	0.3963986	0.66082776	2.6819735	
0	0	93	238.11226696683678	0.3722529	0.14060585	0.052029252	0.117792554	0.067447126	-1.0290921	0.014487332	-1.2714583	0.3107474	0.6261367	0.31811798	2.8701234	
0	0	94	240.67261392346944	0.30054	-0.34327555	0.05105785	0.052645072	0.09577745	-0.8271001	0.030484185	-0.041848034	0.24407287	0.5846349	0.12222079	-3.0163205	
0	0	95	243.2329608801021	0.73509693	-0.8943159	0.052881025	0.025520325	0.11141831	-0.6140343	0.073027596	0.49114683	0.24160767	0.41363448	0.08594601	-1.3992817	
0	0	96	245.79330783673475	1.3135237	-0.017589817	0.05441006	0.0402795	0.1196743	-0.43307889	0.13233264	0.8999665	0.26611605	0.36943933	0.18723552	-0.84925526	
0	0	97	248.35365479336735	0.99116635	0.40751523	0.054790735	0.058043785	0.1257638	-0.27537173	0.19085836	1.3201263	0.27703846	0.41066727	0.28991738	-0.7054227	
0	0	98	250.91400175	0.8152142	0.52842647	0.05544365	0.0572037	0.13212688	-0.11593923	0.22148384	1.7347806	0.26505318	0.48358968	0.39763698	-0.6132545	
0	0	99	253.47434870663267	0.7147855	0.5731982	0.058154803	0.05852371	0.13759345	0.07001436	0.21353541	2.0974221	0.22308402	0.5803349	0.5499638	-0.48878682	
0	0	100	256.0346956632653	0.6419754	0.565978	0.062494863	0.106400244	0.1375121	0.29086524	0.17680372	2.3965461	0.13338397	0.61625206	0.9187995	-0.1185515	
0	0	101	258.595042619898	0.6141351	0.44635922	0.065457396	0.21018189	0.12669055	0.5237555	0.12225432	2.6455338	0.08946033	-0.60178524	0.74369293	1.4416822	
0	0	102	261.15538957653064	0.770099	0.44801137	0.06455716	0.33636296	0.10532287	0.7122397	0.056971006	2.8286507	0.20127435	-0.7335777	0.12879509	1.7366296	
0	0	103	263.7157365331633	0.77363205	0.64960223	0.059777997	0.44288084	0.0807797	0.78307277	0.013796179	0.54927695	0.23903707	-0.5517853	0.05595587	-0.0774308	
0	0	104	266.27608348979595	0.7224449	0.7482861	0.052947626	0.49285874	0.062334955	0.67915314	0.07272974	0.33597186	0.22745776	-0.43770444	0.105777346	-0.473298	
0	0	105	268.83643044642866	0.6727226	0.81925833	0.046890277	0.4611534	0.05530244	0.4458852	0.114975944	0.44221514	0.1882897	-0.39579886	0.12862621	-0.58142686	
0	0	106	271.39677740306126	0.6070633	0.8896975	0.044183705	0.3710447	0.05734784	0.23188753	0.14039405	0.4724151	0.1321523	-0.5629956	0.14535001	-0.74127513	
0	0	107	273.95712435969386	0.49469167	0.9413359	0.044475738	0.29500556	0.06336293	0.08798008	0.16289528	0.41378248	0.1364346	-1.1950547	0.18893273	-0.855638	
0	0	108	276.5174713163266	0.3307561	0.7395622	0.044993423	0.2494325	0.071743265	-0.008927111	0.19757268	0.34452602	0.21690327	-1.2117884	0.2371005	-0.73463935	
0	0	109	279.0778182729592	0.38093656	0.058196455	0.045016564	0.18112762	0.082821116	-0.063002795	0.24443348	0.34953266	0.23820902	-0.9587402	0.24696486	-0.56990737	
0	0	110	281.6381652295919	0.59977406	-0.015058405	0.047498178	0.06744155	0.09618305	-0.06928978	0.28835326	0.4392428	0.21313609	-0.73869467	0.23142952	-0.4676445	
0	0	111	284.1985121862245	0.74249417	0.06965067	0.055422466	-0.0131679075	0.11062356	-0.030179476	0.3110673	0.5803659	0.16802298	-0.552123	0.19985397	-0.45556784	
0	0	112	286.7588591428572	0.8317971	0.13150223	0.06703736	0.0168664	0.12437331	0.049421184	0.30225745	0.73332435	0.11076569	-0.44490367	0.16006152	-0.70399415	
0	0	113	289.3192060994898	0.9075462	0.16180442	0.07713315	0.14225797	0.1346159	0.16049515	0.26348197	0.86663395	0.07025307	-0.824678	0.2352378	-1.365699	
0	0	114	291.8795530561225	1.0053041	0.1717622	0.08126274	0.30822763	0.13887197	0.28123298	0.2019627	0.9560345	0.10673147	-1.0821911	0.57519674	-1.0975261	
0	0	115	294.4399000127551	1.1952827	0.20495829	0.078053	0.46135172	0.13811533	0.38978535	0.12281819	0.93613964	0.15025772	-0.68905175	0.69193536	-0.4040721	
0	0	116	297.00024696938783	1.4756597	0.47651672	0.06935457	0.5498084	0.1349225	0.48816493	0.04893188	0.013653258	0.18738417	-0.1648467	0.605772	0.055072807	
0	0	117	299.56059392602043	1.2046064	0.81217927	0.059949365	0.51643646	0.12905632	0.59485245	0.15650675	-1.0777555	0.2375866	0.4014915	0.484205	0.40068868	
0	0	118	302.12094088265314	0.96608245	0.8684648	0.057055335	0.35778025	0.11632257	0.7167503	0.36239046	-0.8617854	0.28904366	1.0690147	0.345155	0.6493459	
0	0	119	304.68128783928574	0.82649547	0.9140197	0.06409456	0.22646344	0.09245014	0.79190487	0.51075554	-0.3142206	0.24781212	1.8348103	0.22309372	0.7322694	
0	0	120	307.24163479591846	0.682103	0.9783792	0.07523639	0.2266614	0.06857246	0.624816	0.4418498	0.14955503	0.11934372	2.3580117	0.140852	0.5781893	
0	0	121	309.80198175255106	0.52133226	1.0079817	0.08354045	0.30929726	0.06719416	0.2680786	0.319323	0.33546254	0.015405402	1.6464515	0.10204508	0.14351282	
0	0	122	312.36232870918377	0.3800432	0.92353153	0.08646723	0.41046318	0.08053805	0.080647245	0.23077263	0.29288718	0.08439941	-0.008046432	0.10391799	-0.4264196	
0	0	123	314.92267566581637	0.30040517	0.69647026	0.08464061	0.49343833	0.09560496	0.022439566	0.19036184	0.08445757	0.16615364	0.0072711785	0.14782506	-0.9002426	
0	0	124	317.48302262244897	0.28631425	0.4738007	0.079824045	0.5368445	0.1109421	0.016867464	0.19224942	-0.10492816	0.25460044	0.055271327	0.27288243	-1.0753062	
0	0	125	320.0433695790817	0.295742	0.4083114	0.07437219	0.523454	0.12774093	0.05582757	0.20851518	-0.13668658	0.36008856	0.15509331	0.43574595	-0.8220089	
0	0	126	322.6037165357143	0.28440064	0.4937946	0.0716078	0.45103493	0.14377403	0.15618137	0.21406148	-0.03505921	0.46648675	0.37235466	0.51103616	-0.6070577	
0	0	127	325.164063492347	0.2230142	0.65890026	0.07438661	0.36892006	0.15133528	0.31022403	0.19688703	0.15231465	0.4879382	0.6889471	0.59093	-0.5099022	
0	0	128	327.7244104489796	0.1079843	0.6685322	0.08106717	0.3502564	0.14480594	0.4724468	0.15206906	0.3974184	0.3985908	0.9356891	0.7086028	-0.405539	
0	0	129	330.2847574056123	0.09296691	-0.9701309	0.08611569	0.40404242	0.12599435	0.5929314	0.078289144	0.6021191	0.279786	1.0313247	0.83603704	-0.2157892	
0	0	130	332.8451043622449	0.27480066	-1.0636604	0.08558708	0.4881097	0.10094113	0.6090412	0.040002484	-0.7754198	0.17640129	0.9132357	0.86914027	0.0749535	
0	0	131	335.4054513188776	0.49331763	-0.75706345	0.079185136	0.557409	0.08182337	0.4254183	0.1082512	-0.78124785	0.12843624	0.47103128	0.7332936	0.3589159	
0	0	132	337.9657982755102	0.6946281	-0.25520423	0.06904608	0.57168794	0.08460353	0.12731381	0.1316229	-0.33704028	0.13483658	0.14336292	0.5297775	0.5239323	
0	0	133	340.52614523214294	0.6640745	0.35787284	0.05883222	0.48770466	0.105146095	0.0009583964	0.11694562	0.095719405	0.13437141	0.112377584	0.34312257	0.55454904	
0	0	134	343.08649218877554	0.42883608	0.7366372	0.05367646	0.29037926	0.12756287	0.045960914	0.08298882	0.5213466	0.10597263	0.23659207	0.17144784	0.36769077	
0	0	135	345.64683914540825	0.23612201	0.6651786	0.057148695	0.08582946	0.14266601	0.18118882	0.03907067	1.0088302	0.048554856	0.64454883	0.1328101	-1.6892445	
0	0	136	348.20718610204085	0.18406813	0.018872704	0.06561122	0.0020287647	0.14303741	0.36095542	0.01284942	-2.3916492	0.06436665	-3.0415475	2.2779336	-2.1868067	
0	0	137	350.76753305867356	0.27120417	-0.39935872	0.07193556	0.013409589	0.12329454	0.49119318	0.063366756	-1.5745748	0.23908295	-2.2604785	0.7386542	0.6037928	
0	0	138	353.32788001530616	0.39686048	-0.4507617	0.07383411	0.03245419	0.1040658	0.40090516	0.11409718	-1.1288098	0.38613942	-1.274284	0.39848462	0.42227513	
0	0	139	355.8882269719389	0.5171958	-0.3637857	0.07484241	0.01919493	0.11047679	0.2637874	0.16167144	-0.71623766	0.31468835	-0.40465102	0.2948391	0.18022206	
0	0	140	358.4485739285715	0.59632504	-0.22556955	0.078354016	0.0049884804	0.12534305	0.28638545	0.20134713	-0.30549607	0.23407882	0.3052671	0.26194793	-0.113985315	
0	0	141	361.0089208852041	0.60638183	-0.121301904	0.08352897	0.03811226	0.13403907	0.4092458	0.22084515	0.107509986	0.21548389	1.0882843	0.2813408	-0.3984571	
0	0	142	363.5692678418368	0.5847275	-0.14100645	0.086314574	0.12941493	0.13017936	0.5858186	0.20874678	0.4692634	0.2730198	1.874144	0.3583924	-0.577596	
0	0	143	366.1296147984694	0.6113743	-0.26624367	0.08269308	0.24519145	0.10699085	0.7590033	0.17812987	0.69426024	0.38413918	2.6437328	0.51764065	-0.55643487	
0	0	144	368.6899617551021	0.72527814	-0.37580523	0.0728026	0.3158316	0.07158965	0.6655572	0.15320443	0.7676966	0.4173569	-2.7950304	0.75512785	-0.14677913	
0	0	145	371.2503087117347	0.93537015	-0.3760242	0.06285252	0.27065784	0.07274802	0.1851141	0.14310804	0.7643593	0.29523653	-2.1343894	0.6160747	0.65828687	
0	0	146	373.8106556683674	1.2045468	-0.16610973	0.06038451	0.13762002	0.09945602	0.11924497	0.14392836	0.7732991	0.16547872	-1.7971599	0.23610854	1.093439	
0	0	147	376.371002625	1.1499218	0.24034484	0.06604328	0.061470084	0.11560736	0.2627874	0.14779934	0.83973736	0.07202085	-1.9104959	0.065106645	-0.79239357	
0	0	148	378.93134958163273	0.8014315	0.3970276	0.07379573	0.11135001	0.115520686	0.46116316	0.14653413	0.97511166	0.06952637	-3.07091	0.29294622	-1.0080245	
0	0	149	381.49169653826533	0.59671766	0.29055768	0.076647654	0.2582686	0.09620338	0.6722101	0.13129042	1.180919	0.16671015	3.1408694	0.5014649	-0.66948706	
0	0	150	384.05204349489804	0.5050907	0.12259414	0.069235764	0.42882696	0.056450758	0.725286	0.09264412	1.4441837	0.30513203	-2.552543	0.65213937	-0.2598517	
0	0	151	386.61239045153064	0.4567489	-0.02640536	0.053602673	0.47000593	0.04170625	-0.24993256	0.029415358	1.5189259	0.308338	-1.5286466	0.7410643	0.18121499	
0	0	152	389.17273740816336	0.4192269	-0.15065727	0.04472394	0.22110386	0.08522106	-0.46842095	0.047889024	-0.5432247	0.18580043	-0.7788913	0.7786073	0.6750591	
0	0	153	391.73308436479596	0.3779287	-0.27741078	0.052291933	-0.011200835	0.11546594	-0.2757101	0.10383521	-0.37189806	0.10848905	-0.28889105	0.74331445	1.2316536	
0	0	154	394.29343132142867	0.32306546	-0.5131875	0.06474876	-0.002942664	0.12601425	-0.07076212	0.14088722	-0.16493475	0.05899525	0.016345073	0.6314499	1.7639406	
0	0	155	396.85377827806127	0.40447485	-1.6543128	0.07292868	0.12349914	0.12200921	0.10243291	0.1655827	0.016186735	0.02302999	-0.5859701	0.51222974	2.1615155	
0	0	156	399.414125234694	0.78548974	0.6023904	0.073710084	0.28091675	0.107871495	0.22635931	0.18388706	0.19558856	0.072934724	-1.6156777	0.42823273	2.4037642	
0	0	157	401.9744721913266	0.4445825	0.41857776	0.06686055	0.40833348	0.08890464	0.25922564	0.1985354	0.40744805	0.19450973	-1.4274735	0.3722716	2.5257046	
0	0	158	404.5348191479592	0.3418426	0.45225203	0.05548156	0.42279357	0.074617885	0.15069802	0.2082859	0.6918461	0.4057941	-0.961269	0.32451698	2.5748246	
0	0	159	407.0951661045919	0.26366475	0.5561457	0.048048917	0.23081201	0.07332261	0.0007476903	0.2064295	1.0856175	0.59465337	-0.20788607	0.26650825	2.5993311	
0	0	160	409.6555130612245	0.18714935	0.6764266	0.054318033	-0.012157316	0.07787913	-0.00682883	0.18589008	1.5894375	0.5178254	0.45548028	0.18376465	2.6565113	
0	0	161	412.2158600178572	0.1089852	0.70942354	0.06929126	-0.033398226	0.076149054	0.11481216	0.15511934	2.1533184	0.37584436	0.83860517	0.0667345	2.977371	
0	0	162	414.7762069744898	0.048614383	-0.008741414	0.0797353	0.11111363	0.06352966	0.2881373	0.13210243	2.72535	0.25914958	1.1015397	0.11812495	-0.6760633	
0	0	163	417.3365539311225	0.11259795	-0.98995095	0.07799874	0.28708357	0.04070845	0.41188318	0.122105315	-3.0049913	0.15936002	1.3979824	0.39179102	-0.18488683	
0	0	164	419.8969008877551	0.25822648	-0.86617565	0.06601629	0.37603775	0.01753996	-0.16699713	0.115421206	-2.449904	0.07344217	2.1988585	0.7405892	0.7165468	
0	0	165	422.45724784438784	0.4633568	-0.33989862	0.05332277	0.2644945	0.036856435	-1.0802938	0.09102253	-1.8291894	0.121830106	-2.282212	0.44291174	1.9434917	
0	0	166	425.01759480102044	0.50429094	0.42365482	0.052032605	-0.023745218	0.065473735	-0.9040872	0.038606536	-1.1276935	0.257201	-1.4549081	0.12540914	-3.0558357	
0	0	167	427.57794175765315	0.3713759	0.90162164	0.06376737	-0.19407386	0.08413783	-0.60039407	0.01936436	1.8445749	0.29156458	-0.9466072	0.17654519	-1.214166	
0	0	168	430.13828871428575	0.26393384	1.1208409	0.0779991	-0.17173758	0.09265951	-0.3058855	0.06294516	2.3944051	0.28034726	-0.7777981	0.2900326	-0.68467176	
0	0	169	432.69863567091846	0.18554945	1.2038906	0.08638268	-0.054649133	0.0938977	-0.047236763	0.10197763	2.6229963	0.2916348	-0.758114	0.35843807	-0.37966082	
0	0	170	435.25898262755106	0.118625544	1.1160249	0.08571404	0.08310857	0.089519456	0.161701	0.1451846	2.8040066	0.3419408	-0.7421365	0.38887393	-0.14700982	
0	0	171	437.8193295841838	0.07902787	0.41916117	0.07646497	0.18879113	0.080450416	0.27524686	0.20611565	3.0413966	0.46218264	-0.61258054	0.39237896	0.048452143	
0	0	172	440.3796765408164	0.15876304	-0.20372248	0.061963566	0.19024122	0.075314745	0.18561336	0.28110078	-2.7448432	0.7073944	-0.020378971	0.37669566	0.23236579	
0	0	173	442.9400234974491	0.2821339	0.0327809	0.050914478	-0.027766442	0.095659696	0.08141637	0.23052953	-2.0643053	0.3884696	1.1297802	0.32806298	0.42788607	
0	0	174	445.5003704540817	0.3080606	0.39615136	0.055883825	-0.34346548	0.12479213	0.25659093	0.14296994	-1.8203231	0.088844165	1.3543605	0.26561883	0.4572585	
0	0	175	448.06071741071435	0.2616197	0.5462259	0.0722076	-0.4268932	0.13894746	0.5132228	0.103817455	-1.7943573	0.051203404	-0.8211052	0.23451528	0.48551697	
0	0	176	450.621064367347	0.21611293	0.44410387	0.08695495	-0.33964378	0.13976735	0.7608716	0.08505165	-1.7321143	0.12921186	-0.97510725	0.19723645	0.5241997	
0	0	177	453.1814113239796	0.2095242	0.13862845	0.09534533	-0.19035478	0.1301345	1.0064278	0.06996156	-1.5249002	0.19278021	-0.87931687	0.15517984	0.5132911	
0	0	178	455.7417582806123	0.26301768	-0.15788224	0.09697111	-0.019000359	0.10831035	1.266922	0.052464843	-1.0529687	0.24602593	-0.71302766	0.11437324	0.36149827	
0	0	179	458.3021052372449	0.3771069	-0.29733706	0.09211388	0.15851326	0.07083172	1.5135874	0.039708167	-0.0006118333	0.280482	-0.473582	0.09530937	-0.09596633	
0	0	180	460.86245219387763	0.57161105	-0.28333968	0.08177227	0.32283655	0.026462285	1.2501156	0.056303605	1.3346341	0.26874557	-0.15981904	0.1350757	-0.5047551	
0	0	181	463.42279915051023	0.93037814	0.021389712	0.06854091	0.44966474	0.042107597	0.08655771	0.08175209	2.278583	0.18140736	0.11929313	0.19595706	-0.37379652	
0	0	182	465.98314610714294	0.76868355	0.80005735	0.05543415	0.52356225	0.06951195	0.21395294	0.08809804	3.0721843	0.08144375	-0.43774337	0.19005843	-0.22049034	
0	0	183	468.54349306377554	0.44789138	0.6052485	0.044102453	0.5400893	0.07727691	0.46005765	0.07954023	-2.4159365	0.16381763	-1.1613529	0.19539435	-0.29512966	
0	0	184	471.10384002040826	0.46804568	0.32893643	0.035009693	0.48955315	0.0687262	0.68279415	0.07382685	-1.533064	0.255261	-1.0129759	0.2280099	-0.31108367	
0	0	185	473.66418697704086	0.52811706	0.26431134	0.028750872	0.349396	0.04976783	0.8225383	0.08099267	-0.7052684	0.29285395	-0.8038072	0.26687062	-0.2509982	
0	0	186	476.22453393367357	0.5621639	0.28944412	0.026603794	0.13883664	0.028304635	0.6972519	0.09084518	-0.125385	0.28441703	-0.65702516	0.30616426	-0.16851209	
0	0	187	478.78488089030617	0.55129063	0.34308583	0.02861014	-0.023119869	0.02084461	-0.13326502	0.0949234	0.15253447	0.25008056	-0.6177496	0.3499329	-0.10266544	
0	0	188	481.3452278469389	0.48997498	0.37699735	0.032616448	-0.06911457	0.034203988	-0.58186704	0.107636444	0.18133812	0.20959932	-0.73897374	0.41252866	-0.08604319	
0	0	189	483.9055748035715	0.3915356	0.31656796	0.036921773	-0.031495173	0.047094643	-0.5659565	0.1421467	0.2181846	0.19165155	-1.1051872	0.5456326	-0.14818133	
0	0	190	486.4659217602042	0.29977995	0.016331417	0.04111056	0.056675803	0.050783582	-0.4550331	0.18743576	0.3838916	0.26324415	-1.5862266	1.0763037	-0.15887024	
0	0	191	489.0262687168368	0.31592357	-0.566861	0.04501707	0.18556151	0.04441081	-0.43654677	0.22308522	0.6529226	0.5511	-1.6673567	1.4122303	0.9631217	
0	0	192	491.5866156734695	0.51920134	-0.89969313	0.048000045	0.35299778	0.03836269	-0.7019515	0.22235362	0.9894693	0.8812467	-0.895124	0.8123242	0.97232926	
0	0	193	494.1469626301021	0.8753608	-0.82164484	0.04896405	0.55152017	0.04683305	-1.0436357	0.16619237	1.3015475	0.55894357	-0.41341487	0.6876747	0.73026556	
0	0	194	496.7073095867347	1.1889894	-0.4676856	0.046982475	0.7649763	0.066280104	-1.1026089	0.079842314	1.2676622	0.38114092	-0.42209348	0.6149683	0.4798517	
0	0	195	499.2676565433674	1.209103	-0.09828346	0.0419056	0.97264844	0.08626466	-0.9380819	0.06912432	0.058639605	0.30857152	-0.5893145	0.5131833	0.24372719	
0	0	196	501.8280035	1.0905858	0.14821525	0.034429517	1.1478761	0.09374886	-0.6160684	0.14643082	-0.20322427	0.30392995	-0.79339206	0.35854703	0.079887085	
0	0	197	504.38835045663274	0.9724282	0.33033568	0.02612352	1.241154	0.071918175	-0.25014493	0.22732165	-0.11131524	0.3648378	-0.8625509	0.19799912	0.4649967	
0	0	198	506.94869741326534	0.8487423	0.52713984	0.019940019	1.1775293	0.033091627	-0.3890422	0.310814	0.083219565	0.4405458	-0.6050593	0.33289897	1.0352197	
0	0	199	509.50904436989805	0.62902075	0.76880044	0.019002628	1.0535513	0.0439303	-1.3314023	0.39978942	0.4652256	0.3696245	-0.17559505	0.45408866	0.81615794	
0	0	200	512.0693913265306	0.32994306	0.61720437	0.021942751	1.1566201	0.07569402	-1.2669029	0.3306304	1.357006	0.23612039	0.03738974	0.4624735	0.6260972	
0	0	201	514.6297382831633	0.35343328	0.028394505	0.026486026	1.4960611	0.09249721	-0.9989351	0.017737785	1.2673215	0.13974334	-0.00019621645	0.4378113	0.5285379	
0	0	202	517.190085239796	0.44357225	-0.046696797	0.03370764	1.9421746	0.08814023	-0.7267873	0.14182599	-0.40139917	0.08459615	-0.41874522	0.4136681	0.5090309	
0	0	203	519.7504321964286	0.48668194	-0.015489313	0.045325797	2.3762226	0.06500291	-0.5772401	0.20619892	-0.21798286	0.09428433	-1.1331754	0.3982741	0.579444	
0	0	204	522.3107791530613	0.49977928	0.028452562	0.0610626	2.7496784	0.038847063	-0.9507094	0.22741547	-0.059224017	0.15984778	-1.3331449	0.3923701	0.7691206	
0	0	205	524.8711261096939	0.48960832	0.066853665	0.078135766	3.0662205	0.05907323	-1.7497503	0.21160607	0.04675897	0.24919423	-1.112947	0.40676123	1.1235273	
0	0	206	527.4314730663266	0.462141	0.066780046	0.091761805	-2.9567485	0.11437967	-1.7424659	0.17760506	-0.03750981	0.30204138	-0.5793303	0.4853692	1.7079349	
0	0	207	529.9918200229592	0.4447477	0.013751327	0.09806885	-2.7828727	0.16841087	-1.4449638	0.18355645	-0.30823532	0.23990726	0.056566436	0.720209	2.5808876	
0	0	208	532.5521669795919	0.44612414	-0.04210726	0.09975764	-2.7451434	0.18979944	-1.055318	0.23190157	-0.40347847	0.13987973	0.6562029	0.9602128	-2.5553038	
0	0	209	535.1125139362246	0.45614138	-0.08428522	0.108175986	-2.8405282	0.16354625	-0.71108377	0.2834662	-0.32500535	0.07709051	1.6193365	0.84122807	-1.6376444	
0	0	210	537.6728608928573	0.4736709	-0.11160431	0.13392814	-2.9428723	0.10846838	-0.5558337	0.32535145	-0.15093851	0.107643776	2.794862	0.69119	-1.049381	
0	0	211	540.2332078494899	0.49636474	-0.10932833	0.17471433	-2.9470277	0.06117421	-1.0317706	0.35116482	0.112598725	0.20915714	-2.95504	0.58361804	-0.5272443	
0	0	212	542.7935548061225	0.50955063	-0.07339963	0.21815401	-2.8666837	0.10612654	-1.7821634	0.3449229	0.48156258	0.40397826	-2.4540913	0.47428578	0.14439683	
0	0	213	545.3539017627552	0.50216365	-0.03614197	0.2508509	-2.7624257	0.20077819	-1.6006966	0.28872317	0.9349088	0.46117023	-1.4449495	0.34245837	1.1499062	
0	0	214	547.9142487193877	0.48464888	-0.029920587	0.268854	-2.6968014	0.24021976	-1.0969242	0.20073761	1.376691	0.23788244	-1.1782231	0.28047317	2.2892668	
0	0	215	550.4745956760205	0.47405854	-0.05711154	0.2835282	-2.7076101	0.17647108	-0.6733515	0.13029668	1.6622704	0.18225841	-1.4708303	0.29465604	2.9501245	
0	0	216	553.0349426326532	0.48205787	-0.092910215	0.3159584	-2.7779284	0.08460962	-0.64086306	0.11490593	1.8170805	0.19463414	-1.7283717	0.3278281	3.1329403	
0	0	217	555.5952895892858	0.5055667	-0.09426799	0.3834974	-2.8360035	0.06073816	-1.908582	0.13229479	2.1760485	0.22811332	-1.8830422	0.4026677	2.9891343	
0	0	218	558.1556365459184	0.518627	-0.050012723	0.48720595	-2.8226702	0.15140867	-2.2420833	0.15042624	2.5596955	0.28069645	-2.0023973	0.6174892	2.57525	
0	0	219	560.7159835025511	0.50471354	-0.010883005	0.6130995	-2.738568	0.25773653	-2.0703871	0.16991493	2.8336701	0.38627496	-2.088623	1.0823928	1.7523514	
0	0	220	563.2763304591838	0.48018086	-0.025681602	0.75040156	-2.6165183	0.34883767	-1.7791283	0.19850774	3.0125525	0.6250699	-2.00629	0.962423	0.76071787	
0	0	221	565.8366774158164	0.47466862	-0.10509142	0.91199225	-2.4732835	0.3974104	-1.4616437	0.2595609	-3.12214	1.0100883	-1.551924	0.61645144	0.41254222	
0	0	222	568.397024372449	0.5227822	-0.18346265	1.1247234	-2.2792807	0.40331113	-1.1668074	0.4518367	-2.6222875	1.1305095	-0.8443107	0.40618923	0.4478223	
0	0	223	570.9573713290818	0.5940243	-0.12743898	1.3487	-1.9769675	0.37385982	-0.8947776	0.2370069	-1.5446855	0.9263647	-0.25813287	0.26737693	0.89389265	
0	0	224	573.5177182857144	0.5961528	-0.030581094	1.4005339	-1.6025892	0.317231	-0.6860338	0.12053118	-1.7257191	0.6902374	0.18555939	0.2939272	1.9435813	
0	0	225	576.0780652423471	0.5681138	-0.015116011	1.2666854	-1.3030068	0.26061007	-0.5666949	0.100110665	-1.9306141	0.49263453	0.54113466	0.69038385	2.7599304	
0	0	226	578.6384121989796	0.55649084	-0.065415464	1.1179305	-1.1101837	0.21353613	-0.5212364	0.092359565	-1.9999985	0.33803478	0.80434936	1.9583153	-2.596293	
0	0	227	581.1987591556123	0.5796073	-0.14472796	1.0101907	-0.97626513	0.17533338	-0.56248635	0.084092356	-2.0343428	0.24264434	0.8770972	1.9989951	-0.89217615	
0	0	228	583.759106112245	0.6557207	-0.19620457	0.9340124	-0.86817586	0.1543306	-0.7480452	0.08374018	-2.175513	0.24987876	0.9859448	1.0750982	-0.06957383	
0	0	229	586.3194530688776	0.7675647	-0.11814002	0.8758803	-0.77328336	0.17582045	-0.95453054	0.113024406	-2.1512432	0.24207626	1.4474541	0.69706225	0.59674656	
0	0	230	588.8798000255102	0.76643586	0.05950842	0.8279372	-0.68664706	0.21437117	-0.9343777	0.14146522	-1.8545783	0.20099297	1.9460185	0.4814123	1.4071248	
0	0	231	591.4401469821429	0.673042	0.102301486	0.78418475	-0.60531694	0.2377437	-0.85245794	0.16227251	-1.5222597	0.16585426	2.489128	0.33414343	2.4353328	
0	0	232	594.0004939387757	0.6253303	0.023118645	0.7389837	-0.5306588	0.25726688	-0.77763486	0.18215269	-1.1729945	0.14988117	-3.1285179	0.23619597	-2.6965249	
0	0	233	596.5608408954082	0.63555264	-0.07580881	0.69055355	-0.46970716	0.27781358	-0.68563104	0.19670065	-0.788347	0.16347961	-2.3464441	0.17121595	-1.5831455	
0	0	234	599.1211878520409	0.6869522	-0.13623032	0.6427818	-0.4298415	0.29296896	-0.5621922	0.1915795	-0.38322812	0.20273289	-1.5339056	0.11941595	-0.5000044	
0	0	235	601.6815348086735	0.75476426	-0.13104606	0.6016053	-0.4123707	0.2930414	-0.4242714	0.16020922	-0.04489497	0.22494729	-0.7432617	0.08108009	0.7668712	
0	0	236	604.2418817653063	0.7980518	-0.0693708	0.5706894	-0.4116608	0.27649963	-0.31210056	0.12119113	0.11038873	0.19314195	-0.096003234	0.08219712	2.2389417	
0	0	237	606.8022287219388	0.78984547	-0.0054957843	0.55013716	-0.4187636	0.2535077	-0.25805998	0.09700564	0.055088446	0.13652682	0.31745148	0.116964735	-2.9730835	
0	0	238	609.3625756785715	0.7573793	0.011603228	0.53739715	-0.42589375	0.23587903	-0.26081064	0.09153058	-0.06058018	0.08288876	0.46263725	0.15412408	-2.2309465	
0	0	239	611.9229226352041	0.73970616	-0.009765313	0.5289553	-0.4293191	0.22840618	-0.2893542	0.09219895	-0.10726943	0.049314316	0.07976463	0.18104407	-1.6319131	
0	0	240	614.4832695918369	0.74466485	-0.033029214	0.52200943	-0.42950612	0.22879313	-0.31081948	0.0895991	-0.12771958	0.06331007	-0.51553494	0.19138534	-1.0959963	
0	0	241	617.0436165484695	0.7583171	-0.03756013	0.51540524	-0.4289093	0.23201127	-0.31200317	0.084898084	-0.19930103	0.09529502	-0.52297914	0.17942414	-0.593491	
0	0	242	619.6039635051021	0.76555985	-0.027855843	0.5093611	-0.42931563	0.23407857	-0.29727677	0.08465225	-0.3337016	0.113063514	-0.32055286	0.14402196	-0.13351771	
0	0	243	622.1643104617348	0.7628755	-0.019746864	0.5044345	-0.43071872	0.23336576	-0.27703843	0.09244457	-0.45551592	0.10796289	-0.114035696	0.093453206	0.23221661	
0	0	244	624.7246574183675	0.75848025	-0.02286061	0.5007383	-0.4320759	0.23012668	-0.2599889	0.10508914	-0.50210035	0.08755697	-0.027945869	0.042623024	0.29103142	
0	0	245	627.2850043750001	0.7622022	-0.032334942	0.49792913	-0.43258834	0.22541164	-0.25085112	0.116859846	-0.4816407	0.0684554	-0.18419959	0.030376764	-0.82828265	
0	0	246	629.8453513316327	0.77617216	-0.03458047	0.49561787	-0.43214294	0.22030355	-0.2514351	0.12378939	-0.43089828	0.06894419	-0.52011186	0.062365185	-1.0436602	
0	0	247	632.4056982882654	0.7933915	-0.01918979	0.49362338	-0.43090284	0.21581486	-0.26206243	0.12510106	-0.38519385	0.087808624	-0.67392	0.086610794	-0.8404246	
0	0	248	634.9660452448979	0.8022299	0.013778662	0.49189088	-0.42884418	0.2130168	-0.28103173	0.123043425	-0.3686662	0.107650764	-0.61941725	0.09551757	-0.603345	
0	0	249	637.5263922015307	0.79354906	0.053183667	0.4902966	-0.42575565	0.21276447	-0.30300528	0.12133963	-0.38604486	0.11678387	-0.48001704	0.09202348	-0.42554787	
0	0	250	640.0867391581634	0.76795655	0.08188217	0.48861253	-0.42157966	0.2150242	-0.31997225	0.122778006	-0.41921687	0.112226635	-0.34558	0.084518865	-0.34410578	
0	0	251	642.647086114796	0.73686254	0.08752577	0.4866524	-0.4165507	0.2185996	-0.32580426	0.12752537	-0.44081604	0.09891698	-0.28434518	0.0803198	-0.33003637	
0	0	252	645.2074330714286	0.7137524	0.07205033	0.4843665	-0.4109428	0.22173	-0.31991518	0.13346054	-0.4353507	0.08618937	-0.338694	0.080255985	-0.30364895	
0	0	253	647.7677800280613	0.70450675	0.049338482	0.4817479	-0.4048365	0.22300439	-0.306864	0.13783348	-0.40579155	0.081983514	-0.47362408	0.07927574	-0.21961932	
0	0	254	650.328126984694	0.7057249	0.03334809	0.47870088	-0.39825374	0.22197334	-0.2937517	0.13886441	-0.367	0.08647641	-0.57928246	0.071920715	-0.10649998	
0	0	255	652.8884739413267	0.709398	0.028821202	0.47508344	-0.39149284	0.21935314	-0.28713816	0.13665542	-0.3367162	0.093662865	-0.6081999	0.057631522	-0.056336302	
0	0	256	655.4488208979592	0.7091518	0.030414395	0.47091132	-0.38516605	0.21667217	-0.28954098	0.1330497	-0.32698935	0.09896042	-0.58966786	0.04362128	-0.22340634	
0	0	257	658.009167854592	0.7047275	0.028751187	0.46647057	-0.37971786	0.21525706	-0.29760578	0.13044621	-0.33735505	0.10162936	-0.558365	0.04232118	-0.6042463	
0	0	258	660.5695148112246	0.7014328	0.018905148	0.46212858	-0.37489852	0.21530527	-0.30501923	0.13028376	-0.35427895	0.10295582	-0.5273284	0.053812962	-0.8099933	
0	0	259	663.1298617678573	0.70498836	0.0045245816	0.4579988	-0.36983746	0.21596877	-0.3078187	0.13212678	-0.36036834	0.10383178	-0.49115768	0.06686485	-0.80485517	
0	0	260	665.6902087244898	0.7168247	-0.0055466844	0.4537912	-0.36372456	0.21621218	-0.30683225	0.13394783	-0.3475927	0.10355101	-0.4424418	0.07519305	-0.71877396	
0	0	261	668.2505556811226	0.73311615	-0.0043730955	0.44898623	-0.3565193	0.21564817	-0.3061873	0.1335699	-0.32355976	0.10065965	-0.38851056	0.077463485	-0.63149935	
0	0	262	670.8109026377552	0.7475708	0.007856131	0.44320238	-0.34911022	0.214852	-0.30946293	0.13048905	-0.30639285	0.09517344	-0.35257906	0.076236844	-0.5886754	
0	0	263	673.3712495943878	0.75655645	0.024492383	0.43644708	-0.3427549	0.21479689	-0.31582263	0.1264697	-0.31062895	0.08953716	-0.3533707	0.07593869	-0.58840686	
0	0	264	675.9315965510204	0.761965	0.039144732	0.42900696	-0.33839098	0.21570377	-0.32058603	0.12390982	-0.33436304	0.086482644	-0.3798452	0.07809674	-0.58149904	
0	0	265	678.4919435076531	0.76803017	0.051498063	0.42119184	-0.33663547	0.2166799	-0.32095867	0.12367744	-0.3627221	0.08610731	-0.39850175	0.07985058	-0.5390887	
0	0	266	681.0522904642859	0.7762548	0.06579065	0.4133599	-0.33824733	0.21672225	-0.32000044	0.1249168	-0.3847338	0.08591009	-0.39325577	0.078062475	-0.48618084	
0	0	267	683.6126374209184	0.7842682	0.08496493	0.40620792	-0.34395579	0.21600863	-0.32445982	0.12663253	-0.4016656	0.08360826	-0.38475165	0.07306712	-0.47706845	
0	0	268	686.1729843775511	0.78896534	0.10714842	0.4008339	-0.35317922	0.21634737	-0.3380702	0.12906712	-0.4191956	0.08004891	-0.4142932	0.06987162	-0.5527765	
0	0	269	688.7333313341837	0.7904796	0.12776867	0.39813313	-0.36267298	0.22008368	-0.3541441	0.13348988	-0.43386886	0.07983903	-0.49694508	0.0749305	-0.65529674	
0	0	270	691.2936782908165	0.7924617	0.145186	0.39775312	-0.36724657	0.22763017	-0.3562818	0.14034052	-0.42948318	0.08716338	-0.571249	0.08772721	-0.66023886	
0	0	271	693.854025247449	0.7979038	0.16337737	0.3976323	-0.36320087	0.23595197	-0.33154646	0.14760683	-0.39131302	0.10028147	-0.55980474	0.100710824	-0.54559547	
0	0	272	696.4143722040817	0.80523914	0.18823206	0.3949237	-0.3517494	0.2401144	-0.28169912	0.15155575	-0.3208958	0.11287391	-0.45282277	0.10707948	-0.36027333	
0	0	273	698.9747191607144	0.808934	0.22130777	0.3877751	-0.33935755	0.23636298	-0.22170496	0.14907104	-0.23559435	0.11842531	-0.2823829	0.104112536	-0.14987668	
0	0	274	701.5350661173471	0.8043971	0.25736237	0.37667412	-0.3349564	0.22420667	-0.1731754	0.1395018	-0.16157685	0.11304198	-0.090036705	0.09244322	0.054768737	
0	0	275	704.0954130739797	0.79264265	0.2886171	0.36450723	-0.34556136	0.20690224	-0.1589919	0.12524313	-0.12894589	0.09715737	0.07739398	0.07445233	0.2253625	
0	0	276	706.6557600306123	0.7791441	0.31183508	0.35523465	-0.37180263	0.19062549	-0.19494386	0.11121343	-0.16332975	0.075473085	0.15817258	0.05364635	0.31103963	
0	0	277	709.216106987245	0.76814973	0.33042142	0.35171604	-0.4061545	0.18189938	-0.27307022	0.10283286	-0.2610288	0.05599539	0.06002942	0.035336133	0.19537266	
0	0	278	711.7764539438778	0.7592376	0.34964094	0.35399377	-0.4371607	0.18318121	-0.35526845	0.102147505	-0.37133363	0.048420485	-0.23737915	0.026903572	-0.23334368	
0	0	279	714.3368009005103	0.74911386	0.37085032	0.3595172	-0.457383	0.19077349	-0.40594783	0.106154695	-0.4450922	0.05360431	-0.47407472	0.029869957	-0.65302676	
0	0	280	716.897147857143	0.7358494	0.3907029	0.3652131	-0.4673119	0.19871078	-0.42249802	0.11064433	-0.4810065	0.061359044	-0.5392358	0.037004765	-0.85336095	
0	0	281	719.4574948137756	0.720918	0.40524188	0.36952153	-0.4724349	0.20367396	-0.4234787	0.11389455	-0.50195897	0.065651014	-0.53435045	0.044959676	-0.93137604	
0	0	282	722.0178417704082	0.7074114	0.413876	0.37285763	-0.47785962	0.2061054	-0.42617166	0.11666541	-0.5231949	0.06668301	-0.5364285	0.052905265	-0.93682677	
0	0	283	724.5781887270409	0.6971051	0.41940793	0.37660834	-0.48502958	0.20834717	-0.43600446	0.12025135	-0.5431635	0.06730813	-0.56898814	0.05957213	-0.8927011	
0	0	284	727.1385356836736	0.6894351	0.4249473	0.38178003	-0.491929	0.21219003	-0.44708422	0.12480493	-0.551931	0.0698904	-0.6110606	0.06357248	-0.8275664	
0	0	285	729.6988826403062	0.68282133	0.43133485	0.38831198	-0.49565488	0.2174691	-0.45021802	0.12918553	-0.5447139	0.074383385	-0.6275882	0.064843416	-0.7738225	
0	0	286	732.2592295969388	0.6764677	0.43754402	0.39536303	-0.49492264	0.22242968	-0.44203296	0.13205169	-0.52699375	0.078778446	-0.60739833	0.06513507	-0.74843526	
0	0	287	734.8195765535716	0.67063105	0.44281986	0.4021237	-0.49058557	0.22540401	-0.427574	0.13299349	-0.50993043	0.08115491	-0.56693196	0.066349424	-0.736475	
0	0	288	737.3799235102042	0.66551596	0.44755492	0.4083786	-0.48428962	0.22626723	-0.41541356	0.13282232	-0.5025529	0.08113853	-0.5312479	0.06847895	-0.7079999	
0	0	289	739.9402704668369	0.66056925	0.4520399	0.41441178	-0.4769016	0.22644678	-0.41070023	0.13291137	-0.5063191	0.079895034	-0.51858485	0.0698164	-0.6524021	
0	0	290	742.5006174234694	0.6552017	0.45505083	0.42050067	-0.46808228	0.22769292	-0.41150308	0.13427481	-0.5154409	0.07927589	-0.53258187	0.06881453	-0.58540237	
0	0	291	745.0609643801022	0.6500879	0.45455506	0.42654347	-0.45703503	0.23072083	-0.41060248	0.13716438	-0.5215016	0.08087158	-0.55942905	0.06545709	-0.5349615	
0	0	292	747.6213113367348	0.6472075	0.45027953	0.43210018	-0.44345096	0.23468222	-0.40122876	0.1411754	-0.51744777	0.085178874	-0.57344455	0.061407194	-0.52435076	
0	0	293	750.1816582933675	0.64814746	0.44519353	0.4366877	-0.42780188	0.23777995	-0.38214147	0.14541139	-0.49936292	0.09112197	-0.5528421	0.05894451	-0.5522055	
0	0	294	752.74200525	0.6522485	0.44377798	0.44000226	-0.41099644	0.23853852	-0.35824162	0.14864758	-0.46766564	0.09633057	-0.4931161	0.0591777	-0.5863786	
0	0	295	755.3023522066328	0.656462	0.44813743	0.4419242	-0.39396578	0.23679233	-0.33712208	0.14975229	-0.4277361	0.098203905	-0.408446	0.061406735	-0.5947358	
0	0	296	757.8626991632655	0.6576623	0.45544338	0.4424296	-0.37756866	0.23373957	-0.3243501	0.14827809	-0.38829607	0.09538322	-0.32623276	0.06442412	-0.5683686	
0	0	297	760.4230461198981	0.6557325	0.46004653	0.44157323	-0.36270863	0.23108087	-0.32004493	0.14470345	-0.35781154	0.088879794	-0.279804	0.06744702	-0.507579	
0	0	298	762.9833930765307	0.6538606	0.4589481	0.43955794	-0.35033733	0.22981237	-0.31896284	0.1401051	-0.3413252	0.08207832	-0.29573134	0.069599286	-0.40877548	
0	0	299	765.5437400331633	0.65542936	0.45489398	0.43677303	-0.34122935	0.22953933	-0.31479603	0.13559759	-0.33929798	0.07921376	-0.36708635	0.069154724	-0.27010122	
0	0	300	768.1040869897961	0.660779	0.45407823	0.43372068	-0.33570984	0.22888975	-0.30544245	0.13191864	-0.34848705	0.082262605	-0.43752086	0.063877806	-0.10628026	
0	0	301	770.6644339464286	0.66651297	0.46065813	0.43086776	-0.33356667	0.22669089	-0.29465503	0.12931252	-0.36423758	0.0889035	-0.45239174	0.052895036	0.0364435	
0	0	302	773.2247809030613	0.6681286	0.4725519	0.42852038	-0.33421728	0.22295995	-0.28915933	0.12769242	-0.3827543	0.09464425	-0.40885264	0.038686994	0.059753332	
0	0	303	775.785127859694	0.66428876	0.4829187	0.42679185	-0.33702317	0.21897815	-0.29359373	0.12689237	-0.40172318	0.09622252	-0.3377955	0.028063351	-0.2103392	
0	0	304	778.3454748163267	0.65808195	0.4866822	0.42567652	-0.34155884	0.21638064	-0.30660918	0.12678109	-0.41950983	0.093191184	-0.27482164	0.029928327	-0.66199857	
0	0	305	780.9058217729593	0.6536188	0.48502436	0.42517227	-0.3476596	0.21594702	-0.32144305	0.12721765	-0.43452165	0.08750839	-0.24575885	0.040880404	-0.8280791	
0	0	306	783.4661687295919	0.6521375	0.4834531	0.42536187	-0.3552398	0.2170903	-0.33101732	0.12798393	-0.4453751	0.08191831	-0.25843784	0.052357145	-0.7788614	
0	0	307	786.0265156862246	0.6512247	0.48618084	0.42639706	-0.3640419	0.21837729	-0.33287936	0.12876701	-0.45142204	0.07823955	-0.30028883	0.06022106	-0.64445364	
0	0	308	788.5868626428573	0.6473343	0.49205956	0.42839888	-0.37352726	0.21852502	-0.3301573	0.12918937	-0.45330173	0.07659728	-0.35013673	0.06251913	-0.4867815	
0	0	309	791.1472095994899	0.6393589	0.4956807	0.43135247	-0.38302067	0.21718948	-0.329059	0.12890162	-0.45347595	0.07612268	-0.3971307	0.058931258	-0.35003635	
0	0	310	793.7075565561225	0.6297139	0.49252117	0.43508676	-0.39203852	0.21515691	-0.3348937	0.127767	-0.45637903	0.0763172	-0.44390085	0.05116214	-0.283487	
0	0	311	796.2679035127552	0.6220093	0.48285818	0.43938538	-0.40054703	0.21380456	-0.34854186	0.12608258	-0.4674124	0.0775898	-0.49222377	0.042971756	-0.34398806	
0	0	312	798.828250469388	0.61811495	0.47118038	0.44416666	-0.40890288	0.21414155	-0.36582437	0.1246707	-0.49023435	0.080455564	-0.5318255	0.039211128	-0.54162115	
0	0	313	801.3885974260205	0.61704063	0.46247554	0.44959766	-0.41745326	0.21616805	-0.38073117	0.12464173	-0.5230265	0.08443919	-0.5477888	0.042262662	-0.74917096	
0	0	314	803.9489443826532	0.6159177	0.4585514	0.45603892	-0.42604855	0.21902297	-0.3897497	0.12678307	-0.5568611	0.08800651	-0.5356603	0.049504474	-0.8488234	
0	0	315	806.5092913392858	0.6122195	0.45694092	0.46382567	-0.4337988	0.22169644	-0.3937239	0.13091318	-0.57993394	0.08943517	-0.50635093	0.057072952	-0.8535821	
0	0	316	809.0696382959184	0.6056102	0.45298362	0.47298962	-0.43929744	0.22376856	-0.39642113	0.1358143	-0.58562475	0.087937385	-0.48312232	0.06247667	-0.8124527	
0	0	317	811.6299852525511	0.59800434	0.44322821	0.48309448	-0.44128668	0.22569415	-0.40109494	0.13996175	-0.5767257	0.08476558	-0.49387872	0.06478344	-0.7681022	
0	0	318	814.1903322091838	0.59205854	0.42751548	0.49334985	-0.43939543	0.22835012	-0.407412	0.14251639	-0.5624726	0.08327959	-0.5479808	0.06495375	-0.7537121	
0	0	319	816.7506791658165	0.5895416	0.40861475	0.5030001	-0.43437243	0.2321537	-0.41160676	0.14377742	-0.5518419	0.08622775	-0.61115396	0.065498754	-0.7767125	
0	0	320	819.311026122449	0.5906607	0.39024857	0.5117172	-0.42755827	0.23660363	-0.4100158	0.14475313	-0.548235	0.09265777	-0.6372511	0.06821037	-0.8082155	
0	0	321	821.8713730790818	0.59438115	0.37518886	0.51968163	-0.41997948	0.24067779	-0.40231857	0.14631142	-0.5489872	0.099203415	-0.6172225	0.07254182	-0.8162007	
0	0	322	824.4317200357144	0.5991375	0.36444515	0.5272811	-0.41173118	0.24365166	-0.39164412	0.14869073	-0.54924536	0.10306392	-0.5713787	0.076797776	-0.7948832	
0	0	323	826.9920669923471	0.6034528	0.3573406	0.5346389	-0.40207547	0.24567255	-0.38194877	0.15167645	-0.5459522	0.10335801	-0.5280206	0.07968039	-0.7560734	
0	0	324	829.5524139489796	0.6064347	0.35195866	0.5413072	-0.39026028	0.24762061	-0.37452784	0.15507203	-0.53814584	0.10163337	-0.5118629	0.0808379	-0.71517634	
0	0	325	832.1127609056124	0.6081796	0.34599	0.54644465	-0.3765142	0.25018996	-0.36650294	0.15881878	-0.5242732	0.1011853	-0.52609855	0.080847576	-0.68202806	
0	0	326	834.673107862245	0.60975945	0.3380337	0.54942757	-0.36230615	0.25298533	-0.35368836	0.16255046	-0.5012218	0.10397824	-0.5430017	0.080384724	-0.65553254	
0	0	327	837.2334548188777	0.61250967	0.32856694	0.55034953	-0.34954202	0.2547246	-0.33528265	0.16525017	-0.46752352	0.10863565	-0.5354067	0.07940414	-0.63302815	
0	0	328	839.7938017755102	0.61706257	0.31959948	0.5499506	-0.33946192	0.25435892	-0.31514665	0.16563764	-0.42676973	0.11254793	-0.5024771	0.077819414	-0.62098825	
0	0	329	842.354148732143	0.62290335	0.31321186	0.5491275	-0.3321364	0.251927	-0.29912826	0.1629663	-0.3877572	0.114162825	-0.45802394	0.0764732	-0.6291321	
0	0	330	844.9144956887757	0.6287374	0.31014904	0.54846287	-0.3267458	0.2485494	-0.29142803	0.15767512	-0.36208108	0.11327856	-0.41625538	0.07714041	-0.65344524	
0	0	331	847.4748426454083	0.6333582	0.3094529	0.54804564	-0.32227835	0.24574535	-0.29210562	0.15158087	-0.35938206	0.110557675	-0.38743117	0.081039935	-0.66275775	
0	0	332	850.0351896020409	0.63638383	0.30931404	0.54761416	-0.31817156	0.24452354	-0.29699934	0.14724825	-0.37988037	0.10705053	-0.3774315	0.08661881	-0.6217146	
0	0	333	852.5955365586735	0.6382872	0.308405	0.5468703	-0.31451422	0.24481562	-0.30055964	0.14643517	-0.4098406	0.10390913	-0.38789552	0.090131044	-0.5305446	
0	0	334	855.1558835153063	0.6397527	0.30655006	0.5457247	-0.31178844	0.2456753	-0.29965225	0.14871871	-0.4300295	0.10228201	-0.41492528	0.08897314	-0.42058775	
0	0	335	857.7162304719388	0.64104617	0.3042421	0.54433846	-0.31044966	0.24606252	-0.29513842	0.15189774	-0.4312374	0.10302909	-0.44621438	0.083410606	-0.32870814	
0	0	336	860.2765774285715	0.64199793	0.3016721	0.5430038	-0.3106601	0.24555568	-0.29035655	0.15379357	-0.4185353	0.106001325	-0.46313494	0.075980976	-0.28460366	
0	0	337	862.8369243852042	0.6425286	0.2983483	0.542002	-0.31227872	0.24449545	-0.2883114	0.15360558	-0.40368563	0.10953966	-0.45238817	0.07019873	-0.29690227	
0	0	338	865.3972713418369	0.6430931	0.2937163	0.5415413	-0.31498933	0.24358661	-0.2897632	0.15201145	-0.39657235	0.11111805	-0.41681775	0.068407364	-0.33178475	
0	0	339	867.9576182984695	0.6444994	0.28814554	0.5417671	-0.3183832	0.24337062	-0.29322407	0.15041475	-0.4003556	0.10889026	-0.37539938	0.06954268	-0.33481023	
0	0	340	870.5179652551021	0.647172	0.28321102	0.5427663	-0.32193562	0.24395484	-0.29632527	0.14997478	-0.41071343	0.103091754	-0.3566478	0.070063904	-0.28990173	
0	0	341	873.0783122117348	0.6505019	0.28075838	0.544503	-0.32498986	0.24506955	-0.2972463	0.15090646	-0.41944748	0.096622005	-0.3873864	0.06710764	-0.22824928	
0	0	342	875.6386591683676	0.6529517	0.2813467	0.54672503	-0.32691485	0.2462843	-0.29536518	0.15243568	-0.42081958	0.09409841	-0.46637285	0.06074307	-0.20820495	
0	0	343	878.1990061250001	0.6530626	0.2833737	0.5489684	-0.32745233	0.24720815	-0.29114658	0.15349177	-0.41567636	0.0982002	-0.54185206	0.055012275	-0.28721172	
0	0	344	880.7593530816328	0.65067625	0.28390828	0.5507542	-0.32698706	0.24759793	-0.28568876	0.15361485	-0.4097656	0.106283836	-0.56001556	0.055593073	-0.4295605	
0	0	345	883.3197000382654	0.64719653	0.28083086	0.5518777	-0.3264009	0.24737947	-0.2802942	0.15326615	-0.40810123	0.11292368	-0.5215229	0.06250302	-0.5032263	
0	0	346	885.8800469948982	0.6445052	0.27442247	0.5525351	-0.32654	0.24663182	-0.27621156	0.15327756	-0.4106187	0.11471314	-0.46089983	0.07023723	-0.47637463	
0	0	347	888.4403939515307	0.6435396	0.26694554	0.5531787	-0.32771713	0.2455738	-0.27444467	0.1540438	-0.4128533	0.111907735	-0.4126634	0.074766845	-0.40099722	
0	0	348	891.0007409081634	0.64374816	0.26070604	0.55423754	-0.3295822	0.24454053	-0.27547804	0.15522175	-0.4103865	0.10725527	-0.39669943	0.07541176	-0.32490075	
0	0	349	893.561087864796	0.64371496	0.25625664	0.55588764	-0.33135626	0.24390613	-0.27896672	0.15607797	-0.4024549	0.10390024	-0.41157857	0.0736556	-0.27417046	
0	0	350	896.1214348214287	0.64242846	0.25207114	0.5579666	-0.33225498	0.24394827	-0.2836537	0.15606098	-0.3920784	0.10343473	-0.43570554	0.07153495	-0.25152478	
0	0	351	898.6817817780613	0.64022505	0.24598396	0.5600581	-0.33190578	0.24471194	-0.28774914	0.1551505	-0.38364688	0.105046615	-0.4450573	0.06998282	-0.24015275	
0	0	352	901.242128734694	0.6385114	0.23728836	0.56171936	-0.33055037	0.24596387	-0.289696	0.15380433	-0.38008133	0.10656277	-0.43346092	0.068145975	-0.22588992	
0	0	353	903.8024756913267	0.638431	0.22748974	0.56273484	-0.32888922	0.24729007	-0.28889063	0.15259479	-0.3813387	0.10643798	-0.41294488	0.06475433	-0.22091958	
0	0	354	906.3628226479592	0.63978976	0.21889782	0.5632337	-0.32764146	0.24828841	-0.28588626	0.15184084	-0.38517943	0.10482054	-0.39955002	0.06033709	-0.26022226	
0	0	355	908.923169604592	0.6412598	0.21244949	0.5635866	-0.32710704	0.24873576	-0.2820052	0.15152778	-0.38928208	0.103013046	-0.40050557	0.05792914	-0.36458182	
0	0	356	911.4835165612246	0.64164907	0.20681167	0.56416273	-0.3270028	0.24864584	-0.27871755	0.1515009	-0.39256206	0.10217237	-0.41090816	0.06072121	-0.4873091	
0	0	357	914.0438635178573	0.6411322	0.19958782	0.56509876	-0.3266461	0.2482349	-0.27713525	0.15165965	-0.39480764	0.102491274	-0.42043814	0.06816978	-0.54615176	
0	0	358	916.6042104744898	0.6412856	0.18971105	0.56620646	-0.32537344	0.24784526	-0.2776507	0.15196854	-0.39573994	0.10336083	-0.42280877	0.076162174	-0.5193711	
0	0	359	919.1645574311226	0.64371943	0.1788905	0.56707734	-0.32294956	0.24782303	-0.27967513	0.15235189	-0.3948365	0.104090616	-0.41905925	0.08048471	-0.44082	
0	0	360	921.7249043877553	0.6484604	0.17050576	0.56732935	-0.31971523	0.24833724	-0.28174537	0.152659	-0.39199674	0.10445122	-0.413849	0.079293765	-0.3586963	
0	0	361	924.2852513443879	0.6536112	0.16668858	0.566836	-0.3163495	0.24924918	-0.2823055	0.1527739	-0.3879669	0.10466221	-0.41030973	0.073950164	-0.31808954	
0	0	362	926.8455983010205	0.65677416	0.16622342	0.56577176	-0.31342658	0.25019327	-0.28073174	0.15273184	-0.3836935	0.10502872	-0.40812343	0.06817854	-0.34718353	
0	0	363	929.4059452576532	0.65712726	0.16532014	0.5644537	-0.311083	0.25083932	-0.2776619	0.15266706	-0.3792619	0.10566707	-0.4050144	0.06585408	-0.43221802	
0	0	364	931.9662922142859	0.6562343	0.16070122	0.5631094	-0.30900803	0.25111577	-0.2743481	0.15262963	-0.373744	0.10649004	-0.3988378	0.06826664	-0.51344705	
0	0	365	934.5266391709185	0.65680015	0.1523131	0.56172836	-0.3067261	0.25122353	-0.27159384	0.15247226	-0.36626005	0.10730286	-0.38840342	0.0733433	-0.5426824	
0	0	366	937.0869861275511	0.6605388	0.14341569	0.5600845	-0.3039657	0.25142953	-0.2690371	0.15194473	-0.3572691	0.1078604	-0.37350795	0.07790082	-0.5200864	
0	0	367	939.6473330841837	0.66686904	0.1380785	0.55789685	-0.30087274	0.25177693	-0.2654007	0.15094472	-0.34869203	0.1079029	-0.35512197	0.079872966	-0.47096002	
0	0	368	942.2076800408165	0.673339	0.13805287	0.55502045	-0.2979513	0.25196564	-0.25967452	0.14966728	-0.34232134	0.10724387	-0.33559114	0.078894526	-0.42112455	
0	0	369	944.768026997449	0.6775462	0.1415135	0.5515447	-0.29578993	0.25154266	-0.25219843	0.14842755	-0.33802655	0.10588708	-0.31808534	0.07580187	-0.3886482	
0	0	370	947.3283739540817	0.6790141	0.1447856	0.5477523	-0.29475385	0.2502356	-0.24467067	0.14732054	-0.33399424	0.10405158	-0.30516887	0.071907796	-0.38350612	
0	0	371	949.8887209107144	0.6793046	0.14540112	0.5439762	-0.29481518	0.24815735	-0.23918578	0.14610206	-0.3289347	0.10203234	-0.2975859	0.06857683	-0.40768418	
0	0	372	952.4490678673471	0.68046695	0.14370394	0.54044104	-0.29559863	0.2457558	-0.23701131	0.14441817	-0.32407933	0.10001533	-0.2946778	0.06696993	-0.45182458	
0	0	373	955.0094148239797	0.6834532	0.14205214	0.5371761	-0.2966078	0.24354169	-0.23782733	0.14220949	-0.3231429	0.09805891	-0.2960769	0.067556635	-0.4937842	
0	0	374	957.5697617806123	0.687622	0.14278278	0.5340384	-0.29749238	0.24175952	-0.24003851	0.13996139	-0.32968476	0.09625568	-0.3024199	0.06960452	-0.5105004	
0	0	375	960.130108737245	0.691378	0.14651981	0.5308241	-0.29821	0.24026008	-0.24210368	0.13847758	-0.34346756	0.09484706	-0.3138276	0.071458474	-0.4954633	
0	0	376	962.6904556938778	0.6933952	0.15184689	0.5273962	-0.29900745	0.23869565	-0.24379629	0.13828833	-0.35956013	0.09409595	-0.32777542	0.071601376	-0.461605	
0	0	377	965.2508026505103	0.6935757	0.15642847	0.52376205	-0.30025306	0.23686734	-0.24630626	0.13927326	-0.37161973	0.09400054	-0.33947378	0.06957706	-0.43209785	
0	0	378	967.811149607143	0.69306713	0.15866475	0.5200689	-0.3022296	0.2349407	-0.25118306	0.14080076	-0.37586752	0.09418029	-0.34554914	0.066296935	-0.4305068	
0	0	379	970.3714965637756	0.6934459	0.1587083	0.51653224	-0.30498415	0.2333812	-0.25892818	0.14212628	-0.37237486	0.09414579	-0.34735516	0.06377433	-0.46813095	
0	0	380	972.9318435204084	0.69572896	0.1583272	0.51333845	-0.30829993	0.23265065	-0.2681909	0.14271514	-0.36392236	0.093736365	-0.35005116	0.06404909	-0.5261191	
0	0	381	975.4921904770409	0.6997688	0.15988927	0.51056784	-0.31178644	0.2328546	-0.2762464	0.1423594	-0.35418501	0.093298495	-0.35794035	0.06739036	-0.560329	
0	0	382	978.0525374336736	0.70422417	0.16504025	0.50816435	-0.3150404	0.23358697	-0.2806173	0.14112091	-0.3465159	0.09339429	-0.36996174	0.07169218	-0.54311335	
0	0	383	980.6128843903062	0.70714116	0.1736362	0.5059603	-0.31781667	0.23410949	-0.28075027	0.13923663	-0.34365606	0.09425912	-0.37984067	0.07405506	-0.48385027	
0	0	384	983.173231346939	0.7070232	0.18351524	0.5037515	-0.32014903	0.2337763	-0.27854586	0.13709511	-0.3476648	0.09552754	-0.3815415	0.07267244	-0.41400304	
0	0	385	985.7335783035716	0.70384926	0.19151266	0.50140256	-0.32235247	0.232436	-0.27737907	0.13522643	-0.35917696	0.096495055	-0.3743999	0.06780786	-0.373078	
0	0	386	988.2939252602042	0.6991834	0.19530684	0.49893385	-0.32487208	0.23054554	-0.28019863	0.13415898	-0.376311	0.09661566	-0.36331475	0.061990656	-0.39860922	
0	0	387	990.8542722168369	0.6951653	0.19473426	0.49653274	-0.32802635	0.22890927	-0.28778875	0.13416256	-0.3948346	0.09582295	-0.35551068	0.05916901	-0.495569	
0	0	388	993.4146191734694	0.69324964	0.19157857	0.4944638	-0.33178386	0.22820197	-0.2982836	0.13510515	-0.4101678	0.09455117	-0.35675874	0.061782036	-0.6011865	
0	0	389	995.9749661301022	0.69363576	0.18823017	0.49291992	-0.3357266	0.22858445	-0.30836806	0.13655238	-0.4195654	0.0934963	-0.36823693	0.06815074	-0.645263	
0	0	390	998.5353130867348	0.69553304	0.18634327	0.49190047	-0.33925024	0.2296611	-0.31539285	0.1379965	-0.42287815	0.09321001	-0.38546506	0.07457917	-0.62372714	
0	0	391	1001.0956600433675	0.69788414	0.18627843	0.49119857	-0.34190747	0.23078911	-0.31885564	0.13906385	-0.42197388	0.09376046	-0.40097883	0.07855346	-0.5690767	
0	0	392	1003.656007	0.70001876	0.18750085	0.49052292	-0.3436813	0.23150255	-0.32029143	0.13963373	-0.41951725	0.09470685	-0.40914753	0.07960734	-0.5124642	
0	0	393	1006.2163539566328	0.7017839	0.18944055	0.48968852	-0.3449774	0.23176102	-0.32191184	0.13983366	-0.41764766	0.09535669	-0.40936196	0.07876023	-0.47193056	
0	0	394	1008.7767009132655	0.7031491	0.1919486	0.48874247	-0.34630847	0.23189224	-0.3250976	0.13991763	-0.417118	0.09512361	-0.4065103	0.07742699	-0.44992915	
0	0	395	1011.3370478698981	0.7038242	0.19493742	0.48792437	-0.34787184	0.23232526	-0.32966122	0.14010961	-0.4172249	0.09391047	-0.40949532	0.076362945	-0.43748254	
0	0	396	1013.8973948265307	0.7034052	0.19770454	0.4874745	-0.34931746	0.23331928	-0.33410454	0.14048696	-0.4163289	0.09240466	-0.42687804	0.07537455	-0.426091	
0	0	397	1016.4577417831634	0.7020006	0.19883674	0.48740548	-0.34990028	0.2348213	-0.3364803	0.14091745	-0.41272748	0.09190739	-0.45881957	0.0740129	-0.4165736	
0	0	398	1019.0180887397961	0.70070803	0.19713515	0.48739716	-0.34897363	0.23646806	-0.3353345	0.14107803	-0.40579817	0.093394116	-0.4916462	0.072361544	-0.4150202	
0	0	399	1021.5784356964288	0.7012726	0.19298081	0.4869126	-0.3465291	0.23769586	-0.33043146	0.14060596	-0.39690828	0.09643972	-0.5063148	0.07098538	-0.42225724	
0	0	400	1024.1387826530613	0.70494443	0.1888705	0.48549137	-0.3434089	0.23794322	-0.32312217	0.1393343	-0.38927123	0.099254616	-0.4950951	0.07018718	-0.43005463	
0	0	401	1026.699129609694	0.711293	0.1883074	0.48304898	-0.34101582	0.23691286	-0.31616718	0.13744724	-0.38661203	0.09991935	-0.46765703	0.069492154	-0.4295149	
0	0	402	1029.2594765663266	0.7179281	0.19340912	0.47999677	-0.3406496	0.23478608	-0.31286702	0.1354449	-0.39137754	0.09776097	-0.44500437	0.06799859	-0.4227981	
0	0	403	1031.8198235229593	0.7218249	0.20284458	0.4770919	-0.34279314	0.23224668	-0.31564862	0.1339377	-0.4033548	0.09404977	-0.4487545	0.06535882	-0.42569923	
0	0	404	1034.380170479592	0.72175455	0.21226683	0.4750726	-0.34675485	0.2302353	-0.32463807	0.133367	-0.41956365	0.09153296	-0.48537016	0.06252544	-0.45610288	
0	0	405	1036.9405174362246	0.7196	0.2176789	0.47426414	-0.35094047	0.22949477	-0.33714393	0.1338315	-0.4358707	0.092452556	-0.5319473	0.06122807	-0.51175386	
0	0	406	1039.5008643928572	0.71888417	0.21897914	0.47438943	-0.353694	0.23014301	-0.3489	0.13516167	-0.44897592	0.09624058	-0.5521102	0.06221631	-0.5635619	
0	0	407	1042.06121134949	0.721688	0.22038864	0.47471783	-0.35422415	0.23160943	-0.35666406	0.13710205	-0.4567611	0.09984362	-0.53351396	0.06441885	-0.58576834	
0	0	408	1044.6215583061226	0.72646767	0.22704026	0.47448343	-0.353025	0.23306188	-0.36010963	0.13932016	-0.4575013	0.10053761	-0.49455982	0.066145815	-0.5795891	
0	0	409	1047.1819052627552	0.72875106	0.23996346	0.4733204	-0.35152298	0.23399125	-0.36131105	0.1412471	-0.4502722	0.098027915	-0.46441707	0.06654643	-0.5631715	
0	0	410	1049.7422522193879	0.7250721	0.25397328	0.47143784	-0.35118917	0.23443715	-0.3625312	0.14210154	-0.43715024	0.09442272	-0.46323636	0.06600043	-0.5523895	
0	0	411	1052.3025991760205	0.71681803	0.2615915	0.46942642	-0.3526988	0.23471317	-0.36451253	0.14137161	-0.42463782	0.09247491	-0.4867079	0.06534751	-0.54794246	
0	0	412	1054.8629461326532	0.7095306	0.25977895	0.46785164	-0.35566968	0.23497905	-0.366651	0.13943025	-0.42112383	0.09307991	-0.506952	0.06462385	-0.53941137	
0	0	413	1057.4232930892858	0.70836294	0.25305435	0.46692252	-0.35909858	0.23509866	-0.36852622	0.13753489	-0.43093738	0.0943378	-0.5025027	0.062870696	-0.5261106	
0	0	414	1059.9836400459185	0.7139232	0.2504448	0.46644118	-0.3621394	0.23490088	-0.3710341	0.13700983	-0.44995418	0.09362873	-0.4818865	0.059477333	-0.5303226	
0	0	415	1062.5439870025511	0.7212909	0.25847277	0.46603158	-0.36465117	0.23454973	-0.37580922	0.13826339	-0.46767256	0.09029506	-0.47389552	0.05574193	-0.58735216	
0	0	416	1065.1043339591838	0.7233202	0.2754032	0.46545547	-0.36717358	0.23459467	-0.3833618	0.14044881	-0.47516215	0.086375736	-0.5042533	0.05498136	-0.7022058	
0	0	417	1067.6646809158165	0.7165103	0.29204613	0.46478742	-0.37041444	0.23556639	-0.39180923	0.14207608	-0.47196653	0.085161135	-0.5707365	0.05948652	-0.8057753	
0	0	418	1070.2250278724491	0.70407003	0.29879937	0.46434432	-0.37467748	0.23746343	-0.3978034	0.14215139	-0.46613523	0.088302806	-0.6353062	0.06725218	-0.82823175	
0	0	419	1072.7853748290818	0.693231	0.29270047	0.46444878	-0.37962124	0.2396333	-0.39908803	0.1409863	-0.4680677	0.094075106	-0.6622716	0.07389733	-0.7744198	
0	0	420	1075.3457217857147	0.6900008	0.27938363	0.46520454	-0.38448668	0.24120422	-0.3963708	0.14001296	-0.4823595	0.09927828	-0.6533285	0.076022334	-0.6888777	
0	0	421	1077.906068742347	0.6953708	0.26921895	0.46643516	-0.38859233	0.2417291	-0.39283705	0.14063345	-0.5031518	0.102261834	-0.63312477	0.072999656	-0.62552917	
0	0	422	1080.4664156989797	0.7047781	0.27006072	0.46780723	-0.39173704	0.24149504	-0.3917313	0.14298455	-0.5185257	0.10380866	-0.6214395	0.06789729	-0.63426566	
0	0	423	1083.0267626556124	0.7113066	0.28187254	0.46903583	-0.39425248	0.24122167	-0.3940132	0.14580184	-0.5212171	0.10568901	-0.6183684	0.06611717	-0.7176618	
0	0	424	1085.587109612245	0.7106714	0.29771397	0.47002897	-0.39674142	0.24142696	-0.39808738	0.14752045	-0.51426023	0.10845498	-0.6085252	0.07042008	-0.7983638	
0	0	425	1088.1474565688777	0.7037401	0.3096349	0.4708999	-0.3997266	0.24205287	-0.40176737	0.14750795	-0.50742704	0.11057786	-0.5811121	0.078130364	-0.8091927	
0	0	426	1090.7078035255104	0.6946957	0.31392214	0.47187847	-0.403419	0.24266325	-0.40452826	0.14648424	-0.50975287	0.10986239	-0.5447635	0.08466497	-0.7552144	
0	0	427	1093.268150482143	0.6873872	0.31218362	0.47319067	-0.40767685	0.24298914	-0.40795285	0.14594582	-0.52294546	0.10574512	-0.52411616	0.086847216	-0.6739004	
0	0	428	1095.8284974387755	0.68300635	0.30876783	0.47496784	-0.41212073	0.24331334	-0.41404924	0.14695902	-0.5397692	0.10040843	-0.5439975	0.08416965	-0.60832566	
0	0	429	1098.3888443954083	0.6800903	0.30698726	0.47721177	-0.41632125	0.2443285	-0.42295077	0.14927557	-0.550474	0.09765481	-0.605927	0.07925988	-0.59433055	
0	0	430	1100.949191352041	0.6763324	0.30672273	0.4798226	-0.41997305	0.24656743	-0.43217173	0.15165365	-0.55155504	0.09977391	-0.6747268	0.07626338	-0.6340388	
0	0	431	1103.5095383086737	0.6708685	0.30500966	0.48266694	-0.42297262	0.24993193	-0.43829164	0.15299258	-0.5478099	0.105157085	-0.71028686	0.07721646	-0.6850445	
0	0	432	1106.0698852653063	0.66521794	0.299155	0.48565018	-0.42537633	0.2537597	-0.43945214	0.15323338	-0.54778755	0.10990491	-0.7085949	0.08063332	-0.7065761	
0	0	433	1108.630232221939	0.66198915	0.28974494	0.48875025	-0.42726138	0.25732476	-0.43632418	0.15350126	-0.55700886	0.111472085	-0.69676054	0.08388076	-0.6957077	
0	0	434	1111.1905791785716	0.66250825	0.28081435	0.49198774	-0.4285811	0.2603092	-0.43101656	0.15533634	-0.5721364	0.11084257	-0.70628744	0.08555417	-0.67192596	
0	0	435	1113.7509261352043	0.6653881	0.27692005	0.49534482	-0.42912674	0.2628803	-0.4251405	0.15931071	-0.58177537	0.11191464	-0.7451	0.08605632	-0.6528576	
0	0	436	1116.3112730918367	0.6671713	0.27942574	0.49868593	-0.42864546	0.26534057	-0.41865847	0.16429944	-0.5760286	0.11777854	-0.7814029	0.086612575	-0.6393223	
0	0	437	1118.8716200484696	0.664831	0.28501207	0.5017497	-0.42706963	0.26768157	-0.4104919	0.16825539	-0.55464995	0.12682684	-0.775013	0.087459445	-0.6182443	
0	0	438	1121.4319670051023	0.65828705	0.28801867	0.50423837	-0.4246991	0.26950207	-0.40031788	0.16962014	-0.52639174	0.13392341	-0.72218895	0.08735581	-0.5838696	
0	0	439	1123.9923139617347	0.6504608	0.2849632	0.50596786	-0.42219388	0.27042028	-0.38962877	0.16831183	-0.5035147	0.13513337	-0.6517033	0.08517962	-0.54947937	
0	0	440	1126.5526609183676	0.64468515	0.27722526	0.50698024	-0.42034277	0.2705548	-0.38078502	0.16585061	-0.4947695	0.1306678	-0.59945863	0.08154222	-0.53686506	
0	0	441	1129.113007875	0.6419755	0.26951137	0.50753796	-0.41974553	0.27053952	-0.37492955	0.16428429	-0.49914002	0.1244827	-0.58938575	0.078613766	-0.5541491	
0	0	442	1131.6733548316329	0.64044005	0.26555604	0.50801027	-0.42061338	0.27101758	-0.37081122	0.16458128	-0.50718963	0.12155716	-0.61589706	0.07801709	-0.5804788	
0	0	443	1134.2337017882655	0.637182	0.26482752	0.508743	-0.4227811	0.272082	-0.3657425	0.16620874	-0.5102523	0.124004215	-0.6404459	0.07890997	-0.5861092	
0	0	444	1136.794048744898	0.6310672	0.26319185	0.5099892	-0.42583668	0.2731737	-0.35789746	0.1680877	-0.5062237	0.1291149	-0.62797284	0.07890414	-0.56753117	
0	0	445	1139.3543957015308	0.6237645	0.25683978	0.5118988	-0.4292306	0.27352852	-0.3478967	0.16953065	-0.4976418	0.13220452	-0.57974833	0.07660961	-0.54970026	
0	0	446	1141.9147426581635	0.6181684	0.24566759	0.5145087	-0.43231776	0.27278164	-0.33839795	0.17043453	-0.48745695	0.13073042	-0.5214183	0.07309014	-0.56457174	
0	0	447	1144.475089614796	0.6159943	0.23324193	0.5176985	-0.43442208	0.27124444	-0.33222765	0.17094013	-0.47679573	0.12552491	-0.47962055	0.0713017	-0.6218205	
0	0	448	1147.0354365714288	0.61662084	0.22384961	0.5211491	-0.43502638	0.26968375	-0.33054185	0.17104957	-0.465628	0.11950785	-0.46856555	0.07354731	-0.6876109	
0	0	449	1149.5957835280612	0.61779433	0.2193166	0.5243905	-0.43405548	0.2688223	-0.33222792	0.17061333	-0.4547294	0.1155919	-0.48271173	0.07918221	-0.7155579	
0	0	450	1152.1561304846941	0.61744696	0.21809712	0.52698845	-0.43204522	0.26893926	-0.33482808	0.16964605	-0.4462116	0.11473395	-0.4999529	0.08558426	-0.6932353	
0	0	451	1154.7164774413268	0.6151202	0.21704374	0.5287895	-0.42997313	0.26982626	-0.33613932	0.16852644	-0.44177935	0.11547721	-0.5016528	0.09047294	-0.63605136	
0	0	452	1157.2768243979592	0.61189735	0.21400821	0.53004485	-0.428737	0.27104035	-0.33517483	0.1677694	-0.4406321	0.11565553	-0.48809105	0.092823476	-0.56399834	
0	0	453	1159.837171354592	0.6091889	0.20907202	0.53126985	-0.42858952	0.2721639	-0.3320374	0.16755305	-0.4397075	0.11428925	-0.47228956	0.09265151	-0.49208242	
0	0	454	1162.3975183112245	0.6076138	0.20379044	0.53289676	-0.4289626	0.27288827	-0.32740444	0.1675357	-0.43660164	0.11192384	-0.46669197	0.09049154	-0.42948544	
0	0	455	1164.9578652678572	0.60681415	0.19954817	0.53496224	-0.42887723	0.27300507	-0.32235414	0.16722392	-0.43205002	0.1098365	-0.4753688	0.08695992	-0.38185441	
0	0	456	1167.51821222449	0.6060649	0.19656496	0.53707373	-0.4276865	0.27247554	-0.31840584	0.16652632	-0.42917117	0.10905306	-0.49277586	0.082648	-0.35461426	
0	0	457	1170.0785591811225	0.60494655	0.19413264	0.5387078	-0.42558488	0.27156574	-0.31712046	0.16593602	-0.4301268	0.10972534	-0.50876665	0.07833405	-0.35393333	
0	0	458	1172.6389061377552	0.6035428	0.19144088	0.53962183	-0.42345938	0.27083954	-0.31911018	0.16612633	-0.43310648	0.11121063	-0.5165831	0.075132705	-0.38223794	
0	0	459	1175.199253094388	0.60222435	0.18814701	0.5400399	-0.42218143	0.2708839	-0.32323816	0.1672411	-0.43273696	0.11270963	-0.5164077	0.07419385	-0.4301838	
0	0	460	1177.7596000510205	0.6013603	0.18446414	0.5404533	-0.42192918	0.2719171	-0.32691577	0.16852003	-0.42445788	0.11381545	-0.5124966	0.07595028	-0.47540754	
0	0	461	1180.3199470076534	0.6011331	0.1810057	0.54120874	-0.42208394	0.27356157	-0.32757628	0.16870059	-0.40912077	0.11458319	-0.5087647	0.07955945	-0.4968828	
0	0	462	1182.8802939642858	0.60142356	0.1785579	0.5422165	-0.42178383	0.27499062	-0.32448304	0.16694416	-0.39375022	0.11527417	-0.50662655	0.08333402	-0.49129388	
0	0	463	1185.4406409209184	0.60174793	0.17772777	0.543021	-0.42069468	0.2754587	-0.3195371	0.16360947	-0.3880675	0.116085865	-0.50540674	0.08599626	-0.4726733	
0	0	464	1188.0009878775513	0.60135967	0.17847292	0.5431898	-0.41935375	0.27488184	-0.31614348	0.16030957	-0.39840406	0.11705886	-0.5039635	0.08766612	-0.45800397	
0	0	465	1190.5613348341838	0.59960455	0.17981453	0.5426945	-0.4187627	0.2739463	-0.31674573	0.15905212	-0.4217332	0.11816472	-0.50177336	0.089526124	-0.45173422	
0	0	466	1193.1216817908164	0.59637135	0.18011534	0.54193956	-0.41959745	0.27360293	-0.32101446	0.1608585	-0.44537672	0.11942053	-0.49860874	0.09236587	-0.44286847	
0	0	467	1195.6820287474493	0.5922834	0.17791535	0.54143673	-0.42175278	0.27438843	-0.32616207	0.1649212	-0.4556367	0.12087663	-0.49352536	0.09556404	-0.418417	
0	0	468	1198.2423757040817	0.58841974	0.17280203	0.5414519	-0.42455003	0.2760945	-0.32901454	0.16910473	-0.44778374	0.12246252	-0.4845737	0.09749091	-0.37775528	
0	0	469	1200.8027226607146	0.585739	0.16569927	0.5419094	-0.42731982	0.27797183	-0.32820278	0.1713487	-0.42806077	0.12382585	-0.4701164	0.09680449	-0.3351999	
0	0	470	1203.363069617347	0.58459336	0.1583893	0.5425708	-0.42982838	0.279296	-0.32488978	0.1709146	-0.40868914	0.124369636	-0.45119956	0.09369064	-0.31345356	
0	0	471	1205.9234165739797	0.5845939	0.15263173	0.54328954	-0.43223894	0.27987283	-0.3216251	0.16879013	-0.40088433	0.12358442	-0.43326256	0.09026937	-0.33073473	
0	0	472	1208.4837635306126	0.5848129	0.14939775	0.54411477	-0.434743	0.28010893	-0.32038894	0.1670894	-0.40838912	0.12157855	-0.4257187	0.08958994	-0.38198134	
0	0	473	1211.044110487245	0.5841633	0.14849742	0.54518056	-0.43724638	0.28065994	-0.32133445	0.16771804	-0.42414162	0.11956882	-0.4376727	0.09334055	-0.43146414	
0	0	474	1213.6044574438777	0.58182675	0.14860871	0.54652226	-0.43940312	0.28198993	-0.32290748	0.17103094	-0.43431318	0.119740985	-0.46781075	0.10008415	-0.44161642	
0	0	475	1216.1648044005103	0.5776431	0.14769042	0.54801047	-0.44091016	0.28413135	-0.32294613	0.1754961	-0.42878214	0.12372972	-0.49659264	0.106137075	-0.40661928	
0	0	476	1218.725151357143	0.57230705	0.14380606	0.5494571	-0.44173518	0.28672647	-0.31991017	0.17879152	-0.40857378	0.13075516	-0.49916482	0.10830677	-0.35066238	
0	0	477	1221.2854983137756	0.5671614	0.13614504	0.55076855	-0.4420485	0.28926703	-0.31351826	0.17952017	-0.38399503	0.1379362	-0.46709338	0.10622086	-0.30841014	
0	0	478	1223.8458452704083	0.56357646	0.1256587	0.5519801	-0.44195256	0.2913599	-0.30456927	0.17817797	-0.36671007	0.14228526	-0.4102588	0.102691285	-0.30538774	
0	0	479	1226.406192227041	0.5622295	0.114765756	0.55313945	-0.44131476	0.2928691	-0.29427245	0.17667666	-0.3617129	0.1421957	-0.3473511	0.101887815	-0.33791947	
0	0	480	1228.9665391836738	0.5627006	0.106124856	0.55417067	-0.43988958	0.2939003	-0.2835786	0.17687355	-0.36372808	0.13819522	-0.2991119	0.10611411	-0.3660736	
0	0	481	1231.5268861403063	0.56366575	0.10109862	0.5548722	-0.43759972	0.29468435	-0.27277207	0.17917408	-0.36096004	0.1330445	-0.2797997	0.11342955	-0.347247	
0	0	482	1234.087233096939	0.56369555	0.098874286	0.5550589	-0.43468088	0.29541507	-0.26138487	0.18218066	-0.34434804	0.13014928	-0.28374448	0.11895189	-0.27497303	
0	0	483	1236.6475800535716	0.5622455	0.09700473	0.5547128	-0.4315283	0.29609963	-0.24847747	0.18370488	-0.31453905	0.1306365	-0.28535846	0.11856344	-0.17467578	
0	0	484	1239.2079270102042	0.5600844	0.09321599	0.553994	-0.42836857	0.2965005	-0.23321834	0.18241785	-0.28088593	0.1324008	-0.263654	0.11144832	-0.082153045	
0	0	485	1241.768273966837	0.5587138	0.08719492	0.5530868	-0.42503536	0.2962222	-0.2154233	0.1787997	-0.25442854	0.13226923	-0.2198338	0.10007883	-0.031241478	
0	0	486	1244.3286209234695	0.5592076	0.080897935	0.55199116	-0.4210615	0.29487854	-0.19568035	0.1746616	-0.24036726	0.12855265	-0.17184302	0.08879056	-0.04597957	
0	0	487	1246.8889678801022	0.56138766	0.07709953	0.5504215	-0.41604868	0.29220417	-0.17509346	0.17174113	-0.23446412	0.12215339	-0.14071898	0.081916645	-0.1205295	
0	0	488	1249.449314836735	0.56393486	0.077325925	0.54789513	-0.4100878	0.28806642	-0.15505764	0.17039451	-0.22601236	0.115753084	-0.1355478	0.08103369	-0.20294227	
0	0	489	1252.0096617933675	0.5653256	0.08077195	0.5439756	-0.40397358	0.28247198	-0.13729782	0.16926757	-0.20658115	0.11138179	-0.14465985	0.08352577	-0.24133389	
0	0	490	1254.5700087500002	0.5648803	0.08493371	0.53855544	-0.39907995	0.27565703	-0.12386538	0.166356	-0.17758593	0.108624905	-0.14801845	0.08552031	-0.23401777	
0	0	491	1257.1303557066328	0.56315506	0.08732666	0.53203666	-0.39688143	0.2681678	-0.1166179	0.16067336	-0.1494985	0.105537646	-0.1393599	0.08520813	-0.20725663	
0	0	492	1259.6907026632655	0.5614755	0.087004095	0.52527297	-0.39827728	0.2607523	-0.1163016	0.15295826	-0.13444866	0.10084402	-0.13017254	0.08289445	-0.18175624	
0	0	493	1262.2510496198981	0.5610427	0.084963486	0.51924926	-0.403057	0.2540612	-0.12206276	0.14500277	-0.13934268	0.094968505	-0.13778672	0.07941169	-0.16499488	
0	0	494	1264.8113965765308	0.5622155	0.08330923	0.51463956	-0.40988427	0.24838552	-0.13196187	0.13857052	-0.16277272	0.08953536	-0.17249885	0.075143375	-0.15926358	
0	0	495	1267.3717435331635	0.56439286	0.0837663	0.51149166	-0.41692024	0.2436254	-0.1441769	0.13459495	-0.19538876	0.08622066	-0.22916505	0.07022259	-0.1729637	
0	0	496	1269.9320904897959	0.56655186	0.08659662	0.50923795	-0.42280382	0.23950452	-0.1580545	0.13271399	-0.22473215	0.08567607	-0.287474	0.06565124	-0.2240549	
0	0	497	1272.4924374464288	0.5680209	0.09073253	0.50707513	-0.4273882	0.23590407	-0.17416975	0.1314404	-0.24460442	0.086967535	-0.32568184	0.06406509	-0.3114298	
0	0	498	1275.0527844030614	0.568846	0.094896235	0.50450957	-0.43166602	0.2330479	-0.19306369	0.12943971	-0.26128545	0.088072546	-0.33913776	0.066773236	-0.3766327	
0	0	499	1277.613131359694	0.56950074	0.098624125	0.50165784	-0.4368556	0.23128608	-0.2137587	0.12700924	-0.28659844	0.08750606	-0.34408286	0.070595235	-0.3740283	
0	0	500	1280.1734783163267	0.57030517	0.10235358	0.49904373	-0.44339886	0.23068509	-0.23399775	0.12574494	-0.32311225	0.08558026	-0.3627111	0.0717139	-0.32428166	
0	0	501	1282.7338252729594	0.5711255	0.10667641	0.49710923	-0.45072466	0.23093636	-0.2519584	0.12667514	-0.35983545	0.08400397	-0.40652242	0.068772726	-0.2680879	
0	0	502	1285.294172229592	0.571583	0.11160804	0.49588782	-0.45783615	0.2316294	-0.26725087	0.1291682	-0.383356	0.08474695	-0.46770468	0.06259821	-0.24656028	
0	0	503	1287.8545191862247	0.5714774	0.11659583	0.49505442	-0.46409816	0.23251471	-0.2804255	0.1314661	-0.3901748	0.08882418	-0.51914513	0.05604875	-0.29821983	
0	0	504	1290.4148661428571	0.57094556	0.1211379	0.49422675	-0.46958765	0.2335246	-0.29196382	0.13205783	-0.3890381	0.09514704	-0.5324545	0.052974723	-0.4178281	
0	0	505	1292.97521309949	0.5702147	0.12524039	0.4932476	-0.4748369	0.23460747	-0.301879	0.13088775	-0.39444888	0.100764535	-0.50180835	0.05442699	-0.5305695	
0	0	506	1295.5355600561227	0.5692814	0.1291929	0.49223638	-0.48028183	0.23560533	-0.3102517	0.12954551	-0.4159306	0.102724805	-0.44563195	0.05773269	-0.58990794	
0	0	507	1298.0959070127553	0.5679175	0.13294792	0.4914129	-0.48590744	0.23635939	-0.31792143	0.13008776	-0.448956	0.09983991	-0.39441803	0.06063675	-0.6161635	
0	0	508	1300.656253969388	0.56602645	0.13587843	0.4908893	-0.4913317	0.2369488	-0.32623997	0.13328858	-0.47683972	0.09351234	-0.38245752	0.06324009	-0.63599765	
0	0	509	1303.2166009260204	0.56394196	0.1372829	0.49060395	-0.49614674	0.2377666	-0.33578962	0.13788405	-0.4850119	0.08782628	-0.43415377	0.06664255	-0.64721936	
0	0	510	1305.7769478826533	0.56230724	0.13715367	0.49040535	-0.50015837	0.23924255	-0.34522226	0.14150663	-0.47280905	0.0875899	-0.5272279	0.07064186	-0.62882906	
0	0	511	1308.337294839286	0.5616259	0.13644323	0.49016252	-0.50337887	0.24137191	-0.35172755	0.14241354	-0.45250535	0.09350063	-0.5915213	0.07317967	-0.57667476	
0	0	512	1310.8976417959184	0.56186897	0.13656375	0.48980042	-0.50588846	0.2435061	-0.35331282	0.14069578	-0.44053915	0.10105027	-0.59185326	0.07233468	-0.5164136	
0	0	513	1313.4579887525513	0.56245166	0.1384986	0.48927137	-0.50776833	0.24472947	-0.35096073	0.13820383	-0.4474032	0.105500095	-0.5511372	0.068458185	-0.4898214	
0	0	514	1316.018335709184	0.56259847	0.14222346	0.48854065	-0.50913465	0.24457984	-0.34847912	0.13724071	-0.47025746	0.10534113	-0.5085326	0.06480253	-0.52908194	
0	0	515	1318.5786826658164	0.561796	0.14684814	0.48761806	-0.51015866	0.24348624	-0.34999663	0.13889831	-0.49432915	0.1024219	-0.49395648	0.06556915	-0.60840803	
0	0	516	1321.1390296224492	0.55998844	0.15122233	0.48658425	-0.5109711	0.2425266	-0.3569908	0.14234246	-0.50489783	0.100289226	-0.51311225	0.07128447	-0.6452621	
0	0	517	1323.6993765790817	0.55749	0.15443152	0.4855519	-0.5115421	0.2426768	-0.36710796	0.14563051	-0.49831453	0.10123694	-0.54053086	0.07769856	-0.60100555	
0	0	518	1326.2597235357146	0.55483	0.15600716	0.48458245	-0.5116923	0.24413235	-0.37588644	0.147177	-0.48185802	0.10416579	-0.54476196	0.079901546	-0.504072	
0	0	519	1328.8200704923472	0.55262434	0.15606616	0.4836515	-0.51126206	0.24624136	-0.38013133	0.14663729	-0.46672916	0.10599358	-0.52166533	0.07562627	-0.4099018	
0	0	520	1331.3804174489796	0.5513769	0.1554313	0.48271215	-0.5102593	0.24809155	-0.3799873	0.14485207	-0.4615711	0.104784444	-0.49266094	0.06688177	-0.38673255	
0	0	521	1333.9407644056125	0.55119944	0.15544951	0.48179224	-0.5087818	0.24921751	-0.37806615	0.14321144	-0.46878642	0.1013033	-0.48394647	0.0600973	-0.48499596	
0	0	522	1336.5011113622452	0.55164814	0.15734594	0.48099655	-0.50676805	0.24982421	-0.3768566	0.14287631	-0.48378545	0.09828592	-0.50669163	0.061427888	-0.63541067	
0	0	523	1339.0614583188776	0.55189514	0.16144204	0.4803736	-0.5038543	0.25042295	-0.37684554	0.14418204	-0.49784327	0.09816141	-0.54538965	0.06904309	-0.7011855	
0	0	524	1341.6218052755105	0.55122685	0.16683121	0.4797593	-0.49958465	0.25128967	-0.3767072	0.14651927	-0.50365204	0.1010044	-0.5703503	0.07633349	-0.67042273	
0	0	525	1344.182152232143	0.5495669	0.17192496	0.47877496	-0.49390006	0.2522301	-0.37508786	0.14877002	-0.4995841	0.10471984	-0.56597644	0.0791144	-0.602923	
0	0	526	1346.7424991887756	0.5475586	0.17565756	0.47706708	-0.48748878	0.2528323	-0.3722494	0.14999734	-0.4899232	0.1069954	-0.5396911	0.0773919	-0.5570752	
0	0	527	1349.3028461454085	0.5460094	0.17836618	0.47463366	-0.48153937	0.2529529	-0.36996758	0.15000817	-0.4819698	0.10695413	-0.5100337	0.074800536	-0.5668688	
0	0	528	1351.863193102041	0.5451674	0.1813948	0.47191557	-0.47694767	0.25293344	-0.36979344	0.14952464	-0.48161918	0.10541484	-0.4920899	0.075707056	-0.61018956	
0	0	529	1354.4235400586738	0.5445461	0.18576005	0.46951598	-0.47366557	0.25332704	-0.37149498	0.14977723	-0.4889778	0.10385829	-0.4893004	0.0805326	-0.62246627	
0	0	530	1356.9838870153062	0.5434272	0.19119765	0.46780145	-0.4707756	0.25444555	-0.37314367	0.1516497	-0.4971706	0.10324061	-0.49534363	0.08541784	-0.57671887	
0	0	531	1359.5442339719389	0.541536	0.19637094	0.4667084	-0.46716082	0.25613534	-0.372524	0.15496182	-0.4965114	0.10370507	-0.50190544	0.08660073	-0.49842626	
0	0	532	1362.1045809285717	0.5393423	0.19995046	0.4658479	-0.46220496	0.25789943	-0.3685777	0.15841573	-0.48116475	0.10496767	-0.5033636	0.08323812	-0.42900738	
0	0	533	1364.6649278852042	0.53778154	0.20173858	0.46479878	-0.456081	0.2592415	-0.36186254	0.1602643	-0.45334515	0.10660523	-0.49650326	0.07746112	-0.4042233	
0	0	534	1367.2252748418368	0.5375857	0.2029933	0.46338338	-0.4494442	0.2599661	-0.35370442	0.1594249	-0.4226679	0.108031325	-0.47993454	0.07304992	-0.43637252	
0	0	535	1369.7856217984697	0.5387448	0.20560265	0.46169454	-0.44277978	0.26014534	-0.34479746	0.15632842	-0.40054685	0.108518384	-0.45561033	0.07295305	-0.49102888	
0	0	536	1372.3459687551021	0.5405469	0.21080501	0.45983955	-0.4360589	0.2597664	-0.33474886	0.15259638	-0.39253825	0.10754136	-0.42974722	0.07650319	-0.508547	
0	0	537	1374.906315711735	0.5420819	0.21856165	0.4576921	-0.42909718	0.25845307	-0.32319105	0.14971253	-0.39484346	0.105148256	-0.41044953	0.079964705	-0.46784288	
0	0	538	1377.4666626683675	0.54272276	0.2278334	0.4549344	-0.4222448	0.2555991	-0.31149966	0.14795166	-0.39847282	0.10191453	-0.40373036	0.07997227	-0.39252245	
0	0	539	1380.0270096250001	0.5423203	0.23720661	0.45138878	-0.4167247	0.25091362	-0.30360135	0.14636907	-0.39751157	0.09853853	-0.4114461	0.07544521	-0.31963712	
0	0	540	1382.587356581633	0.5411754	0.24543321	0.44738513	-0.4141762	0.24501835	-0.30459413	0.14375013	-0.3948138	0.095503494	-0.43255317	0.06737224	-0.2886986	
0	0	541	1385.1477035382654	0.53988653	0.25181538	0.44380662	-0.41554108	0.23944949	-0.31723705	0.13988657	-0.40047482	0.09310617	-0.46582434	0.05857351	-0.34726474	
0	0	542	1387.708050494898	0.5391135	0.25637102	0.44165987	-0.42018038	0.23580196	-0.33915973	0.13607587	-0.42308378	0.09173859	-0.5099041	0.05418353	-0.52273697	
0	0	543	1390.2683974515307	0.5393686	0.2597023	0.4415197	-0.42613712	0.23477554	-0.36406296	0.13419564	-0.46048382	0.091923974	-0.5593231	0.058982763	-0.7180387	
0	0	544	1392.8287444081634	0.54094267	0.2627374	0.44334337	-0.43123156	0.23599592	-0.38570377	0.13523111	-0.49932584	0.09383279	-0.6027739	0.0709742	-0.7920799	
0	0	545	1395.389091364796	0.5439038	0.26661474	0.4466656	-0.43388975	0.2384949	-0.4007052	0.13855924	-0.52450496	0.09682102	-0.62939054	0.08367083	-0.7423295	
0	0	546	1397.9494383214287	0.54799145	0.27265418	0.45083714	-0.43329746	0.24125491	-0.40881214	0.14230508	-0.5294518	0.099603586	-0.63667613	0.091654204	-0.6237259	
0	0	547	1400.5097852780614	0.5523803	0.28198364	0.45511252	-0.42932162	0.24353732	-0.4118238	0.14439729	-0.51973456	0.10092134	-0.63273615	0.09168327	-0.48465833	
0	0	548	1403.0701322346943	0.5556525	0.29452416	0.45870233	-0.42264953	0.24500951	-0.4123647	0.14387842	-0.5098241	0.10041717	-0.63360226	0.08312143	-0.37628528	
0	0	549	1405.6304791913267	0.55648327	0.3079982	0.4610199	-0.41499636	0.24573353	-0.4129169	0.14176564	-0.51472324	0.099361256	-0.65410936	0.06965721	-0.37460226	
0	0	550	1408.1908261479593	0.554842	0.31853807	0.46208805	-0.40870348	0.24607174	-0.4151783	0.14053008	-0.5387482	0.10004194	-0.69177973	0.060732253	-0.5475295	
0	0	551	1410.751173104592	0.55243635	0.3231851	0.46268877	-0.40556568	0.24655513	-0.4196402	0.14218165	-0.5700255	0.103620954	-0.7240564	0.06468781	-0.7705518	
0	0	552	1413.3115200612247	0.5517215	0.32209364	0.46399176	-0.4057515	0.24770994	-0.42531136	0.14664935	-0.5901013	0.10910909	-0.7300967	0.076780625	-0.8554745	
0	0	553	1415.8718670178573	0.55442154	0.31859893	0.46694565	-0.4076668	0.2498216	-0.42980233	0.15203875	-0.58922577	0.11441219	-0.70547605	0.088015735	-0.82476807	
0	0	554	1418.43221397449	0.5605402	0.3174987	0.4718108	-0.4086736	0.25267878	-0.43016356	0.15607227	-0.570657	0.11746378	-0.6589249	0.09398192	-0.7494842	
0	0	555	1420.9925609311226	0.56804883	0.3224086	0.47792512	-0.40629822	0.25546122	-0.42467207	0.1573256	-0.5460942	0.11700734	-0.6081067	0.09402866	-0.67697823	
0	0	556	1423.5529078877555	0.57367337	0.33290696	0.48383433	-0.3997432	0.257083	-0.41488212	0.15600291	-0.52988124	0.11365294	-0.5754871	0.09010771	-0.6385787	
0	0	557	1426.113254844388	0.57528734	0.34373194	0.4881121	-0.39093432	0.2570902	-0.40572894	0.15407552	-0.5311717	0.11014718	-0.574738	0.08574769	-0.64526665	
0	0	558	1428.6736018010206	0.5741412	0.3485633	0.49056512	-0.38346422	0.25631565	-0.40192625	0.15396689	-0.5453023	0.109420374	-0.59562504	0.08353267	-0.67636484	
0	0	559	1431.2339487576533	0.5739178	0.34545654	0.49246714	-0.3796638	0.25628182	-0.40358078	0.15641029	-0.5566816	0.11230977	-0.6109541	0.08315415	-0.7007424	
0	0	560	1433.794295714286	0.577712	0.33801484	0.49543187	-0.3788638	0.2579253	-0.40599567	0.16001311	-0.5537364	0.11741114	-0.5989714	0.08291483	-0.708643	
0	0	561	1436.3546426709186	0.5862195	0.33247876	0.5002397	-0.37819645	0.26093033	-0.40331027	0.16271968	-0.53659236	0.12212691	-0.55411476	0.08184444	-0.70721436	
0	0	562	1438.9149896275512	0.5974313	0.33428672	0.50634766	-0.37445694	0.26387185	-0.39240953	0.16316618	-0.5137041	0.12364377	-0.48649105	0.07987096	-0.7040982	
0	0	563	1441.4753365841839	0.6071046	0.34484	0.51193404	-0.36620203	0.264952	-0.37553027	0.16135885	-0.49645486	0.120369345	-0.42005977	0.07713517	-0.7037034	
0	0	564	1444.0356835408163	0.6111022	0.35902354	0.51488227	-0.35569853	0.26336432	-0.3600725	0.15879633	-0.49256474	0.11364909	-0.38435334	0.07386583	-0.71231264	
0	0	565	1446.5960304974492	0.60932446	0.36781186	0.5147865	-0.3482194	0.26027924	-0.35328403	0.15734872	-0.49894774	0.1073043	-0.39388564	0.07088824	-0.7363483	
0	0	566	1449.1563774540818	0.6060903	0.36590526	0.5137014	-0.34765345	0.2578153	-0.35592204	0.15746	-0.5046799	0.10446635	-0.43287697	0.06936857	-0.7687669	
0	0	567	1451.7167244107145	0.6060818	0.35499403	0.5143949	-0.3534571	0.25719234	-0.3628977	0.15807016	-0.5028483	0.10535659	-0.4699223	0.06956745	-0.7866654	
0	0	568	1454.2770713673472	0.6117667	0.34067374	0.5186072	-0.3617057	0.25829944	-0.36844745	0.15794389	-0.49458575	0.1080299	-0.4858511	0.07026863	-0.76978713	
0	0	569	1456.8374183239798	0.6233825	0.32957315	0.5265033	-0.3670706	0.2602411	-0.36909875	0.15643351	-0.48557255	0.11017415	-0.48192328	0.069297664	-0.71673894	
0	0	570	1459.3977652806125	0.63857526	0.32791457	0.53615874	-0.36465713	0.2617734	-0.3644597	0.15366872	-0.48330685	0.11039389	-0.4730482	0.06451496	-0.65392417	
0	0	571	1461.9581122372451	0.65169835	0.3377591	0.54341865	-0.35387772	0.26182467	-0.35801938	0.15077323	-0.49390277	0.10911616	-0.47770977	0.05607206	-0.653112	
0	0	572	1464.5184591938776	0.6570473	0.3523198	0.5449407	-0.34193355	0.2605037	-0.35583925	0.1493897	-0.5150638	0.1084046	-0.5020415	0.05031275	-0.8034417	
0	0	573	1467.0788061505104	0.6550972	0.36046967	0.5424768	-0.3382223	0.2592963	-0.3610195	0.15006451	-0.5361831	0.10974666	-0.5317415	0.05535786	-0.9888753	
0	0	574	1469.639153107143	0.65165246	0.35729	0.5410562	-0.3448332	0.25965723	-0.3707991	0.15203081	-0.5500832	0.112566195	-0.54988843	0.067513704	-1.0188737	
0	0	575	1472.1995000637758	0.65193635	0.34590787	0.5442401	-0.35635975	0.2620418	-0.37956747	0.15451597	-0.5560036	0.115361646	-0.55274826	0.07925273	-0.9286562	
0	0	576	1474.7598470204084	0.6580031	0.33333555	0.5524556	-0.36474955	0.26590022	-0.3817794	0.15710472	-0.5543548	0.11701056	-0.5463979	0.086884096	-0.78562903	
0	0	577	1477.3201939770408	0.6681815	0.32683942	0.5627048	-0.36348242	0.2695911	-0.3741363	0.15927254	-0.5452351	0.117180966	-0.54030716	0.088573195	-0.63087916	
0	0	578	1479.8805409336737	0.6771853	0.32906234	0.56936127	-0.35302076	0.27081734	-0.3597722	0.16027805	-0.5318696	0.11646603	-0.54253757	0.08409727	-0.50814766	
0	0	579	1482.4408878903064	0.6802736	0.33419445	0.5691269	-0.34316903	0.26885635	-0.3490585	0.16010049	-0.52176905	0.115963235	-0.55378985	0.07718744	-0.46686164	
0	0	580	1485.0012348469388	0.6785681	0.333658	0.56532437	-0.3437665	0.26588833	-0.3499517	0.15992367	-0.5187973	0.11628088	-0.56785375	0.074061096	-0.5036181	
0	0	581	1487.5615818035717	0.67712086	0.32485574	0.56393623	-0.35508707	0.26467645	-0.36030385	0.16082709	-0.51822793	0.11736346	-0.57878083	0.07655108	-0.54428655	
0	0	582	1490.1219287602044	0.6798492	0.31168064	0.5683581	-0.3699931	0.26637146	-0.3716712	0.16279015	-0.51188266	0.11898294	-0.58276904	0.08159576	-0.54181695	
0	0	583	1492.6822757168368	0.68736833	0.30068246	0.5782017	-0.3797229	0.27026865	-0.37536103	0.16466276	-0.49395734	0.12075683	-0.5758695	0.08591722	-0.5020523	
0	0	584	1495.2426226734697	0.69656223	0.29686657	0.5893928	-0.37868392	0.27403185	-0.36707464	0.16448684	-0.466248	0.12172722	-0.5553958	0.08766754	-0.44766438	
0	0	585	1497.802969630102	0.70234853	0.29911578	0.5961201	-0.3695819	0.27485052	-0.35168988	0.16095372	-0.44255117	0.12050143	-0.5269414	0.086668454	-0.4032151	
0	0	586	1500.363316586735	0.70265317	0.30028474	0.5963964	-0.36276317	0.2722582	-0.34167242	0.15555723	-0.44118056	0.11671181	-0.5066443	0.08449721	-0.3823814	
0	0	587	1502.9236635433676	0.70070887	0.2944931	0.59447193	-0.36591756	0.2690604	-0.34512427	0.15180199	-0.46585384	0.11185509	-0.509058	0.08257054	-0.3746819	
0	0	588	1505.4840105	0.7014102	0.28226215	0.5960163	-0.3774246	0.26843756	-0.35827532	0.15198153	-0.5009787	0.108002014	-0.5360359	0.08018448	-0.3642821	
0	0	589	1508.044357456633	0.7074246	0.26913348	0.6036597	-0.38941962	0.271483	-0.37012592	0.1558957	-0.5254511	0.106553696	-0.57754683	0.075648785	-0.3576775	
0	0	590	1510.6047044132656	0.7174761	0.26175562	0.61567354	-0.39339766	0.27674547	-0.3703929	0.16128643	-0.52604246	0.107835345	-0.61668015	0.06861087	-0.3914995	
0	0	591	1513.165051369898	0.7265225	0.26258868	0.6263643	-0.38648176	0.2808558	-0.35699815	0.16488326	-0.5053252	0.110810556	-0.63917613	0.06238397	-0.51888746	
0	0	592	1515.725398326531	0.73004895	0.266408	0.6306076	-0.37565333	0.28117633	-0.33969513	0.16479318	-0.4805559	0.11376817	-0.6461388	0.063412555	-0.71657884	
0	0	593	1518.2857452831634	0.729214	0.2655213	0.6297297	-0.37108073	0.27875096	-0.3311838	0.16209418	-0.4685662	0.116277255	-0.65002614	0.073007554	-0.8468485	
0	0	594	1520.8460922397962	0.7290188	0.2578494	0.6294148	-0.37535164	0.27686736	-0.3342774	0.15907441	-0.47366244	0.11947552	-0.6548598	0.08549894	-0.8611604	
0	0	595	1523.406439196429	0.7331038	0.24761973	0.6336046	-0.38292712	0.27761948	-0.34175915	0.15721196	-0.49120668	0.12417811	-0.6498576	0.09574195	-0.79904616	
0	0	596	1525.9667861530613	0.7410866	0.24134772	0.6418534	-0.385755	0.2806622	-0.3440884	0.15708444	-0.51465017	0.12931834	-0.62058973	0.100647904	-0.69884855	
0	0	597	1528.5271331096942	0.74819833	0.2424546	0.64924175	-0.37954634	0.2835857	-0.33678254	0.15881258	-0.53718054	0.13177547	-0.56541234	0.09856798	-0.59628636	
0	0	598	1531.0874800663266	0.74902445	0.24621342	0.64996946	-0.3695083	0.28380433	-0.32540402	0.16194497	-0.55211234	0.128647	-0.5067747	0.09103662	-0.53503305	
0	0	599	1533.6478270229593	0.74434346	0.24325508	0.64434135	-0.36683598	0.28148797	-0.32117385	0.16543059	-0.55657226	0.12095408	-0.48096362	0.08313296	-0.54205924	
0	0	600	1536.2081739795922	0.74065006	0.2298745	0.638789	-0.37661204	0.27945358	-0.32902545	0.16831689	-0.55270374	0.11334325	-0.50853425	0.07901693	-0.59534645	
0	0	601	1538.7685209362246	0.7437459	0.2104611	0.6392338	-0.39435804	0.2802716	-0.34412876	0.17016459	-0.5441177	0.11014986	-0.5766099	0.07892733	-0.647191	
0	0	602	1541.3288678928573	0.7558279	0.19383332	0.64798033	-0.41052657	0.2848185	-0.35657534	0.17084453	-0.53367245	0.11305969	-0.64523154	0.08076463	-0.669238	
0	0	603	1543.8892148494901	0.7738154	0.19036861	0.6625392	-0.41398814	0.29176834	-0.35549775	0.17033213	-0.52380574	0.12025295	-0.6708093	0.082039796	-0.6624611	
0	0	604	1546.4495618061226	0.7864604	0.20462699	0.6732648	-0.39934444	0.2967725	-0.3365422	0.16876416	-0.5172272	0.12591822	-0.63951755	0.081242435	-0.6530266	
0	0	605	1549.0099087627555	0.7819358	0.22329248	0.66957146	-0.3792475	0.29537782	-0.31307614	0.16656	-0.51600385	0.124230705	-0.59039456	0.07990545	-0.6714014	
0	0	606	1551.570255719388	0.7653892	0.22581375	0.65521	-0.3744502	0.2894548	-0.3054404	0.16415183	-0.52041	0.116966315	-0.58221215	0.080845825	-0.70691454	
0	0	607	1554.1306026760205	0.75170887	0.20878309	0.6426905	-0.38911694	0.2845053	-0.3170202	0.16180007	-0.5307903	0.11077062	-0.6332941	0.084090866	-0.72783476	
0	0	608	1556.6909496326534	0.74920255	0.18252955	0.6391814	-0.41363466	0.28352523	-0.3377227	0.15998594	-0.5484715	0.11005105	-0.7174888	0.08805399	-0.7230983	
0	0	609	1559.2512965892859	0.7592051	0.15990753	0.64603215	-0.4358548	0.28686985	-0.3555595	0.1597573	-0.57272524	0.11605037	-0.7892965	0.09119165	-0.69640654	
0	0	610	1561.8116435459185	0.77727735	0.15347813	0.66010773	-0.44373527	0.2929581	-0.35957688	0.16239047	-0.5944952	0.12686369	-0.8044615	0.091984496	-0.6602012	
0	0	611	1564.3719905025514	0.79027027	0.1687432	0.6713366	-0.4310231	0.29753956	-0.3451584	0.16733636	-0.5948201	0.13599849	-0.7493538	0.08997639	-0.6442872	
0	0	612	1566.9323374591838	0.78443784	0.19125588	0.6682275	-0.40989327	0.29625398	-0.32433248	0.17041193	-0.56668794	0.1365951	-0.66542214	0.08864946	-0.6739746	
0	0	613	1569.4926844158165	0.7647354	0.19836093	0.6536143	-0.4016669	0.29058492	-0.31580275	0.16837136	-0.5320178	0.130088	-0.60771245	0.09159324	-0.71171397	
0	0	614	1572.0530313724491	0.7468619	0.18562742	0.6395856	-0.41133276	0.2853447	-0.32284993	0.16279836	-0.51438576	0.12225838	-0.5914184	0.09701536	-0.7146279	
0	0	615	1574.6133783290818	0.73932576	0.16337033	0.63282496	-0.4299829	0.2829549	-0.33676526	0.15691246	-0.521187	0.11634029	-0.60329115	0.10202596	-0.68103796	
0	0	616	1577.1737252857147	0.7426607	0.14396589	0.6337053	-0.44709525	0.28321084	-0.34829688	0.15338023	-0.5479368	0.11300016	-0.62475663	0.104634136	-0.62035435	
0	0	617	1579.734072242347	0.75195366	0.13703999	0.6387106	-0.45498365	0.2843989	-0.35208914	0.15385753	-0.57852167	0.1114991	-0.6400999	0.103060454	-0.54613405	
0	0	618	1582.2944191989798	0.757934	0.14446463	0.64166045	-0.45244256	0.28427133	-0.34969977	0.1574255	-0.59006697	0.1102233	-0.64429617	0.09667974	-0.48475537	
0	0	619	1584.8547661556124	0.7535139	0.15661035	0.638229	-0.4471583	0.28214514	-0.34908432	0.1603599	-0.57584023	0.108179554	-0.6477368	0.08770419	-0.465938	
0	0	620	1587.415113112245	0.74124724	0.1610835	0.63051736	-0.44824404	0.27976325	-0.35557258	0.16003338	-0.5522923	0.106179364	-0.6621627	0.07927199	-0.4985037	
0	0	621	1589.9754600688777	0.72900736	0.15435743	0.6236193	-0.45736328	0.27899885	-0.36647996	0.15707418	-0.537716	0.10576288	-0.6863272	0.072928704	-0.5778043	
0	0	622	1592.5358070255104	0.7220609	0.14110635	0.62044406	-0.47026747	0.28018907	-0.37577492	0.15364575	-0.5396621	0.10789882	-0.7062507	0.07001711	-0.7013233	
0	0	623	1595.096153982143	0.7212056	0.12817027	0.62092	-0.4819278	0.28239718	-0.37928247	0.15183476	-0.55455685	0.11218717	-0.7023727	0.073079355	-0.83973134	
0	0	624	1597.656500938776	0.72399247	0.12041062	0.6231385	-0.48947993	0.28423268	-0.37693232	0.15258923	-0.5692486	0.11636649	-0.6634032	0.082975596	-0.9169155	
0	0	625	1600.2168478954084	0.72673035	0.118531786	0.6248613	-0.49327353	0.2848985	-0.37236947	0.15481193	-0.5699969	0.117396824	-0.5986457	0.09537085	-0.8894667	
0	0	626	1602.777194852041	0.7270143	0.11953201	0.62503046	-0.49582633	0.2848061	-0.3691841	0.15614817	-0.55519664	0.113855064	-0.53338516	0.10390071	-0.7864135	
0	0	627	1605.3375418086737	0.7249772	0.119754486	0.62406415	-0.49937436	0.28478268	-0.36729354	0.15498489	-0.53517556	0.10692584	-0.4948347	0.10513595	-0.6571706	
0	0	628	1607.8978887653063	0.72225386	0.11744123	0.62286454	-0.5046329	0.28484935	-0.36437517	0.15132956	-0.5240161	0.099672586	-0.5018778	0.09933338	-0.5420155	
0	0	629	1610.458235721939	0.7203831	0.112854525	0.6220355	-0.5114345	0.28418335	-0.3601685	0.14676383	-0.5340195	0.09573376	-0.5500398	0.08932392	-0.47593015	
0	0	630	1613.0185826785716	0.7201855	0.107177116	0.6219716	-0.5195398	0.2822365	-0.3583987	0.14410336	-0.56818235	0.09674804	-0.60079455	0.07998902	-0.4845125	
0	0	631	1615.5789296352043	0.721912	0.1018172	0.62316877	-0.5284795	0.27983713	-0.36401957	0.14587256	-0.6110571	0.10046935	-0.6166412	0.07611562	-0.54210603	
0	0	632	1618.1392765918367	0.725307	0.09838275	0.62602365	-0.53694135	0.27901062	-0.37769628	0.15202041	-0.6358349	0.103110395	-0.59896195	0.07733001	-0.5683896	
0	0	633	1620.6996235484696	0.7292122	0.0984262	0.6301506	-0.5429284	0.28138274	-0.39285174	0.15953457	-0.6265999	0.10265392	-0.575258	0.07818445	-0.5308721	
0	0	634	1623.2599705051023	0.7313509	0.10210236	0.63395333	-0.5452666	0.28643575	-0.39946523	0.16428225	-0.5882674	0.10001091	-0.5759788	0.07437654	-0.47044766	
0	0	635	1625.820317461735	0.72954065	0.106558464	0.63542783	-0.54548705	0.2912754	-0.3927972	0.16341397	-0.54202956	0.098571695	-0.6127832	0.06622053	-0.45771554	
0	0	636	1628.3806644183676	0.724074	0.106826805	0.634108	-0.5475092	0.29280075	-0.37875414	0.15753734	-0.5157866	0.101153396	-0.6576959	0.058870602	-0.55791396	
0	0	637	1630.9410113750002	0.71830416	0.09975757	0.6318857	-0.5542971	0.29053345	-0.36921525	0.15086576	-0.5277318	0.10640798	-0.6730733	0.059122298	-0.7359391	
0	0	638	1633.501358331633	0.7162874	0.08685607	0.63139784	-0.5651332	0.28687268	-0.372227	0.14814362	-0.569686	0.11075767	-0.6577334	0.06752882	-0.8438661	
0	0	639	1636.0617052882656	0.720107	0.073588036	0.6339046	-0.576189	0.2849303	-0.38671896	0.15098706	-0.6107822	0.11226228	-0.635227	0.07808435	-0.8339803	
0	0	640	1638.622052244898	0.72832394	0.06645302	0.6382099	-0.58322763	0.28636318	-0.40387037	0.15691158	-0.62490493	0.11161759	-0.6293112	0.08520679	-0.754759	
0	0	641	1641.1823992015309	0.7358362	0.06845155	0.64103746	-0.5852381	0.29019874	-0.41364238	0.16153426	-0.61226916	0.11153143	-0.6483966	0.08637418	-0.6638291	
0	0	642	1643.7427461581635	0.7372361	0.075182885	0.639788	-0.58658123	0.29353324	-0.41372788	0.16240153	-0.59529644	0.114360094	-0.67306376	0.082841046	-0.6101752	
0	0	643	1646.3030931147962	0.73234946	0.07786928	0.63573986	-0.59339815	0.29448488	-0.41153106	0.16122523	-0.5964544	0.11910602	-0.67566794	0.07883052	-0.6163343	
0	0	644	1648.8634400714288	0.72645175	0.07178074	0.6330663	-0.6072893	0.29410443	-0.41514197	0.16196528	-0.6179635	0.1227063	-0.6540847	0.07796321	-0.6575338	
0	0	645	1651.4237870280613	0.72515917	0.059805024	0.6351923	-0.6238694	0.29491323	-0.42485732	0.16728562	-0.6401368	0.12339832	-0.6254907	0.08041065	-0.68493986	
0	0	646	1653.9841339846942	0.7305409	0.050012097	0.6424695	-0.63541675	0.29837826	-0.43272495	0.1764744	-0.63634914	0.121501856	-0.6077758	0.083609	-0.67191094	
0	0	647	1656.5444809413268	0.7390385	0.050903752	0.6507711	-0.6352337	0.30300713	-0.42863476	0.18484603	-0.5932291	0.11878851	-0.61086184	0.08425793	-0.6265969	
0	0	648	1659.1048278979592	0.74190056	0.06339846	0.65252703	-0.62499785	0.304455	-0.41213393	0.18609889	-0.52723384	0.11719571	-0.6295537	0.08047524	-0.5876642	
0	0	649	1661.6651748545921	0.73351073	0.07624369	0.64435965	-0.6171908	0.30021638	-0.39813623	0.17912653	-0.4782098	0.11687686	-0.64932424	0.074544355	-0.60666215	
0	0	650	1664.2255218112248	0.71884614	0.07755889	0.63191664	-0.6223871	0.2934023	-0.4015103	0.1698842	-0.4720004	0.11666303	-0.6678087	0.0718096	-0.6887277	
0	0	651	1666.7858687678572	0.70651495	0.06669298	0.6226969	-0.6395105	0.28898144	-0.42211375	0.16422826	-0.49961627	0.116578296	-0.69433564	0.0745692	-0.76748997	
0	0	652	1669.34621572449	0.70085955	0.050681286	0.6200327	-0.6607124	0.28965682	-0.44835177	0.1636746	-0.53421086	0.118296266	-0.7305882	0.08029424	-0.78731877	
0	0	653	1671.9065626811225	0.7014756	0.037509087	0.62315387	-0.67765206	0.29511222	-0.46560016	0.16631526	-0.55407405	0.12340211	-0.7587782	0.08481639	-0.7466584	
0	0	654	1674.4669096377554	0.70445645	0.0321971	0.6280472	-0.68522614	0.30192855	-0.46404624	0.16869564	-0.55489796	0.13080697	-0.752408	0.08456998	-0.6796731	
0	0	655	1677.027256594388	0.704667	0.033366352	0.629508	-0.6854854	0.30509865	-0.4476167	0.16836917	-0.55127716	0.13630286	-0.7063425	0.07934021	-0.64734244	
0	0	656	1679.5876035510205	0.70050067	0.034177918	0.6259951	-0.68649375	0.30273297	-0.43276638	0.16642007	-0.5622873	0.13637945	-0.6448148	0.0747069	-0.69645965	
0	0	657	1682.1479505076534	0.69537324	0.03003255	0.6209931	-0.6935277	0.297967	-0.4321611	0.16616637	-0.59012485	0.13135922	-0.59862757	0.076600336	-0.77696586	
0	0	658	1684.708297464286	0.6932537	0.023003014	0.6184009	-0.70450556	0.29501465	-0.444714	0.16950701	-0.618835	0.12435227	-0.58739626	0.08386644	-0.79603463	
0	0	659	1687.2686444209185	0.69483405	0.018901818	0.61893207	-0.7135302	0.29577383	-0.46018597	0.17557432	-0.63023406	0.119166665	-0.6123778	0.09088452	-0.73207563	
0	0	660	1689.8289913775513	0.6968307	0.021961324	0.6197163	-0.7165233	0.299092	-0.46798542	0.1813458	-0.6169539	0.118216	-0.64953077	0.09194346	-0.6178903	
0	0	661	1692.3893383341838	0.694501	0.029904086	0.6167941	-0.71604717	0.3017846	-0.46599415	0.18339396	-0.5883487	0.12017569	-0.66638535	0.084115	-0.52446634	
0	0	662	1694.9496852908167	0.6870641	0.0350449	0.60999423	-0.7197617	0.30192417	-0.4626425	0.1809126	-0.5650696	0.12143149	-0.659581	0.07294667	-0.55946255	
0	0	663	1697.5100322474493	0.67886233	0.032781914	0.60367626	-0.7315902	0.30096522	-0.46636185	0.17650108	-0.56102836	0.12043766	-0.65079165	0.07168749	-0.724136	
0	0	664	1700.0703792040817	0.67443115	0.025752896	0.60213023	-0.747702	0.30163732	-0.47651547	0.17309165	-0.5735883	0.11851292	-0.6577777	0.083388135	-0.80972886	
0	0	665	1702.6307261607146	0.67494994	0.020743169	0.60639507	-0.7597084	0.30525964	-0.4848984	0.17166913	-0.59144175	0.11798855	-0.68139136	0.09772624	-0.73978204	
0	0	666	1705.191073117347	0.67724127	0.02393664	0.61291575	-0.75948924	0.31038904	-0.48203143	0.17146802	-0.60581726	0.12032741	-0.7041428	0.1044655	-0.57279724	
0	0	667	1707.7514200739797	0.67507374	0.0345755	0.61402524	-0.74713236	0.31298503	-0.46690783	0.17121893	-0.6165495	0.12429291	-0.70437026	0.09713263	-0.38444963	
0	0	668	1710.3117670306126	0.6658125	0.04295881	0.6054422	-0.73541784	0.31046274	-0.45222706	0.17069624	-0.6297266	0.12676074	-0.6845764	0.07733071	-0.28717965	
0	0	669	1712.872113987245	0.6542326	0.04121729	0.5925039	-0.7364838	0.30523136	-0.45102957	0.17092879	-0.6479331	0.1268866	-0.6677237	0.058581688	-0.443776	
0	0	670	1715.4324609438777	0.64626247	0.030854039	0.5830347	-0.7494983	0.30134973	-0.46394628	0.17284396	-0.6668028	0.12667815	-0.6656688	0.05864699	-0.7960921	
0	0	671	1717.9928079005106	0.6443925	0.018437384	0.5806588	-0.76554555	0.30106598	-0.48333618	0.17659688	-0.6795617	0.12805364	-0.6707208	0.07462497	-0.9523278	
0	0	672	1720.553154857143	0.647774	0.011180118	0.5846094	-0.7743285	0.30465084	-0.4995378	0.18163311	-0.68017435	0.13118342	-0.66697806	0.09118709	-0.9079687	
0	0	673	1723.1135018137759	0.6522008	0.01387925	0.589779	-0.7687276	0.31041706	-0.50441605	0.18659073	-0.66579247	0.13431841	-0.64498115	0.09900228	-0.784419	
0	0	674	1725.6738487704083	0.65185696	0.02375691	0.5887322	-0.75205934	0.31510416	-0.49737698	0.1898026	-0.6412226	0.13515967	-0.61319226	0.09491111	-0.6815894	
0	0	675	1728.234195727041	0.645476	0.0312768	0.579521	-0.7377183	0.31688288	-0.48720258	0.19110066	-0.61703664	0.13365483	-0.5929721	0.08592617	-0.6978314	
0	0	676	1730.7945426836739	0.6375665	0.030906264	0.56794316	-0.7342949	0.31727558	-0.4815277	0.19211106	-0.5978314	0.1326558	-0.5953305	0.085757636	-0.8187762	
0	0	677	1733.3548896403063	0.6324154	0.02496034	0.55998033	-0.7388344	0.31874642	-0.47947246	0.19418481	-0.5785277	0.13513215	-0.6068399	0.09722125	-0.8808395	
0	0	678	1735.915236596939	0.6312286	0.018783284	0.55765015	-0.74288887	0.32245874	-0.47450092	0.19727103	-0.55090886	0.1417421	-0.59975207	0.11147123	-0.82394165	
0	0	679	1738.4755835535718	0.6326337	0.01703432	0.5591776	-0.7379273	0.32763472	-0.4587658	0.19998033	-0.5093533	0.15025723	-0.5508921	0.120412126	-0.6885153	
0	0	680	1741.0359305102043	0.63350415	0.021299217	0.55941015	-0.71983904	0.33132908	-0.42784852	0.20008628	-0.45540172	0.15599333	-0.4541255	0.11973757	-0.52455264	
0	0	681	1743.5962774668371	0.6310975	0.028346177	0.55269164	-0.69393957	0.329843	-0.38617137	0.19617167	-0.40002564	0.15367894	-0.32472554	0.11023103	-0.38460144	
0	0	682	1746.1566244234696	0.62582374	0.032999102	0.538377	-0.67196524	0.32195994	-0.34514752	0.18934377	-0.3558358	0.14100403	-0.19580631	0.098666415	-0.3076145	
0	0	683	1748.7169713801022	0.62030727	0.03354493	0.52086246	-0.6614609	0.30947948	-0.3138517	0.1819007	-0.3249966	0.120578736	-0.108471744	0.09203305	-0.26543784	
0	0	684	1751.277318336735	0.61629176	0.031986505	0.5045669	-0.6625699	0.29462096	-0.29592335	0.1746431	-0.30054864	0.09823656	-0.10691426	0.0895005	-0.17623827	
0	0	685	1753.8376652933675	0.6137766	0.030890143	0.49188632	-0.67211384	0.27890706	-0.2939017	0.16643655	-0.27792084	0.08112617	-0.23059168	0.084745675	-0.0017413127	
0	0	686	1756.3980122500002	0.61182606	0.031490896	0.48393026	-0.68598723	0.26411834	-0.31151104	0.15566905	-0.26470292	0.0757209	-0.44590986	0.07305456	0.24517186	
0	0	687	1758.9583592066328	0.60951144	0.033429205	0.4807966	-0.6991811	0.2529848	-0.34911212	0.1427043	-0.28455687	0.08131469	-0.6133057	0.05357844	0.54286206	
0	0	688	1761.5187061632655	0.60653144	0.035476714	0.48111	-0.7072136	0.24773249	-0.3969802	0.13206993	-0.36212045	0.08998074	-0.6767011	0.028429179	0.8830712	
0	0	689	1764.0790531198982	0.60322064	0.036609273	0.48263854	-0.70906377	0.24782653	-0.439962	0.12988888	-0.47946906	0.09620357	-0.6859088	0.0016704864	1.8841114	
0	0	690	1766.6394000765308	0.6001355	0.036384914	0.48403028	-0.70705783	0.2506293	-0.47061798	0.13690396	-0.575849	0.09967906	-0.68699294	0.023507897	-1.6530092	
0	0	691	1769.1997470331635	0.5979202	0.034703657	0.48545754	-0.70364505	0.25403202	-0.49133515	0.1481931	-0.6183674	0.10214743	-0.6932608	0.041949786	-1.2940216	
0	0	692	1771.7600939897964	0.5974651	0.03203775	0.48781058	-0.69910604	0.25755787	-0.50683695	0.15858142	-0.61583847	0.10455309	-0.6992834	0.051913008	-0.97969246	
0	0	693	1774.3204409464288	0.59967434	0.030321337	0.49153677	-0.6914208	0.261686	-0.5185337	0.16485843	-0.5897519	0.1064772	-0.70095336	0.053648885	-0.72127575	
0	0	694	1776.8807879030614	0.6044076	0.033174515	0.4957252	-0.6779743	0.26658013	-0.5238664	0.16598305	-0.5628314	0.10736348	-0.7057166	0.04917935	-0.5467668	
0	0	695	1779.441134859694	0.60934764	0.043656256	0.49815848	-0.65866035	0.2712008	-0.52017885	0.16367929	-0.55454993	0.10811515	-0.7249803	0.04192532	-0.51335174	
0	0	696	1782.0014818163268	0.6108244	0.060523774	0.49705532	-0.6377009	0.27383137	-0.50973946	0.16161323	-0.5690067	0.11086121	-0.75441283	0.038116988	-0.6791919	
0	0	697	1784.5618287729594	0.606839	0.07776121	0.49301496	-0.6209642	0.27376616	-0.49970922	0.16199699	-0.5912385	0.11643941	-0.77006865	0.044004943	-0.88348365	
0	0	698	1787.122175729592	0.5989034	0.08877509	0.48859933	-0.6113137	0.2721247	-0.4965776	0.16402633	-0.60565466	0.12287723	-0.75277907	0.05649364	-0.9228823	
0	0	699	1789.6825226862247	0.5908181	0.090669885	0.4863147	-0.6071428	0.27092358	-0.501368	0.16578066	-0.6093173	0.12677874	-0.7057894	0.069605276	-0.8476577	
0	0	700	1792.2428696428574	0.5862603	0.08557467	0.48729098	-0.6041394	0.27161783	-0.5093268	0.16604823	-0.60842544	0.12569077	-0.6501485	0.08091784	-0.7248731	
0	0	701	1794.80321659949	0.5868661	0.07931923	0.49101534	-0.59776497	0.27418983	-0.5133295	0.16490152	-0.61159974	0.11968949	-0.61423045	0.08930947	-0.57477766	
0	0	702	1797.3635635561227	0.5913081	0.077956274	0.49564818	-0.585465	0.27712417	-0.508836	0.16364302	-0.62396604	0.11158052	-0.6236479	0.09270077	-0.40030175	
0	0	703	1799.9239105127554	0.5961089	0.083548725	0.49894774	-0.5681082	0.278391	-0.49745172	0.16392142	-0.6413164	0.105718285	-0.68655574	0.087806754	-0.21186903	
0	0	704	1802.484257469388	0.5983218	0.0927499	0.499646	-0.54948026	0.27705517	-0.48616716	0.16610642	-0.6514712	0.10564236	-0.7765559	0.07229819	-0.05178801	
0	0	705	1805.0446044260207	0.5979393	0.10016356	0.49820623	-0.5337028	0.27417883	-0.48187175	0.16872852	-0.6453584	0.11142096	-0.84515584	0.048979506	-0.052302413	
0	0	706	1807.6049513826533	0.5974256	0.10340394	0.4962242	-0.52274513	0.27187452	-0.4854799	0.16967046	-0.62396926	0.11971128	-0.8668521	0.033383153	-0.5815596	
0	0	707	1810.165298339286	0.5989373	0.10481922	0.4952509	-0.51595384	0.2714232	-0.49165493	0.16743767	-0.5961712	0.12686417	-0.850765	0.048756592	-1.1666307	
0	0	708	1812.7256452959184	0.60216016	0.108593285	0.4960617	-0.5111461	0.27242643	-0.49412826	0.1617772	-0.57545924	0.13110685	-0.8169299	0.07624763	-1.227927	
0	0	709	1815.2859922525513	0.6045487	0.11632066	0.49852818	-0.5060317	0.27345407	-0.49068338	0.15415904	-0.5773701	0.13233545	-0.78048134	0.10029839	-1.1206985	
0	0	710	1817.846339209184	0.6036338	0.124844834	0.5018719	-0.49937224	0.27327663	-0.48409647	0.14794607	-0.6111779	0.13119791	-0.75071	0.11577681	-0.9716528	
0	0	711	1820.4066861658166	0.59967864	0.12824473	0.50522035	-0.49155563	0.27182516	-0.47953615	0.14687	-0.6645164	0.12879124	-0.7336853	0.120840594	-0.82733434	
0	0	712	1822.9670331224493	0.5962047	0.12304158	0.5082717	-0.48411438	0.2702685	-0.48013878	0.15177351	-0.7043199	0.12666784	-0.7299066	0.11648121	-0.7204665	
0	0	713	1825.5273800790817	0.5973153	0.11221982	0.51155835	-0.47827193	0.269964	-0.48398036	0.15953693	-0.7068904	0.126031	-0.7292688	0.1068731	-0.6833074	
0	0	714	1828.0877270357146	0.6042106	0.103557125	0.5159919	-0.4736276	0.27120906	-0.48586288	0.16570562	-0.674284	0.1264843	-0.7163836	0.098883666	-0.73299706	
0	0	715	1830.6480739923472	0.61406726	0.103708714	0.5219984	-0.46809548	0.27307287	-0.48208585	0.1670175	-0.624458	0.1261516	-0.68359053	0.09865436	-0.82808	
0	0	716	1833.2084209489797	0.62175107	0.113345884	0.5288407	-0.4593239	0.27425447	-0.4731394	0.16258112	-0.58283144	0.12288292	-0.6359518	0.10594652	-0.8831098	
0	0	717	1835.7687679056125	0.6232884	0.12625316	0.5347469	-0.44691962	0.27404994	-0.4627824	0.15514962	-0.5770117	0.115389496	-0.59055394	0.114796735	-0.8643266	
0	0	718	1838.3291148622452	0.619305	0.13331161	0.53820693	-0.43362305	0.27275246	-0.4550398	0.15094174	-0.61459523	0.10432481	-0.57554716	0.11990118	-0.79607403	
0	0	719	1840.8894618188776	0.6149381	0.12996706	0.5394804	-0.42350915	0.27122885	-0.45152542	0.15418507	-0.6609364	0.09287778	-0.62290996	0.119769044	-0.7113868	
0	0	720	1843.4498087755105	0.6152598	0.12024556	0.54050225	-0.4185523	0.27014083	-0.45139632	0.1626008	-0.6767944	0.085910425	-0.7437478	0.115820214	-0.6292054	
0	0	721	1846.010155732143	0.62123233	0.1125872	0.54327124	-0.4171177	0.2696862	-0.45345742	0.1713627	-0.65720236	0.08728829	-0.8924661	0.11020746	-0.5513141	
0	0	722	1848.5705026887758	0.6297938	0.11290681	0.5483885	-0.4153228	0.26999003	-0.45737696	0.17725179	-0.6155869	0.096578345	-0.9892928	0.10417191	-0.46543038	
0	0	723	1851.1308496454085	0.6364283	0.12122184	0.5545964	-0.40977225	0.271461	-0.46252522	0.17880589	-0.5664934	0.1089966	-1.0009298	0.09719429	-0.35226506	
0	0	724	1853.691196602041	0.63813245	0.13229463	0.55949396	-0.40015078	0.274494	-0.46614125	0.17579368	-0.5239774	0.11900741	-0.951821	0.087172836	-0.19948232	
0	0	725	1856.2515435586738	0.6355746	0.13934234	0.56133914	-0.38980728	0.27869174	-0.46402773	0.169537	-0.50201124	0.12396716	-0.8836103	0.07231743	-0.01444586	
0	0	726	1858.8118905153065	0.63250655	0.13924134	0.56055015	-0.38319182	0.28261757	-0.45420387	0.1628281	-0.5082638	0.12500972	-0.8255588	0.052957516	0.17965354	
0	0	727	1861.372237471939	0.63239676	0.13460192	0.55926543	-0.382388	0.2846534	-0.43952388	0.15825048	-0.5380125	0.12493073	-0.78436077	0.030725233	0.338276	
0	0	728	1863.9325844285718	0.6359364	0.13051079	0.55961466	-0.3860216	0.28421798	-0.42636216	0.15683866	-0.57907426	0.12552062	-0.74760395	0.0084921615	-0.0057317866	
0	0	729	1866.4929313852042	0.64151925	0.13034527	0.5624687	-0.39070866	0.28228083	-0.4206636	0.15846696	-0.61976975	0.12599687	-0.6989798	0.01976577	-1.7319269	
0	0	730	1869.053278341837	0.6469574	0.1345247	0.5672316	-0.3932222	0.2807934	-0.42400873	0.16246378	-0.6511884	0.12380045	-0.6392196	0.041690025	-1.593632	
0	0	731	1871.6136252984697	0.6506466	0.14136964	0.5723611	-0.392092	0.28140238	-0.43218058	0.1676748	-0.66795397	0.117671646	-0.5906483	0.058079764	-1.3344676	
0	0	732	1874.1739722551022	0.65203696	0.14827774	0.57626015	-0.3880772	0.28429928	-0.4378505	0.17266065	-0.67018354	0.10942679	-0.58138573	0.066057704	-1.090311	
0	0	733	1876.734319211735	0.6517455	0.15278332	0.5781138	-0.3834361	0.28808025	-0.4359252	0.17646194	-0.6627939	0.10310688	-0.62641037	0.06662632	-0.92280334	
0	0	734	1879.2946661683675	0.6513047	0.15361418	0.57820237	-0.38048792	0.2908278	-0.427013	0.17906375	-0.64992106	0.103086956	-0.7033566	0.06491743	-0.87461007	
0	0	735	1881.8550131250001	0.65246636	0.15139948	0.5775121	-0.38040447	0.29153216	-0.41594607	0.18060285	-0.63064027	0.11020539	-0.746318	0.06859899	-0.9148493	
0	0	736	1884.415360081633	0.65634215	0.14857459	0.5770359	-0.38298663	0.29053682	-0.40739384	0.18026902	-0.60236984	0.11842238	-0.7128884	0.08053662	-0.9044641	
0	0	737	1886.9757070382655	0.66267705	0.1484363	0.57733434	-0.3872846	0.28881752	-0.4030136	0.17643684	-0.5682811	0.119670644	-0.6355242	0.0934515	-0.7790787	
0	0	738	1889.536053994898	0.66951174	0.15339705	0.5785455	-0.39230108	0.28708655	-0.40184245	0.16812886	-0.5417546	0.112350084	-0.5822658	0.098407164	-0.5925878	
0	0	739	1892.096400951531	0.6738529	0.16291629	0.5805833	-0.39727286	0.28548723	-0.40239748	0.156824	-0.5440586	0.10207184	-0.6093505	0.09214756	-0.41015437	
0	0	740	1894.6567479081634	0.6737004	0.17293571	0.583256	-0.4016195	0.2838945	-0.40429345	0.14698313	-0.59079677	0.09750175	-0.7288121	0.07606531	-0.28815767	
0	0	741	1897.2170948647963	0.66987747	0.17839849	0.58624995	-0.4049034	0.28238225	-0.40807202	0.14362235	-0.6688535	0.10530784	-0.86173725	0.05500958	-0.3409492	
0	0	742	1899.7774418214287	0.66547704	0.17699039	0.5891053	-0.40698734	0.28132197	-0.41372332	0.14799485	-0.736175	0.123552054	-0.8980346	0.044393428	-0.7843779	
0	0	743	1902.3377887780614	0.6634685	0.17053214	0.59132963	-0.40824068	0.2810275	-0.4198534	0.15659495	-0.76223516	0.14241333	-0.8186927	0.06038306	-1.1631283	
0	0	744	1904.8981357346943	0.6647946	0.1632076	0.59262115	-0.4095414	0.28139666	-0.42448577	0.16478013	-0.74931824	0.15144448	-0.6709762	0.08283949	-1.1655613	
0	0	745	1907.4584826913267	0.6681464	0.15841965	0.5930614	-0.41198218	0.28191265	-0.42664453	0.16998062	-0.7155922	0.14576021	-0.5142098	0.096421205	-1.0576147	
0	0	746	1910.0188296479594	0.6713434	0.15664479	0.59315187	-0.41640577	0.28203282	-0.42736453	0.17218722	-0.67678547	0.12795803	-0.40488663	0.10034036	-0.95977324	
0	0	747	1912.5791766045922	0.673183	0.15598315	0.59364796	-0.4229706	0.28171813	-0.4290832	0.17262742	-0.6386289	0.10619754	-0.40218213	0.098928474	-0.90748376	
0	0	748	1915.1395235612247	0.6740457	0.15460862	0.59524655	-0.43098596	0.28161922	-0.43347162	0.1719042	-0.5985184	0.0921825	-0.54334563	0.09709754	-0.90050715	
0	0	749	1917.6998705178576	0.67489284	0.1524262	0.59827566	-0.4391519	0.28262424	-0.4394652	0.16918543	-0.5549366	0.094320305	-0.72766036	0.09815395	-0.90634644	
0	0	750	1920.26021747449	0.6760061	0.15060382	0.60255176	-0.44607902	0.2850932	-0.44349307	0.1634481	-0.51562405	0.10677771	-0.80080277	0.1014044	-0.8793359	
0	0	751	1922.8205644311226	0.67669356	0.14988936	0.6074377	-0.45081693	0.28842297	-0.4420632	0.1552315	-0.49509746	0.11790029	-0.76655287	0.10317024	-0.8036993	
0	0	752	1925.3809113877555	0.6761534	0.14949867	0.6120521	-0.45321643	0.29138345	-0.43469527	0.14687775	-0.505702	0.1215652	-0.68958724	0.10062952	-0.6901812	
0	0	753	1927.941258344388	0.6745496	0.14783338	0.6155917	-0.45403424	0.29308337	-0.4244461	0.1416001	-0.5481	0.11722365	-0.6206705	0.09254222	-0.5495915	
0	0	754	1930.5016053010206	0.672993	0.14424284	0.61769336	-0.45468742	0.29370165	-0.41516966	0.14189483	-0.60268354	0.10778799	-0.5997609	0.07804073	-0.39306706	
0	0	755	1933.0619522576533	0.672476	0.13974802	0.61864656	-0.45661426	0.29416776	-0.40795353	0.14717202	-0.63682705	0.09892959	-0.6572334	0.05723929	-0.2627382	
0	0	756	1935.622299214286	0.6729974	0.13604979	0.61924535	-0.46053174	0.29502937	-0.40028757	0.15314564	-0.63555825	0.09747516	-0.7748733	0.034687936	-0.3138112	
0	0	757	1938.1826461709186	0.6736815	0.13397808	0.6203264	-0.46609858	0.29560032	-0.3891705	0.15552402	-0.61572796	0.10546256	-0.8670225	0.022971628	-0.8745118	
0	0	758	1940.7429931275512	0.6737008	0.1328374	0.6223125	-0.47223356	0.29435527	-0.3755675	0.1537941	-0.6057474	0.11780459	-0.8819132	0.029198552	-1.424034	
0	0	759	1943.303340084184	0.67312557	0.1312726	0.6250648	-0.47782645	0.29043692	-0.36573595	0.15087974	-0.62346727	0.12870799	-0.83729815	0.040930174	-1.6001687	
0	0	760	1945.8636870408168	0.67281777	0.12878707	0.6280754	-0.48232853	0.28491327	-0.3675604	0.15066312	-0.6661125	0.13538976	-0.76385194	0.055758275	-1.629105	
0	0	761	1948.4240339974492	0.6734968	0.12632975	0.6308222	-0.4859089	0.28052583	-0.3844268	0.15532714	-0.7101472	0.13713397	-0.68184054	0.07529836	-1.5371174	
0	0	762	1950.9843809540819	0.67492145	0.12542275	0.63306135	-0.48917812	0.28003782	-0.41110337	0.1633856	-0.7296877	0.13405058	-0.60537344	0.096356586	-1.3229091	
0	0	763	1953.5447279107145	0.6759254	0.12660398	0.6348951	-0.49270493	0.28431743	-0.43570784	0.17072316	-0.72059965	0.12702334	-0.5489051	0.11084413	-1.0328083	
0	0	764	1956.1050748673472	0.6753767	0.12855765	0.636605	-0.4966764	0.29154605	-0.4478316	0.17431526	-0.7007102	0.118086986	-0.52602106	0.11298921	-0.7324255	
0	0	765	1958.6654218239798	0.6732642	0.12890258	0.63841087	-0.50089717	0.29839364	-0.44590604	0.17483793	-0.69181097	0.109685645	-0.54124767	0.10275135	-0.47035256	
0	0	766	1961.2257687806125	0.6708076	0.12591667	0.6403489	-0.5050248	0.30237114	-0.43691197	0.17612606	-0.70092803	0.10325024	-0.58978516	0.082624145	-0.29605547	
0	0	767	1963.7861157372452	0.6696812	0.11951872	0.6422814	-0.50879294	0.30332255	-0.42996076	0.1816545	-0.7094468	0.099485286	-0.6681863	0.058525722	-0.35385317	
0	0	768	1966.346462693878	0.6712735	0.11118745	0.64395833	-0.51216376	0.30292526	-0.43009582	0.19018635	-0.6876479	0.1000301	-0.7710852	0.053343955	-0.8530739	
0	0	769	1968.9068096505105	0.67624295	0.10353853	0.6451428	-0.5154438	0.30306694	-0.43642697	0.19570488	-0.626639	0.10722119	-0.8673625	0.083391145	-1.0971571	
0	0	770	1971.4671566071431	0.6840865	0.09965575	0.6458099	-0.5192165	0.30460224	-0.44440347	0.19250782	-0.54675037	0.120495476	-0.9079291	0.118462145	-0.96722806	
0	0	771	1974.0275035637758	0.6929064	0.10182445	0.6462757	-0.52397543	0.3071134	-0.4495911	0.1799107	-0.48378283	0.13488165	-0.8774777	0.13857932	-0.7463347	
0	0	772	1976.5878505204084	0.69987863	0.11020704	0.64705384	-0.5296596	0.30945405	-0.45031604	0.16332763	-0.47413984	0.14488457	-0.798685	0.14105763	-0.54876524	
0	0	773	1979.148197477041	0.70232284	0.122444026	0.6484738	-0.53553677	0.310557	-0.44802928	0.15200625	-0.52949345	0.14736715	-0.699885	0.13278206	-0.4160392	
0	0	774	1981.7085444336738	0.6988132	0.13413377	0.6503302	-0.5406675	0.31001806	-0.44591427	0.15239295	-0.60092133	0.14115214	-0.60664016	0.122438654	-0.34876618	
0	0	775	1984.2688913903064	0.690145	0.13993147	0.6519177	-0.54477525	0.30822083	-0.44704404	0.16055031	-0.6164204	0.12748343	-0.5551462	0.11474576	-0.3055619	
0	0	776	1986.8292383469388	0.6796936	0.13578257	0.6526445	-0.54876953	0.30610698	-0.4529507	0.16561082	-0.5669914	0.11279775	-0.5897376	0.107020505	-0.229198	
0	0	777	1989.3895853035717	0.67216015	0.12177101	0.6527478	-0.55405736	0.30473697	-0.4627515	0.16045354	-0.49994433	0.105875306	-0.6996991	0.09238708	-0.10359265	
0	0	778	1991.9499322602044	0.67097235	0.10295421	0.65322256	-0.5611326	0.30472022	-0.4732414	0.14692391	-0.4755328	0.1079122	-0.8065526	0.067190036	0.027875058	
0	0	779	1994.510279216837	0.67635036	0.086698145	0.6549702	-0.56898063	0.305757	-0.4806242	0.1341935	-0.5370503	0.11434881	-0.8711751	0.034662794	-0.013487531	
0	0	780	1997.0706261734697	0.6852536	0.078556955	0.6580259	-0.57581365	0.3067558	-0.4832866	0.1330465	-0.6628162	0.12251218	-0.899087	0.021838693	-1.2616336	
0	0	781	1999.6309731301023	0.6929347	0.07932205	0.661446	-0.58046263	0.30669153	-0.48326057	0.14647561	-0.7542572	0.13182469	-0.8921657	0.053902794	-1.6199387	
0	0	782	2002.191320086735	0.6956349	0.08461474	0.6639929	-0.5834497	0.3055633	-0.48447868	0.16617437	-0.7523986	0.14049804	-0.8409085	0.08408088	-1.3733974	
0	0	783	2004.7516670433677	0.6931583	0.087747276	0.6652493	-0.5866945	0.30444184	-0.48895773	0.1811052	-0.6821631	0.14358588	-0.7489476	0.09875416	-0.9767452	
0	0	784	2007.312014	0.6889304	0.08453372	0.6661139	-0.5917807	0.304413	-0.494538	0.18567428	-0.59406483	0.1374357	-0.651586	0.094739996	-0.5016493	
0	0	785	2009.872360956633	0.6871722	0.07624128	0.66801226	-0.5983756	0.30539447	-0.496768	0.1815919	-0.52729625	0.12441843	-0.58902675	0.08092527	0.04069679	
0	0	786	2012.4327079132656	0.68974197	0.06844364	0.6715794	-0.6044042	0.30599344	-0.49352774	0.17449503	-0.497281	0.10911482	-0.58469814	0.070971124	0.6655761	
0	0	787	2014.9930548698983	0.6947046	0.06692415	0.6759739	-0.6078077	0.30468675	-0.48815966	0.16897303	-0.49384344	0.09546257	-0.65919584	0.07332784	1.3035876	
0	0	788	2017.553401826531	0.6972829	0.07298032	0.67944324	-0.608515	0.3014798	-0.4878884	0.16527827	-0.4949136	0.08875864	-0.823123	0.08585056	1.8389243	
0	0	789	2020.1137487831634	0.6935329	0.08122361	0.6809232	-0.608825	0.29846466	-0.49778074	0.1603134	-0.49434218	0.09467533	-1.0012915	0.09990195	2.2650733	
0	0	790	2022.6740957397963	0.68446976	0.083297305	0.6812493	-0.61136514	0.29835045	-0.51505744	0.15262592	-0.51169074	0.11008608	-1.0744834	0.10756863	2.6056406	
0	0	791	2025.234442696429	0.67557645	0.075441994	0.68249726	-0.61640453	0.30218783	-0.53024197	0.14534026	-0.5687214	0.12528133	-1.0498382	0.10715316	2.8592472	
0	0	792	2027.7947896530613	0.6717845	0.06167444	0.68601245	-0.6213051	0.3085413	-0.5346912	0.14347535	-0.65885895	0.13609026	-0.9876217	0.102831796	3.0310824	
0	0	793	2030.3551366096942	0.67380613	0.0496717	0.69097847	-0.6226451	0.31461465	-0.5264656	0.14927852	-0.74401104	0.14349699	-0.912641	0.09927238	-3.13309	
0	0	794	2032.9154835663269	0.6784068	0.044621356	0.69466823	-0.61931515	0.31798866	-0.5102561	0.16032656	-0.788327	0.14798091	-0.8203369	0.09882332	-3.0188782	
0	0	795	2035.4758305229593	0.68121666	0.045907646	0.6945086	-0.6141956	0.3178132	-0.4939469	0.17141013	-0.78502095	0.14652029	-0.70407456	0.10046479	-2.8558254	
0	0	796	2038.0361774795922	0.6802194	0.048349593	0.6906114	-0.61244756	0.31508416	-0.4845745	0.17766383	-0.75170195	0.13432142	-0.58983785	0.09970814	-2.6225457	
0	0	797	2040.5965244362246	0.67722535	0.04732221	0.6861231	-0.61722565	0.31189206	-0.48493373	0.17728409	-0.7158804	0.11388077	-0.5521579	0.09398859	-2.3551872	
0	0	798	2043.1568713928575	0.6753977	0.043179873	0.68472576	-0.62687266	0.310035	-0.4928511	0.17252244	-0.7002773	0.09700835	-0.64913446	0.08676739	-2.094924	
0	0	799	2045.7172183494902	0.67550224	0.039953507	0.68784446	-0.63622093	0.3102081	-0.5039406	0.16746749	-0.71073407	0.09257387	-0.8366661	0.08202042	-1.8442918	
0	0	800	2048.2775653061226	0.67520005	0.03996757	0.69380456	-0.6404452	0.312304	-0.5143872	0.1648157	-0.7374129	0.101093896	-1.0003984	0.08056809	-1.5820047	
0	0	801	2050.8379122627553	0.67194605	0.04053132	0.69909275	-0.6383465	0.3158835	-0.5212387	0.16515934	-0.76712734	0.11837032	-1.0683547	0.07942716	-1.2787323	
0	0	802	2053.398259219388	0.6664184	0.036284164	0.7008836	-0.6329857	0.3201049	-0.5220448	0.16818173	-0.7904613	0.13772334	-1.0317852	0.06994505	-0.937972	
0	0	803	2055.9586061760206	0.6626266	0.02512434	0.69915396	-0.6291001	0.32352495	-0.5160782	0.1732985	-0.8002942	0.14971894	-0.92440414	0.047428936	-0.7568284	
0	0	804	2058.518953132653	0.6642716	0.011401646	0.6963865	-0.62920195	0.32463008	-0.50616133	0.17924385	-0.79144573	0.1485608	-0.813221	0.033256285	-1.1479737	
0	0	805	2061.079300089286	0.6712673	0.002754305	0.69511616	-0.63193405	0.32297257	-0.4978737	0.18400232	-0.7652928	0.13893607	-0.7571855	0.04423572	-1.5761452	
0	0	806	2063.6396470459185	0.6794779	0.0040394133	0.6958745	-0.63393056	0.3195609	-0.49592507	0.18607748	-0.7313792	0.12974803	-0.7722867	0.06372708	-1.639186	
0	0	807	2066.199994002551	0.68343693	0.013530962	0.6971455	-0.6329308	0.31603324	-0.50142974	0.1856625	-0.700966	0.1274135	-0.8312942	0.08338231	-1.5600909	
0	0	808	2068.760340959184	0.68039423	0.023790829	0.6968947	-0.62950176	0.3136092	-0.51203233	0.18421142	-0.6797098	0.1335344	-0.8713063	0.09898954	-1.4089994	
0	0	809	2071.3206879158165	0.6727103	0.027058246	0.6943466	-0.6263517	0.31253844	-0.52400416	0.1831278	-0.66537356	0.14214997	-0.84223527	0.10278344	-1.2302653	
0	0	810	2073.881034872449	0.6658432	0.0213138	0.6906327	-0.6259404	0.31222573	-0.5350631	0.1825789	-0.65085465	0.14399974	-0.7627668	0.092966355	-1.1576662	
0	0	811	2076.441381829082	0.66379744	0.011335448	0.6877741	-0.6284037	0.3120503	-0.5459091	0.18111137	-0.6323018	0.13652289	-0.68658227	0.09058254	-1.2613385	
0	0	812	2079.0017287857145	0.66655767	0.0041834945	0.6870056	-0.63156116	0.31223923	-0.5586426	0.17694029	-0.61727774	0.12328467	-0.6518828	0.10428413	-1.3052124	
0	0	813	2081.562075742347	0.670896	0.003937622	0.68793195	-0.6327705	0.31388146	-0.57331556	0.17028846	-0.62333775	0.10889421	-0.6873378	0.12048987	-1.2004541	
0	0	814	2084.12242269898	0.67302126	0.009595088	0.6890007	-0.63088	0.31795874	-0.585865	0.16437598	-0.66539896	0.09984506	-0.8188812	0.12850133	-0.9933387	
0	0	815	2086.6827696556124	0.671159	0.016689315	0.6887076	-0.6268227	0.3240812	-0.58988	0.16397174	-0.73852104	0.10517181	-0.9898761	0.121415816	-0.7189029	
0	0	816	2089.243116612245	0.6663145	0.020931214	0.6866008	-0.6227062	0.33011594	-0.5817311	0.17215271	-0.81077236	0.12397495	-1.0466008	0.09580804	-0.40912834	
0	0	817	2091.8034635688778	0.660819	0.02080031	0.68340164	-0.62027436	0.33348575	-0.56412953	0.18744785	-0.8454842	0.14171135	-0.97280574	0.054288235	-0.124407716	
0	0	818	2094.3638105255104	0.6564712	0.01727014	0.68034256	-0.61995745	0.33297127	-0.5442015	0.20442373	-0.83049655	0.14938772	-0.851879	0.009321072	-0.8867553	
0	0	819	2096.924157482143	0.65399504	0.01204428	0.6784005	-0.6209185	0.32923537	-0.5289452	0.21695487	-0.77830446	0.1478394	-0.73537225	0.05090111	-2.1667635	
0	0	820	2099.4845044387757	0.65353763	0.0065502715	0.67789733	-0.62170106	0.324094	-0.52227175	0.22103442	-0.7115024	0.14033757	-0.6425249	0.09619381	-1.8463681	
0	0	821	2102.0448513954084	0.65505916	0.0021187246	0.67846525	-0.62094676	0.31949303	-0.524203	0.21606298	-0.6541949	0.12995061	-0.58713365	0.123875484	-1.4620005	
0	0	822	2104.605198352041	0.6581347	0.00024062308	0.6792455	-0.61797476	0.3167258	-0.5317888	0.2050757	-0.62860894	0.12105282	-0.58028406	0.12758626	-1.1102177	
0	0	823	2107.1655453086737	0.66162205	0.0019725747	0.679286	-0.6131125	0.31624457	-0.5412382	0.1940285	-0.6483204	0.11814951	-0.5936805	0.114093125	-0.85502654	
0	0	824	2109.7258922653064	0.66396487	0.006853752	0.67804277	-0.6075409	0.31807268	-0.5492717	0.18944313	-0.7043373	0.11858725	-0.570753	0.09541158	-0.7316552	
0	0	825	2112.286239221939	0.664224	0.012707164	0.6756801	-0.6026086	0.32207948	-0.5524008	0.19450161	-0.76006085	0.115530014	-0.5157055	0.080695994	-0.7600309	
0	0	826	2114.8465861785717	0.6628944	0.017054297	0.6728964	-0.59903747	0.32746688	-0.5462577	0.2064312	-0.77633786	0.10695814	-0.47600564	0.07758448	-0.91495675	
0	0	827	2117.4069331352043	0.66151077	0.01903907	0.6704094	-0.59661895	0.3320072	-0.52811974	0.21792527	-0.7409202	0.095884345	-0.5052473	0.091388285	-1.034601	
0	0	828	2119.967280091837	0.66131413	0.02004107	0.66851467	-0.59459376	0.3326406	-0.50158554	0.22140144	-0.67033666	0.08999878	-0.6396302	0.115235984	-0.96179384	
0	0	829	2122.5276270484696	0.66215074	0.022388365	0.6670491	-0.5923353	0.32783893	-0.47730175	0.213555	-0.5961373	0.0980925	-0.7971571	0.12996183	-0.7477764	
0	0	830	2125.0879740051023	0.6624931	0.027166216	0.66570807	-0.58972114	0.3192803	-0.4672928	0.19714496	-0.55051786	0.11707439	-0.8349599	0.12704037	-0.5260007	
0	0	831	2127.648320961735	0.66071314	0.032856148	0.6643474	-0.5869417	0.31109408	-0.47793525	0.17875704	-0.5556125	0.13447738	-0.76260036	0.113030374	-0.3540562	
0	0	832	2130.2086679183676	0.65668756	0.036233626	0.6629771	-0.5841123	0.3078013	-0.50525486	0.1653315	-0.61339223	0.14315374	-0.65889895	0.093078546	-0.23980232	
0	0	833	2132.7690148750003	0.6521681	0.03501563	0.6615602	-0.5812156	0.3119007	-0.53445697	0.16105412	-0.69549143	0.14451256	-0.57809174	0.06895582	-0.22830933	
0	0	834	2135.329361831633	0.6494775	0.02982406	0.6599631	-0.5783975	0.32181495	-0.5482378	0.16475493	-0.7579505	0.14450575	-0.5356288	0.048153274	-0.5310413	
0	0	835	2137.8897087882656	0.64983976	0.023838578	0.65820324	-0.5761247	0.33241823	-0.54010624	0.17113349	-0.7820239	0.14806338	-0.5049055	0.056601573	-1.0863745	
0	0	836	2140.4500557448982	0.6525552	0.02073374	0.6566892	-0.5747495	0.33876854	-0.5182809	0.17614713	-0.7821453	0.15374048	-0.44160047	0.08529918	-1.1426973	
0	0	837	2143.010402701531	0.65529263	0.022299731	0.65601385	-0.5738117	0.33961403	-0.49739146	0.18004043	-0.77607256	0.15389356	-0.33201697	0.10184618	-0.95783603	
0	0	838	2145.5707496581635	0.6554479	0.026957849	0.6562981	-0.5719407	0.33770707	-0.48796126	0.18488044	-0.7629854	0.14084616	-0.20800568	0.0972335	-0.76191777	
0	0	839	2148.131096614796	0.65206915	0.03042358	0.6566812	-0.56788754	0.33731842	-0.48970968	0.1903721	-0.72837806	0.1135797	-0.15127511	0.075865746	-0.6806965	
0	0	840	2150.6914435714293	0.64677685	0.02867834	0.65571284	-0.56206137	0.34057388	-0.49197125	0.19227707	-0.66606563	0.084920384	-0.3341157	0.054288197	-1.0126905	
0	0	841	2153.2517905280615	0.6425644	0.020850636	0.65267485	-0.55683875	0.3453843	-0.48425737	0.18567981	-0.5969131	0.08585103	-0.7850914	0.07918174	-1.524813	
0	0	842	2155.812137484694	0.64178616	0.0093913395	0.64852923	-0.5547068	0.34769702	-0.46695298	0.1715786	-0.565358	0.12042735	-0.99227417	0.1301515	-1.3614798	
0	0	843	2158.372484441327	0.64525473	-0.0018390625	0.6452329	-0.5559137	0.345486	-0.44937313	0.15896885	-0.6057824	0.16036499	-0.9461936	0.15330082	-0.9614613	
0	0	844	2160.9328313979595	0.6524923	-0.0091564935	0.6440538	-0.558047	0.3400545	-0.4410121	0.15822934	-0.6924713	0.18952852	-0.8035622	0.14030233	-0.559784	
0	0	845	2163.493178354592	0.66200316	-0.009560678	0.64438385	-0.55790985	0.3346989	-0.44504976	0.17124096	-0.74033	0.20072193	-0.63682926	0.10792943	-0.19787565	
0	0	846	2166.053525311225	0.67106205	-0.001355551	0.64395106	-0.55445135	0.33221844	-0.45552593	0.18773285	-0.69690615	0.19286461	-0.4934134	0.06856803	0.13279879	
0	0	847	2168.6138722678575	0.6760143	0.014088713	0.6408006	-0.5505037	0.3322572	-0.46160156	0.1928316	-0.5898884	0.17250597	-0.4213904	0.029044436	0.38255313	
0	0	848	2171.17421922449	0.67444825	0.03139008	0.6356756	-0.5505857	0.33135238	-0.45930976	0.1806413	-0.49162573	0.15328293	-0.4585312	0.009620786	-1.4507269	
0	0	849	2173.734566181123	0.66744083	0.044154316	0.63165426	-0.55607593	0.32688192	-0.45666632	0.15913454	-0.46942663	0.14937563	-0.56832975	0.036108743	-1.5351691	
0	0	850	2176.2949131377554	0.658538	0.04925648	0.6311389	-0.5635604	0.3201423	-0.46517217	0.1415642	-0.5564479	0.16155845	-0.62603164	0.05420976	-1.0960122	
0	0	851	2178.855260094388	0.6510501	0.047561076	0.6337978	-0.56792265	0.31536898	-0.48855245	0.13932441	-0.7198958	0.175111	-0.5768738	0.060804117	-0.5408276	
0	0	852	2181.4156070510207	0.6467894	0.042071033	0.6369201	-0.5663736	0.31641275	-0.51729405	0.15638205	-0.84611404	0.17630619	-0.46573582	0.055789836	0.10094305	
0	0	853	2183.975954007653	0.6461	0.036313735	0.63735116	-0.5604692	0.3233672	-0.5336695	0.18389931	-0.8498689	0.16203101	-0.35479718	0.04404741	0.8227256	
0	0	854	2186.536300964286	0.6480889	0.033306878	0.6338432	-0.5550991	0.33169216	-0.52595544	0.20426205	-0.7517861	0.13744824	-0.29871798	0.034269772	1.6801454	
0	0	855	2189.0966479209187	0.6509606	0.03458929	0.6280924	-0.55484146	0.33518097	-0.49796015	0.20587346	-0.6298676	0.11220365	-0.35764724	0.034821138	2.6376095	
0	0	856	2191.656994877551	0.65272635	0.039651513	0.623292	-0.5604736	0.3304236	-0.46579894	0.19304997	-0.54915947	0.0997269	-0.5545096	0.04723439	-2.8686152	
0	0	857	2194.217341834184	0.6520371	0.046263687	0.6215828	-0.56879646	0.31921595	-0.447935	0.17665917	-0.53437537	0.10641421	-0.73249584	0.06614806	-2.2915196	
0	0	858	2196.7776887908167	0.64871293	0.051388253	0.6227936	-0.575609	0.30735123	-0.4543203	0.16525394	-0.5801357	0.11861564	-0.7603992	0.08426836	-1.8099515	
0	0	859	2199.338035747449	0.6439141	0.05231631	0.6251365	-0.57874745	0.30059943	-0.47887644	0.16377227	-0.65092933	0.12178963	-0.7100374	0.09357745	-1.4023757	
0	0	860	2201.898382704082	0.6398284	0.048041053	0.6267926	-0.57885563	0.30071965	-0.5033679	0.17088039	-0.6906316	0.11457015	-0.6826934	0.09170205	-1.0975478	
0	0	861	2204.4587296607147	0.6386695	0.040276323	0.62702364	-0.5780443	0.3047943	-0.5125579	0.17836745	-0.67705846	0.104789205	-0.74308336	0.08280082	-0.9196795	
0	0	862	2207.0190766173473	0.64138454	0.03303548	0.6262197	-0.5781216	0.308037	-0.5048736	0.1793937	-0.6384295	0.10289494	-0.88668036	0.072918	-0.89017147	
0	0	863	2209.57942357398	0.64683926	0.030670194	0.6252431	-0.57969487	0.30726513	-0.49047923	0.17383	-0.610696	0.113842726	-1.010054	0.07031657	-1.0053228	
0	0	864	2212.1397705306126	0.6519713	0.035240967	0.62479293	-0.5823188	0.30282208	-0.48286152	0.16536155	-0.61591935	0.13196254	-1.0329667	0.08270635	-1.0906034	
0	0	865	2214.7001174872453	0.6533094	0.044526964	0.62513304	-0.5850681	0.29805568	-0.4897198	0.15899017	-0.6620116	0.147984	-0.9755051	0.10080337	-0.9473172	
0	0	866	2217.260464443878	0.64956844	0.052708734	0.62608993	-0.5870269	0.29672036	-0.50754493	0.15982896	-0.73043185	0.15707445	-0.88760096	0.102070525	-0.64088804	
0	0	867	2219.8208114005106	0.6429763	0.05448523	0.6271258	-0.58766156	0.30030274	-0.5244366	0.16864914	-0.7738503	0.15982619	-0.7997975	0.080691814	-0.30780122	
0	0	868	2222.3811583571432	0.6374602	0.04910259	0.6275236	-0.5871915	0.30726483	-0.52927226	0.17937174	-0.766215	0.15825893	-0.7173292	0.04629483	0.023834266	
0	0	869	2224.9415053137755	0.6356836	0.040405996	0.6268018	-0.58675194	0.3143069	-0.51878905	0.1856095	-0.7246029	0.15236877	-0.6359409	0.0074025975	0.86277956	
0	0	870	2227.5018522704086	0.6376166	0.033739503	0.6251846	-0.58787686	0.31838545	-0.49797648	0.18538918	-0.675163	0.14035173	-0.5637999	0.036377087	-2.8015742	
0	0	871	2230.062199227041	0.64089775	0.03251003	0.6236285	-0.5914042	0.31825435	-0.47606742	0.17954698	-0.6362416	0.12233887	-0.5404712	0.075220294	-2.4492025	
0	0	872	2232.6225461836734	0.6424494	0.036166888	0.6232099	-0.5967043	0.3148509	-0.46180484	0.17017989	-0.62214196	0.10573065	-0.62957406	0.10447678	-2.1233768	
0	0	873	2235.1828931403065	0.6406288	0.04079453	0.62435	-0.6020327	0.31062123	-0.45986784	0.16064702	-0.64283156	0.10297611	-0.806838	0.11540272	-1.7962188	
0	0	874	2237.743240096939	0.6363271	0.042104434	0.6265301	-0.6057474	0.30829954	-0.46878043	0.15460618	-0.69415003	0.114551455	-0.9126189	0.10185948	-1.5066519	
0	0	875	2240.3035870535714	0.63211435	0.03833573	0.62869215	-0.6073971	0.30951005	-0.48114505	0.15387796	-0.7558308	0.12820366	-0.895668	0.069647305	-1.4044237	
0	0	876	2242.8639340102045	0.63051987	0.031124942	0.62998927	-0.6078522	0.31373394	-0.48779643	0.15792322	-0.80496985	0.13410848	-0.8071202	0.048946932	-1.8744224	
0	0	877	2245.424280966837	0.6326651	0.024591245	0.630275	-0.6084546	0.31855813	-0.48400798	0.16470678	-0.8262649	0.12784357	-0.70456326	0.07294182	-2.3087852	
0	0	878	2247.9846279234694	0.63750196	0.023261387	0.6299458	-0.61004573	0.32127574	-0.47233015	0.17097272	-0.8147142	0.11076045	-0.66000426	0.10989443	-2.2397027	
0	0	879	2250.5449748801025	0.6419929	0.02928197	0.6294433	-0.61275053	0.32061976	-0.46021655	0.1726912	-0.7797818	0.09381396	-0.7666094	0.13953084	-1.9941334	
0	0	880	2253.105321836735	0.64272356	0.040513877	0.6290108	-0.616438	0.31744388	-0.45516425	0.16756105	-0.7485135	0.09325975	-0.9846071	0.15254025	-1.6670086	
0	0	881	2255.665668793368	0.6382265	0.051335875	0.62883925	-0.62101763	0.31401658	-0.46015802	0.15832968	-0.7559354	0.108426854	-1.1002355	0.14137371	-1.3079932	
0	0	882	2258.22601575	0.6302108	0.055889733	0.6291873	-0.6262136	0.31234413	-0.47193393	0.15246171	-0.8166034	0.12601125	-1.0820396	0.108395025	-1.0023916	
0	0	883	2260.786362706633	0.6227261	0.051771693	0.6301618	-0.6313254	0.31276736	-0.48412994	0.15660697	-0.8944973	0.13857546	-0.9962435	0.07004204	-0.9088491	
0	0	884	2263.3467096632658	0.6197637	0.042177737	0.6313974	-0.6356376	0.314105	-0.49292997	0.17011459	-0.9271922	0.14395174	-0.8854117	0.05123535	-1.2459928	
0	0	885	2265.907056619898	0.6224691	0.03470414	0.63219565	-0.6392877	0.31511995	-0.49941936	0.18523969	-0.89131206	0.14209267	-0.77533996	0.06514178	-1.5331585	
0	0	886	2268.467403576531	0.62767667	0.036122635	0.63223016	-0.64351887	0.3157708	-0.50671905	0.19387107	-0.8099054	0.13472371	-0.68851876	0.08735576	-1.4278802	
0	0	887	2271.0277505331637	0.6296704	0.04641999	0.63213485	-0.6496576	0.31702536	-0.5153386	0.19286017	-0.7189959	0.12535416	-0.64222616	0.09938813	-1.151779	
0	0	888	2273.588097489796	0.62476355	0.05788249	0.63321334	-0.65756613	0.31944317	-0.5216475	0.18411185	-0.64717364	0.11787002	-0.63960016	0.09297958	-0.8379534	
0	0	889	2276.148444446429	0.6147236	0.060702153	0.6363122	-0.66512185	0.32202953	-0.5214548	0.17199363	-0.61281455	0.11513683	-0.6649561	0.06904282	-0.6055648	
0	0	890	2278.7087914030617	0.6056782	0.050557345	0.6407918	-0.6696232	0.32267293	-0.5151725	0.16177103	-0.6231264	0.11828115	-0.6845107	0.03964052	-0.7491267	
0	0	891	2281.269138359694	0.60361886	0.032570295	0.64469236	-0.67017627	0.31996223	-0.5094563	0.15813945	-0.6609688	0.12549467	-0.6610576	0.042022545	-1.5771818	
0	0	892	2283.829485316327	0.6099217	0.0183495	0.6462424	-0.66882133	0.314913	-0.51339054	0.16109103	-0.6864435	0.1315739	-0.5821515	0.07783054	-1.716886	
0	0	893	2286.3898322729597	0.61992455	0.01714668	0.64542294	-0.6690311	0.31087515	-0.53103375	0.1657475	-0.6834053	0.13077639	-0.4728507	0.11212952	-1.5259106	
0	0	894	2288.950179229592	0.6261786	0.028330311	0.64400834	-0.6728761	0.31122395	-0.55613035	0.16914919	-0.66716796	0.121670194	-0.38168675	0.13182795	-1.2767103	
0	0	895	2291.5105261862245	0.624379	0.042193245	0.64404756	-0.67944	0.31672385	-0.5752951	0.17186001	-0.6497861	0.1086325	-0.356057	0.13500324	-1.0608633	
0	0	896	2294.0708731428576	0.61674255	0.047917087	0.64622474	-0.6858189	0.32476974	-0.5776793	0.17486358	-0.6295403	0.09871064	-0.41420406	0.12902217	-0.9140627	
0	0	897	2296.63122009949	0.60980815	0.04184489	0.6495046	-0.68973786	0.33084387	-0.5625161	0.17736605	-0.59945786	0.09673089	-0.5142353	0.122092135	-0.81958944	
0	0	898	2299.1915670561225	0.6089962	0.030116748	0.65229845	-0.691359	0.3314061	-0.5397466	0.17665291	-0.56255335	0.10137032	-0.5825287	0.115930885	-0.72722894	
0	0	899	2301.7519140127556	0.6143795	0.023477992	0.6540107	-0.6926247	0.32657033	-0.5236925	0.17157814	-0.5410925	0.106892444	-0.5956658	0.10579559	-0.60402614	
0	0	900	2304.3122609693883	0.6207753	0.028065875	0.65541804	-0.6949907	0.31997934	-0.5233127	0.165862	-0.55557156	0.108837515	-0.5872011	0.0864016	-0.47162265	
0	0	901	2306.8726079260205	0.6221412	0.040510673	0.65762144	-0.6979737	0.31582525	-0.5366603	0.16432269	-0.59831786	0.107823074	-0.6026987	0.058286197	-0.44160107	
0	0	902	2309.4329548826536	0.6165828	0.05122913	0.66076374	-0.6998325	0.31612375	-0.5535937	0.16858661	-0.64278024	0.10857289	-0.65432554	0.035663616	-0.9004814	
0	0	903	2311.9933018392862	0.6077014	0.052050002	0.66377777	-0.6995768	0.3199837	-0.563236	0.17708524	-0.6653061	0.1143244	-0.70521885	0.049486782	-1.5646658	
0	0	904	2314.5536487959184	0.6015659	0.04226178	0.66543686	-0.69829315	0.32447907	-0.5607964	0.18600243	-0.6566719	0.123351626	-0.7157925	0.078799054	-1.5804273	
0	0	905	2317.1139957525515	0.60215366	0.029143006	0.66570055	-0.69836134	0.32662174	-0.5500236	0.19071494	-0.6269002	0.13128294	-0.6812541	0.09998379	-1.3680134	
0	0	906	2319.674342709184	0.608609	0.022406397	0.6659714	-0.7012692	0.32543916	-0.53965324	0.1891889	-0.60173684	0.13433973	-0.62097454	0.10375041	-1.0835807	
0	0	907	2322.2346896658164	0.61606663	0.026925284	0.6679808	-0.70612913	0.32234687	-0.53669643	0.18431176	-0.6043154	0.13113959	-0.56212085	0.08639994	-0.80543196	
0	0	908	2324.795036622449	0.6192068	0.039792735	0.6723493	-0.71020514	0.3196245	-0.54238945	0.18103959	-0.63629	0.12306235	-0.52832496	0.05318964	-0.70439523	
0	0	909	2327.355383579082	0.61584246	0.053079344	0.67799246	-0.7109954	0.31875902	-0.5530614	0.1820862	-0.67967147	0.112428054	-0.5339183	0.03393214	-1.4334509	
0	0	910	2329.9157305357144	0.60803753	0.05925975	0.6828345	-0.7082203	0.3198175	-0.5638613	0.18682317	-0.7148417	0.10101548	-0.5968136	0.06587759	-1.8836913	
0	0	911	2332.476077492347	0.60021806	0.05557551	0.68536204	-0.70409137	0.32192558	-0.57236177	0.19293503	-0.73443013	0.09260052	-0.7526509	0.10544376	-1.724122	
0	0	912	2335.03642444898	0.5961601	0.044685498	0.6857574	-0.7016153	0.32435924	-0.5792443	0.19868729	-0.74205375	0.096410945	-0.98635083	0.13571407	-1.4378206	
0	0	913	2337.5967714056123	0.59740937	0.0319274	0.68564576	-0.70240873	0.32716084	-0.58569837	0.20378028	-0.74200994	0.11836865	-1.1406938	0.15034412	-1.1147727	
0	0	914	2340.157118362245	0.60360026	0.022491846	0.68684745	-0.7057466	0.330654	-0.5910102	0.20821744	-0.7332638	0.1496016	-1.1309602	0.14538221	-0.79446393	
0	0	915	2342.717465318878	0.61307687	0.02049096	0.6901972	-0.7091878	0.33459234	-0.5931327	0.21093547	-0.7129284	0.17663258	-1.0110925	0.12202572	-0.5284743	
0	0	916	2345.2778122755103	0.62273055	0.028347136	0.69501233	-0.71010184	0.33792946	-0.59132266	0.20982282	-0.6833878	0.19059794	-0.8409367	0.08918323	-0.41279995	
0	0	917	2347.838159232143	0.62819266	0.04457997	0.6993316	-0.70737135	0.3395562	-0.58822834	0.20326671	-0.6568609	0.18715397	-0.6583307	0.06473982	-0.6223783	
0	0	918	2350.398506188776	0.626385	0.062145416	0.701038	-0.70249754	0.33956808	-0.58883744	0.19242081	-0.6534007	0.1655187	-0.50304776	0.07090985	-1.0181122	
0	0	919	2352.9588531454087	0.61877596	0.07196373	0.69948244	-0.6990077	0.33966672	-0.5959588	0.18194082	-0.68775266	0.13207443	-0.4541411	0.09864098	-1.109077	
0	0	920	2355.519200102041	0.6107146	0.06960987	0.6962068	-0.7000554	0.34176803	-0.606611	0.17703407	-0.7513118	0.107125245	-0.6222002	0.12619118	-0.9807897	
0	0	921	2358.079547058674	0.6075609	0.058056258	0.69393724	-0.70620865	0.34619075	-0.6140897	0.17940791	-0.8148149	0.11175084	-0.87601495	0.14083149	-0.7662054	
0	0	922	2360.6398940153067	0.611818	0.045460206	0.69494635	-0.71514225	0.3513149	-0.6134971	0.18700293	-0.85378134	0.13319781	-0.95440245	0.1354538	-0.5490799	
0	0	923	2363.200240971939	0.62198067	0.040864263	0.6999809	-0.722789	0.35472283	-0.60519314	0.19654657	-0.86080784	0.15079321	-0.9063411	0.114191435	-0.42774683	
0	0	924	2365.7605879285716	0.63274884	0.048837267	0.7077588	-0.72504276	0.35476917	-0.59434664	0.20506787	-0.83915925	0.15791562	-0.82685953	0.0945906	-0.4903779	
0	0	925	2368.3209348852047	0.63807315	0.06553178	0.71507746	-0.71997386	0.35164437	-0.5877329	0.21009769	-0.79690295	0.15669782	-0.7709444	0.09154812	-0.6514544	
0	0	926	2370.881281841837	0.63611966	0.08138823	0.7183815	-0.70969063	0.34720102	-0.58958304	0.21009281	-0.74547327	0.1545975	-0.76206934	0.09914436	-0.72083145	
0	0	927	2373.4416287984695	0.6304136	0.08941357	0.71646994	-0.6993769	0.34359205	-0.5992792	0.2050494	-0.6971034	0.15955763	-0.7702526	0.104200006	-0.6911673	
0	0	928	2376.0019757551026	0.6256893	0.089933455	0.7114628	-0.6932437	0.3419886	-0.6128197	0.19615482	-0.66189414	0.17092308	-0.73099977	0.100750014	-0.638884	
0	0	929	2378.562322711735	0.6238695	0.087992966	0.706629	-0.6914908	0.3424648	-0.62598103	0.18508784	-0.6489416	0.17892641	-0.6216159	0.09079376	-0.6472975	
0	0	930	2381.1226696683675	0.623549	0.08765374	0.70368475	-0.6911072	0.3445772	-0.6356471	0.17433947	-0.6680141	0.17361714	-0.46847305	0.08467052	-0.769643	
0	0	931	2383.6830166250006	0.6224329	0.08843252	0.7019431	-0.6889446	0.3475713	-0.6394154	0.16788983	-0.7213821	0.15082376	-0.3220898	0.09158614	-0.88439643	
0	0	932	2386.243363581633	0.6203015	0.08689328	0.6994102	-0.6843281	0.35016754	-0.63602734	0.1694576	-0.7860186	0.11532564	-0.27033052	0.10301179	-0.8545399	
0	0	933	2388.8037105382655	0.6193672	0.0815251	0.6947991	-0.6793835	0.35076973	-0.627091	0.17814846	-0.8223274	0.08414937	-0.4712466	0.107181065	-0.7313946	
0	0	934	2391.3640574948986	0.62176746	0.07532013	0.6887923	-0.67691773	0.34849593	-0.61766213	0.18824117	-0.8143814	0.08291749	-0.9015707	0.102037966	-0.5879915	
0	0	935	2393.924404451531	0.62706053	0.073492944	0.68346906	-0.67783064	0.34416744	-0.6136985	0.19413419	-0.7772447	0.109602526	-1.1195235	0.090823926	-0.4624679	
0	0	936	2396.4847514081634	0.6319983	0.07872508	0.6806209	-0.680282	0.34004155	-0.6176913	0.19361185	-0.7366455	0.14197147	-1.1078911	0.077931695	-0.3765652	
0	0	937	2399.045098364796	0.6329725	0.088125795	0.6804101	-0.681015	0.3382382	-0.62616146	0.18826221	-0.7162124	0.1677608	-0.9845838	0.06816232	-0.33055305	
0	0	938	2401.605445321429	0.6293571	0.09514152	0.68124026	-0.67775685	0.33910304	-0.6319681	0.18258668	-0.728426	0.17852119	-0.80663514	0.06443749	-0.24140663	
0	0	939	2404.1657922780614	0.624239	0.095212564	0.6809455	-0.6709302	0.340956	-0.63015527	0.18140286	-0.76328593	0.16842696	-0.623329	0.06144726	0.025978824	
0	0	940	2406.726139234694	0.6215876	0.08965391	0.6784723	-0.6632078	0.34156725	-0.6219138	0.18602674	-0.79098004	0.14067872	-0.5041032	0.05208097	0.4939971	
0	0	941	2409.286486191327	0.6229123	0.08422211	0.67457384	-0.65725243	0.34006116	-0.6128874	0.19275111	-0.7885392	0.108931765	-0.54007524	0.04076348	1.1855512	
0	0	942	2411.8468331479594	0.6261865	0.08409483	0.6709326	-0.65374833	0.33744356	-0.60787535	0.19574727	-0.7604392	0.09203136	-0.7901513	0.039841037	2.1198275	
0	0	943	2414.407180104592	0.6275914	0.089386046	0.6687195	-0.65132314	0.33538106	-0.6070393	0.19200313	-0.7336789	0.10157345	-1.0639619	0.05643477	2.9450178	
0	0	944	2416.967527061225	0.62494737	0.09489691	0.66785324	-0.6480541	0.3345871	-0.60681015	0.18436754	-0.7378513	0.12584566	-1.1382126	0.08555343	-2.7216973	
0	0	945	2419.5278740178574	0.6198942	0.09471733	0.66735905	-0.64306194	0.33437297	-0.6042154	0.17953384	-0.7792509	0.1455622	-1.0587933	0.119396634	-2.1661186	
0	0	946	2422.08822097449	0.6164715	0.087608494	0.66631746	-0.63695866	0.33365518	-0.59997654	0.1818705	-0.8289723	0.14863034	-0.9358683	0.14292793	-1.6182811	
0	0	947	2424.648567931123	0.6176248	0.07807966	0.66453797	-0.6310133	0.3322293	-0.5972537	0.18932648	-0.8511994	0.13700864	-0.8724087	0.14308915	-1.1346307	
0	0	948	2427.2089148877553	0.6229958	0.07251386	0.6624633	-0.62604743	0.33091584	-0.5979611	0.1959969	-0.8387853	0.12548186	-0.9292992	0.12633139	-0.7755463	
0	0	949	2429.769261844388	0.629496	0.074169874	0.6606183	-0.62206537	0.3305818	-0.6009223	0.19765905	-0.81135166	0.12887755	-1.0530969	0.10405817	-0.54660594	
0	0	950	2432.3296088010206	0.6338724	0.08126835	0.65923077	-0.6186536	0.33126217	-0.60364246	0.19491157	-0.7938395	0.14897205	-1.1047306	0.08127534	-0.4543266	
0	0	951	2434.8899557576533	0.635097	0.08925228	0.65828073	-0.61547023	0.332368	-0.6053315	0.1922634	-0.7959669	0.17437217	-1.0259081	0.062216204	-0.5812641	
0	0	952	2437.450302714286	0.6346375	0.09475822	0.6577039	-0.6123362	0.3336818	-0.60729235	0.19358635	-0.80004245	0.18901812	-0.8526619	0.06235765	-0.9731381	
0	0	953	2440.0106496709186	0.63464373	0.09784666	0.65743643	-0.60905385	0.33579633	-0.61002153	0.1969671	-0.77707165	0.18304886	-0.66156054	0.09087144	-1.1197094	
0	0	954	2442.5709966275513	0.63594353	0.10094103	0.65729827	-0.60539657	0.33927202	-0.61091065	0.19561405	-0.7240839	0.16240616	-0.52593064	0.117967024	-0.943695	
0	0	955	2445.131343584184	0.63763565	0.10583331	0.6569712	-0.6013743	0.34348333	-0.60592914	0.18542284	-0.67194897	0.14007065	-0.4753458	0.12347203	-0.7212999	
0	0	956	2447.6916905408166	0.6384584	0.11185713	0.6562049	-0.59741175	0.34651473	-0.59377533	0.1695297	-0.6611989	0.12345062	-0.4952445	0.11388855	-0.56390846	
0	0	957	2450.2520374974497	0.63833386	0.11693789	0.6550594	-0.59411705	0.34644654	-0.5783947	0.15606272	-0.71595705	0.113282636	-0.5554652	0.09809582	-0.4875844	
0	0	958	2452.812384454082	0.63845176	0.12005531	0.65390027	-0.5917903	0.34305894	-0.56709266	0.15320355	-0.814343	0.108335756	-0.6414916	0.08140141	-0.5148647	
0	0	959	2455.3727314107146	0.6399827	0.122445926	0.6530918	-0.59015983	0.33821493	-0.5652275	0.16262232	-0.8856572	0.11003619	-0.74326694	0.07133611	-0.67163974	
0	0	960	2457.9330783673477	0.6427724	0.12649538	0.6526889	-0.5886752	0.3343412	-0.5723688	0.17645203	-0.88387156	0.12015067	-0.80962896	0.073335156	-0.80778766	
0	0	961	2460.49342532398	0.6452176	0.13328941	0.6524834	-0.58705056	0.33269763	-0.58371574	0.1841867	-0.83112216	0.13388251	-0.7930759	0.0735336	-0.77318925	
0	0	962	2463.0537722806125	0.64564073	0.14103436	0.65232515	-0.5854015	0.33311102	-0.5944725	0.18222071	-0.78130865	0.14240521	-0.7074747	0.05988649	-0.69529986	
0	0	963	2465.614119237245	0.6440641	0.14620365	0.6523093	-0.5838467	0.33486658	-0.6022123	0.17618777	-0.77587813	0.13887379	-0.59922975	0.035411436	-0.79990727	
0	0	964	2468.174466193878	0.6424861	0.14660336	0.6525761	-0.5820931	0.33741584	-0.6058296	0.17542471	-0.81451374	0.12166812	-0.5396983	0.023932217	-1.9673272	
0	0	965	2470.7348131505105	0.6433369	0.14335647	0.6529541	-0.5796085	0.3401436	-0.6040087	0.18518285	-0.849826	0.10021542	-0.6537927	0.062482778	-2.4926994	
0	0	966	2473.295160107143	0.6477071	0.14016025	0.65291643	-0.5762946	0.34183604	-0.5962934	0.20175923	-0.8311005	0.10043917	-0.9736275	0.11321381	-2.3628635	
0	0	967	2475.855507063776	0.6546395	0.14088555	0.6520281	-0.5728872	0.34109113	-0.58564997	0.21466242	-0.7521154	0.13294691	-1.1426814	0.15491863	-2.0975585	
0	0	968	2478.4158540204085	0.6615903	0.14726408	0.6504454	-0.5704845	0.33769947	-0.5785401	0.21460503	-0.64873207	0.17273158	-1.0686455	0.17336151	-1.8287405	
0	0	969	2480.976200977041	0.6657639	0.15781045	0.6488855	-0.56955296	0.3336024	-0.5808541	0.20113347	-0.57117534	0.19634505	-0.8813257	0.17208129	-1.6228716	
0	0	970	2483.536547933674	0.66570055	0.1685751	0.64799863	-0.5694098	0.3321179	-0.59180075	0.1822431	-0.55814713	0.19249053	-0.6761855	0.1634138	-1.4868524	
0	0	971	2486.0968948903064	0.66205007	0.17526121	0.6477229	-0.56883526	0.33534983	-0.60129654	0.16791572	-0.61997974	0.16442001	-0.53402954	0.15552497	-1.3915498	
0	0	972	2488.657241846939	0.65706956	0.17515683	0.6473019	-0.56732637	0.34168416	-0.59667	0.16506709	-0.72705835	0.1285487	-0.5507547	0.14992917	-1.2955273	
0	0	973	2491.2175888035717	0.6536432	0.16795374	0.6460406	-0.56573695	0.34624535	-0.57422745	0.17493884	-0.82127655	0.10995216	-0.7905769	0.14307001	-1.1707844	
0	0	974	2493.7779357602044	0.65448093	0.15603831	0.6440744	-0.5655696	0.34454638	-0.5435229	0.19303688	-0.8602129	0.12346612	-1.0301332	0.13070098	-1.022263	
0	0	975	2496.338282716837	0.6611306	0.14453284	0.64237404	-0.5675438	0.33623385	-0.5215169	0.21190795	-0.8404151	0.14967789	-1.056976	0.11247766	-0.8799351	
0	0	976	2498.89862967347	0.67259026	0.13979632	0.6419367	-0.57077485	0.32595348	-0.52162015	0.22487637	-0.7834708	0.16447793	-0.95732605	0.09197523	-0.77874607	
0	0	977	2501.4589766301024	0.6847692	0.1457122	0.6428842	-0.57339823	0.3203573	-0.5421771	0.22895576	-0.71582454	0.16025753	-0.84812754	0.073702455	-0.74488467	
0	0	978	2504.019323586735	0.6924037	0.1605009	0.6443092	-0.57415015	0.32276797	-0.5646123	0.22493824	-0.6572171	0.14490007	-0.80845314	0.060483947	-0.7800826	
0	0	979	2506.5796705433677	0.6924762	0.17755732	0.64504457	-0.5734243	0.3303015	-0.56977314	0.21543317	-0.6197842	0.13266234	-0.8649115	0.052364904	-0.86211157	
0	0	980	2509.1400175000003	0.6860712	0.18959324	0.64462554	-0.57282615	0.33677658	-0.5546652	0.20368479	-0.6114965	0.1334201	-0.9556373	0.048652053	-0.9758635	
0	0	981	2511.700364456633	0.67729175	0.19270773	0.6435691	-0.5737615	0.33784056	-0.53115994	0.19342436	-0.6347122	0.14467157	-0.97698754	0.05032495	-1.0915612	
0	0	982	2514.2607114132657	0.670468	0.18810269	0.64279836	-0.57640165	0.3337257	-0.5150432	0.18788521	-0.67910266	0.15485331	-0.89974785	0.0580283	-1.1249479	
0	0	983	2516.8210583698983	0.66759956	0.180633	0.6428536	-0.57983625	0.32864535	-0.5152341	0.18773362	-0.72283953	0.15313002	-0.7647528	0.068494245	-1.017658	
0	0	984	2519.381405326531	0.6676392	0.17489503	0.64359546	-0.5830856	0.3272768	-0.5267032	0.19064143	-0.74897605	0.13605668	-0.6426608	0.07498058	-0.79435545	
0	0	985	2521.9417522831636	0.668168	0.17195891	0.6445667	-0.5859039	0.33051577	-0.5348113	0.19348167	-0.7562401	0.111103155	-0.63106894	0.07168847	-0.52777445	
0	0	986	2524.5020992397963	0.6679052	0.16979614	0.64553714	-0.5886797	0.33482137	-0.5303252	0.19451706	-0.75360096	0.09646997	-0.8044788	0.05838448	-0.30775997	
0	0	987	2527.062446196429	0.6675542	0.16653615	0.6466608	-0.5917334	0.33593103	-0.5175917	0.19394863	-0.75043607	0.10533218	-0.99698305	0.040297512	-0.27356657	
0	0	988	2529.6227931530616	0.66835463	0.16278301	0.6481647	-0.59486634	0.33272737	-0.5089999	0.19312285	-0.74976695	0.1259748	-1.0215768	0.030212492	-0.69938385	
0	0	989	2532.183140109694	0.6701983	0.16064915	0.6499874	-0.5976302	0.3280275	-0.51417744	0.19298519	-0.7466264	0.14296591	-0.93276834	0.042833034	-1.091848	
0	0	990	2534.743487066327	0.6714436	0.16076227	0.6518056	-0.59992397	0.32604796	-0.5316378	0.19285472	-0.7341032	0.15050206	-0.80973923	0.06215061	-1.0061283	
0	0	991	2537.3038340229596	0.67078036	0.16067383	0.653408	-0.602189	0.32862964	-0.5497836	0.19096038	-0.71238226	0.14897324	-0.69890434	0.07084155	-0.7439468	
0	0	992	2539.8641809795918	0.66922635	0.15688825	0.65498024	-0.6049431	0.33379725	-0.557892	0.18624772	-0.6899978	0.14202775	-0.62804	0.061540443	-0.48424253	
0	0	993	2542.424527936225	0.6697571	0.14883615	0.6569574	-0.6081465	0.33783227	-0.5550408	0.17925403	-0.6775706	0.13474809	-0.607333	0.037841544	-0.4492857	
0	0	994	2544.9848748928575	0.67455876	0.14037654	0.65955234	-0.6110958	0.33842528	-0.5490987	0.17156288	-0.6825433	0.13102677	-0.6217037	0.027879741	-1.4235265	
0	0	995	2547.54522184949	0.6827688	0.1367223	0.6624261	-0.61305106	0.33642924	-0.54950464	0.16499557	-0.70743525	0.13117115	-0.64140046	0.06739371	-1.8016028	
0	0	996	2550.105568806123	0.6909952	0.13998981	0.66488254	-0.6140403	0.33502367	-0.5589633	0.1611673	-0.7496532	0.1325901	-0.65037	0.11825319	-1.584362	
0	0	997	2552.6659157627555	0.69594175	0.14772418	0.66646296	-0.61504906	0.3365563	-0.5704699	0.16138263	-0.80163443	0.13276722	-0.65566057	0.15779397	-1.2349735	
0	0	998	2555.226262719388	0.69675535	0.15518628	0.66742486	-0.61735183	0.34013176	-0.57468826	0.16663001	-0.8507109	0.13127495	-0.6738553	0.17049614	-0.8839983	
0	0	999	2557.786609676021	0.6951651	0.15906924	0.668668	-0.6215015	0.34276316	-0.5694781	0.17714356	-0.87947416	0.12948066	-0.715854	0.16100526	-0.6006503	
0	0	1000	2560.3469566326535	0.6934087	0.15948509	0.6711347	-0.6267709	0.34234667	-0.56067204	0.1911644	-0.8709188	0.12920642	-0.78297734	0.14270537	-0.38617107	
0	0	1001	2562.907303589286	0.6920959	0.15846281	0.6751051	-0.6315263	0.33932105	-0.5561186	0.20393513	-0.82007897	0.13242584	-0.8685753	0.122427925	-0.20107992	
0	0	1002	2565.467650545919	0.69026625	0.15675251	0.6799275	-0.63432753	0.336093	-0.5592205	0.2095772	-0.7430218	0.14117199	-0.9533991	0.09940395	0.010987385	
0	0	1003	2568.0279975025514	0.6873501	0.15272035	0.6844105	-0.6349359	0.3348497	-0.56603825	0.20580931	-0.67008924	0.15590739	-1.0074209	0.06870773	0.311726	
0	0	1004	2570.588344459184	0.68456864	0.14444168	0.6876088	-0.6344809	0.33547866	-0.56922793	0.19572836	-0.6280986	0.17369793	-1.0084206	0.029914236	0.8456812	
0	0	1005	2573.1486914158163	0.68422437	0.13247801	0.6894496	-0.6346801	0.33581296	-0.56602	0.1849292	-0.6294485	0.18831868	-0.9556085	0.019273015	3.104945	
0	0	1006	2575.7090383724494	0.6876651	0.12037765	0.6907322	-0.63668257	0.33412158	-0.561104	0.17864007	-0.6684219	0.19236724	-0.8694356	0.05158814	-2.501651	
0	0	1007	2578.269385329082	0.6938888	0.11224913	0.6925201	-0.64035785	0.33105573	-0.5615312	0.17977662	-0.71860534	0.18169324	-0.79126567	0.07924631	-2.2427096	
0	0	1008	2580.8297322857143	0.7001688	0.10964989	0.6953972	-0.644539	0.32914978	-0.5694495	0.1866585	-0.74644226	0.16107816	-0.778654	0.100930735	-2.046127	
0	0	1009	2583.3900792423474	0.70411485	0.11091161	0.6991485	-0.6479628	0.33051673	-0.579016	0.19350035	-0.7419462	0.1438296	-0.8679036	0.11468123	-1.8523439	
0	0	1010	2585.95042619898	0.7050576	0.11322847	0.70305616	-0.6501422	0.33465934	-0.5807485	0.1957067	-0.72574055	0.14058192	-1.0098227	0.11420841	-1.6587356	
0	0	1011	2588.5107731556122	0.7035407	0.11484533	0.70650923	-0.6514995	0.33841226	-0.5704848	0.19409561	-0.7250411	0.14939204	-1.1084281	0.09663233	-1.5602983	
0	0	1012	2591.0711201122454	0.70004326	0.11512326	0.7093833	-0.65278226	0.33854893	-0.5541735	0.19354068	-0.74906474	0.16115764	-1.1313487	0.07989745	-1.7202189	
0	0	1013	2593.631467068878	0.6947201	0.11314861	0.7119187	-0.65442324	0.33480555	-0.54340833	0.1981905	-0.7796131	0.16816093	-1.100635	0.08658647	-2.0019245	
0	0	1014	2596.1918140255107	0.6883268	0.10726785	0.7143489	-0.656445	0.33026952	-0.5459947	0.20709984	-0.78794	0.16662897	-1.0534676	0.11189758	-2.1077378	
0	0	1015	2598.7521609821433	0.68282497	0.09656669	0.71675515	-0.6588345	0.32886794	-0.55948657	0.21480326	-0.76538604	0.15829736	-1.0292927	0.14328918	-2.0415463	
0	0	1016	2601.312507938776	0.6805221	0.08273478	0.7192874	-0.66175956	0.3323554	-0.5726922	0.21653396	-0.7285605	0.14987785	-1.0484324	0.17102769	-1.8622855	
0	0	1017	2603.8728548954086	0.6822869	0.069985256	0.7223854	-0.6652221	0.3389643	-0.5742225	0.21205428	-0.7024584	0.14712037	-1.0899534	0.18496025	-1.620898	
0	0	1018	2606.433201852041	0.68646306	0.062358286	0.7265487	-0.668508	0.34447008	-0.5613174	0.20561199	-0.704016	0.15025094	-1.1143887	0.18157911	-1.371676	
0	0	1019	2608.993548808674	0.6898427	0.060470566	0.73170453	-0.67025113	0.34517267	-0.54224116	0.2029531	-0.72752655	0.15617844	-1.100775	0.16678733	-1.1464653	
0	0	1020	2611.5538957653066	0.69026166	0.061080895	0.7368237	-0.66944444	0.34090856	-0.5307635	0.20604745	-0.7426178	0.16167536	-1.0473939	0.1473664	-0.9478066	
0	0	1021	2614.114242721939	0.6883039	0.060226433	0.7404106	-0.66662705	0.33542952	-0.5362771	0.21008621	-0.72449195	0.16393292	-0.96000665	0.12643844	-0.76946336	
0	0	1022	2616.674589678572	0.6862741	0.05676908	0.74171925	-0.66398054	0.33358508	-0.5564235	0.20792256	-0.68153083	0.1604427	-0.8495719	0.105010554	-0.6149719	
0	0	1023	2619.2349366352046	0.68566597	0.0528441	0.74164337	-0.66384405	0.33784968	-0.57838005	0.19696058	-0.64696175	0.14983267	-0.73412764	0.084439605	-0.5063626	
0	0	1024	2621.795283591837	0.68574506	0.051034495	0.7422547	-0.6667189	0.34679443	-0.5881989	0.18167426	-0.6573229	0.13277546	-0.6380774	0.06755817	-0.47741184	
0	0	1025	2624.35563054847	0.6845725	0.051284764	0.7452086	-0.6705776	0.35608217	-0.58022594	0.17112441	-0.72567004	0.11176308	-0.59369254	0.05775654	-0.5339191	
0	0	1026	2626.9159775051025	0.6812999	0.0508176	0.7503244	-0.6722638	0.36113	-0.5597662	0.17221308	-0.8131715	0.091067776	-0.6514705	0.056180563	-0.5930155	
0	0	1027	2629.4763244617347	0.67723364	0.046971556	0.75552994	-0.66998637	0.3599479	-0.53904283	0.18275872	-0.85773003	0.078606226	-0.86606765	0.05880197	-0.54382825	
0	0	1028	2632.036671418368	0.67467076	0.039843444	0.75835073	-0.6648801	0.3543353	-0.52991205	0.19348876	-0.84217983	0.08406274	-1.1465602	0.05912476	-0.37940475	
0	0	1029	2634.5970183750005	0.6748638	0.03229682	0.7578727	-0.6602526	0.34853426	-0.53711885	0.19670957	-0.79778403	0.10541665	-1.2842346	0.053987093	-0.14869942	
0	0	1030	2637.1573653316327	0.67696095	0.027459178	0.7554578	-0.65906626	0.34642658	-0.555606	0.19248216	-0.7675478	0.13106327	-1.2718179	0.04372788	0.1365307	
0	0	1031	2639.7177122882654	0.67885983	0.02596669	0.7535871	-0.66181135	0.34922484	-0.57405996	0.18752079	-0.7719522	0.15313502	-1.1886023	0.029506333	0.56069875	
0	0	1032	2642.2780592448985	0.67924404	0.025774444	0.7539949	-0.66646606	0.3550036	-0.58286583	0.18788362	-0.79341906	0.16930354	-1.0821613	0.01678869	1.6265494	
0	0	1033	2644.8384062015307	0.67857575	0.024694998	0.7566561	-0.6702631	0.36022606	-0.58023655	0.19367245	-0.7979175	0.17946757	-0.96938175	0.03127535	3.0819383	
0	0	1034	2647.3987531581633	0.6780222	0.022537967	0.7601718	-0.67165774	0.36218712	-0.5721746	0.20008212	-0.768036	0.18300447	-0.8563171	0.063723035	-2.5263891	
0	0	1035	2649.9591001147965	0.67787534	0.020559125	0.7630209	-0.6710328	0.360734	-0.56756383	0.2011389	-0.71250504	0.17895807	-0.75469434	0.09408248	-1.9790311	
0	0	1036	2652.519447071429	0.6773068	0.019270772	0.76461124	-0.66982895	0.35815433	-0.57220006	0.19383627	-0.6611009	0.16878206	-0.685637	0.10557267	-1.4942358	
0	0	1037	2655.0797940280613	0.6756528	0.017248897	0.7653302	-0.6691433	0.35747352	-0.58510005	0.18181266	-0.64871603	0.15736867	-0.66453755	0.09762491	-1.1317397	
0	0	1038	2657.6401409846944	0.6737813	0.012514664	0.7657985	-0.669095	0.3604119	-0.599106	0.17285044	-0.68273205	0.14972427	-0.6822511	0.08132044	-0.91425526	
0	0	1039	2660.200487941327	0.6737383	0.0052806297	0.7662261	-0.6692667	0.36618805	-0.6056659	0.17077428	-0.733422	0.14722478	-0.707545	0.06517117	-0.85406715	
0	0	1040	2662.7608348979593	0.6767305	-0.0012061155	0.76642233	-0.6694741	0.37185088	-0.60091126	0.1734546	-0.7721935	0.1469762	-0.71340066	0.055638414	-0.9624496	
0	0	1041	2665.3211818545924	0.6815426	-0.0031108756	0.7662549	-0.670026	0.37422556	-0.5886654	0.1775659	-0.79545844	0.144419	-0.70139676	0.057561956	-1.125924	
0	0	1042	2667.881528811225	0.685088	0.0005064631	0.76598984	-0.6713016	0.37230825	-0.57768345	0.18199018	-0.81206733	0.13777502	-0.7008217	0.06750642	-1.1568125	
0	0	1043	2670.4418757678573	0.6847891	0.0065128203	0.76613176	-0.6731855	0.36789748	-0.57521254	0.187771	-0.82488084	0.13049673	-0.7416741	0.07640488	-1.0532739	
0	0	1044	2673.0022227244904	0.6807416	0.0099845845	0.7669588	-0.67498946	0.3639303	-0.58244663	0.19546402	-0.8241408	0.12834738	-0.818012	0.07896218	-0.9074517	
0	0	1045	2675.562569681123	0.67561466	0.008052062	0.7682407	-0.67594653	0.3624147	-0.59491247	0.202718	-0.80079186	0.13357374	-0.88126075	0.07628972	-0.78626376	
0	0	1046	2678.122916637755	0.67234886	0.0019656166	0.7693889	-0.6757798	0.3634879	-0.60624164	0.20587482	-0.7608979	0.14212078	-0.8898375	0.071830615	-0.70601517	
0	0	1047	2680.683263594388	0.6718344	-0.004456346	0.76989794	-0.67486036	0.36573967	-0.6124382	0.20313762	-0.7214616	0.14690754	-0.85039335	0.0669357	-0.652448	
0	0	1048	2683.243610551021	0.67266285	-0.008480685	0.7696899	-0.67383575	0.3674626	-0.6139869	0.19558801	-0.7013015	0.14412373	-0.8060041	0.06045	-0.6251185	
0	0	1049	2685.803957507653	0.67301023	-0.01053845	0.76907235	-0.67306495	0.36799788	-0.6142057	0.18690023	-0.71514785	0.13697232	-0.80221874	0.051590282	-0.68205494	
0	0	1050	2688.364304464286	0.67258924	-0.012757902	0.7683521	-0.6723769	0.36792555	-0.61546576	0.18238573	-0.76235133	0.13310264	-0.8492827	0.045270093	-0.955947	
0	0	1051	2690.924651420919	0.6726025	-0.015890514	0.7674913	-0.6713775	0.36804125	-0.6172867	0.18566938	-0.81479126	0.13763775	-0.9004349	0.05562719	-1.3539152	
0	0	1052	2693.484998377551	0.6738778	-0.01813696	0.7661466	-0.66997635	0.36840242	-0.61771333	0.19452053	-0.83656085	0.14762114	-0.8965246	0.08660728	-1.4780138	
0	0	1053	2696.045345334184	0.675305	-0.01726797	0.7640411	-0.6686055	0.36831078	-0.61592185	0.20246696	-0.8211141	0.15427959	-0.83291435	0.12718658	-1.3562317	
0	0	1054	2698.605692290817	0.6745139	-0.013976464	0.76129854	-0.66790366	0.36709973	-0.61357206	0.20489538	-0.7896688	0.1514632	-0.7579105	0.16352944	-1.114269	
0	0	1055	2701.1660392474496	0.67056656	-0.012529441	0.75839305	-0.6681761	0.36503723	-0.6136199	0.2019914	-0.76749074	0.14228757	-0.73262405	0.18222107	-0.8363227	
0	0	1056	2703.726386204082	0.66581595	-0.017132783	0.7557712	-0.66917986	0.36338815	-0.6172635	0.19745693	-0.76867104	0.13732776	-0.777143	0.17926455	-0.58855075	
0	0	1057	2706.286733160715	0.6644753	-0.027261583	0.75354177	-0.6704374	0.36336854	-0.6221031	0.19555172	-0.78925425	0.14394614	-0.82709587	0.16223487	-0.4125287	
0	0	1058	2708.8470801173476	0.66905993	-0.03680593	0.7515474	-0.6717269	0.36503989	-0.62368387	0.19812527	-0.81016254	0.15750653	-0.8062758	0.14174174	-0.32105777	
0	0	1059	2711.4074270739798	0.6778531	-0.038314097	0.7497361	-0.67320615	0.36715043	-0.6188449	0.20340694	-0.8130311	0.16717859	-0.7131743	0.12453994	-0.29806212	
0	0	1060	2713.9677740306124	0.68547595	-0.028931048	0.7483961	-0.6749685	0.36787608	-0.60802567	0.20752184	-0.7948286	0.16506632	-0.58812094	0.11104104	-0.31024435	
0	0	1061	2716.5281209872455	0.6864918	-0.013143355	0.7479152	-0.6764943	0.36596486	-0.59540856	0.20741235	-0.7686608	0.14878947	-0.48193976	0.0980027	-0.35372615	
0	0	1062	2719.0884679438777	0.6795758	-9.067175E-05	0.74820465	-0.67669827	0.3616949	-0.5867316	0.20328823	-0.7546751	0.12275492	-0.47334614	0.08620383	-0.4813737	
0	0	1063	2721.6488149005104	0.66868705	0.0025736343	0.74837947	-0.6747432	0.35682306	-0.58561873	0.19893059	-0.7656522	0.1035841	-0.66866696	0.08504324	-0.71042687	
0	0	1064	2724.2091618571435	0.6601498	-0.006136282	0.7471374	-0.67100084	0.35336462	-0.5912373	0.19887993	-0.7936698	0.11265345	-0.9443792	0.101245806	-0.8655437	
0	0	1065	2726.7695088137757	0.6582569	-0.020200782	0.7436886	-0.66722816	0.35234213	-0.59944874	0.20450465	-0.8135902	0.14054169	-1.0354635	0.12426812	-0.82606876	
0	0	1066	2729.3298557704084	0.6629571	-0.031404104	0.7384871	-0.6655887	0.35351673	-0.60592854	0.21263328	-0.80497706	0.16646655	-0.9916589	0.13812558	-0.6510285	
0	0	1067	2731.8902027270415	0.67094404	-0.034843665	0.73304653	-0.66719866	0.3559142	-0.6084028	0.21767454	-0.76844186	0.18277715	-0.9036387	0.1334948	-0.41517627	
0	0	1068	2734.4505496836737	0.67838407	-0.030432811	0.7289366	-0.67139035	0.35853404	-0.60696757	0.21560098	-0.72471344	0.18875031	-0.8110382	0.10894196	-0.16625522	
0	0	1069	2737.0108966403063	0.6827151	-0.020932848	0.7268052	-0.6762808	0.3608121	-0.6029544	0.20742176	-0.70182	0.18549228	-0.73425895	0.06736133	0.032460596	
0	0	1070	2739.5712435969394	0.682888	-0.009866717	0.72613895	-0.68013155	0.3625869	-0.5974998	0.19873117	-0.7160204	0.17610106	-0.6921979	0.021905694	-0.5069215	
0	0	1071	2742.1315905535716	0.6791152	-0.0007326503	0.7258562	-0.68241614	0.36372656	-0.5911713	0.19532575	-0.75816125	0.16624293	-0.6911169	0.055642117	-1.6711682	
0	0	1072	2744.6919375102043	0.67289656	0.0035243235	0.72519493	-0.683799	0.36395204	-0.58476055	0.19926885	-0.7992281	0.15892115	-0.7086886	0.09876958	-1.4478394	
0	0	1073	2747.252284466837	0.6667667	0.0017449902	0.72415036	-0.6851802	0.36310408	-0.5799472	0.20804133	-0.8124094	0.15132613	-0.72864664	0.116655864	-1.1447948	
0	0	1074	2749.81263142347	0.6631864	-0.0044406913	0.7231493	-0.6867931	0.36154717	-0.5787743	0.21618815	-0.7906888	0.14109138	-0.77178705	0.1106395	-0.89437944	
0	0	1075	2752.3729783801023	0.6631788	-0.011211519	0.722387	-0.6881545	0.36020616	-0.58208954	0.21858141	-0.74857706	0.13212691	-0.8767196	0.08874057	-0.75969446	
0	0	1076	2754.933325336735	0.6656522	-0.014697418	0.7215086	-0.68878865	0.3599951	-0.58835906	0.21406378	-0.71087044	0.13436227	-1.0313828	0.06418452	-0.91932327	
0	0	1077	2757.493672293368	0.6679046	-0.013557056	0.7199148	-0.68896097	0.36104256	-0.5945145	0.20588939	-0.69559103	0.15174527	-1.1286148	0.06995345	-1.3933234	
0	0	1078	2760.0540192500002	0.66749066	-0.010310706	0.71738106	-0.68967634	0.36256865	-0.5985942	0.19830799	-0.70457584	0.17346731	-1.1068392	0.104191855	-1.4722592	
0	0	1079	2762.614366206633	0.66446465	-0.009619686	0.7143899	-0.6919272	0.36370727	-0.60133874	0.193669	-0.7273557	0.18520951	-0.9992982	0.13165414	-1.3191285	
0	0	1080	2765.174713163266	0.6616698	-0.0140501	0.7118559	-0.69588566	0.36439896	-0.6047575	0.1920063	-0.7506842	0.17808624	-0.86064637	0.14472981	-1.139602	
0	0	1081	2767.735060119898	0.66225314	-0.021267312	0.7105145	-0.700711	0.3652975	-0.6093281	0.19188459	-0.76645523	0.15100156	-0.7599224	0.1473028	-0.97182983	
0	0	1082	2770.295407076531	0.666809	-0.025706869	0.7104583	-0.7050599	0.36679798	-0.6131006	0.19169217	-0.7747562	0.11568019	-0.82378566	0.14098378	-0.80348176	
0	0	1083	2772.855754033164	0.67267585	-0.023097642	0.71109843	-0.7078983	0.36826682	-0.6137944	0.19070101	-0.780281	0.10247128	-1.1524732	0.122067206	-0.6203721	
0	0	1084	2775.416100989796	0.67574847	-0.013921443	0.71154463	-0.70908743	0.3683651	-0.6119758	0.18894202	-0.7871984	0.12783712	-1.3914783	0.08460996	-0.46327758	
0	0	1085	2777.976447946429	0.6735447	-0.0033336044	0.71114826	-0.70936763	0.36646476	-0.61201763	0.18666382	-0.7990576	0.16384153	-1.3577117	0.036203016	-0.7643669	
0	0	1086	2780.5367949030615	0.66726834	0.0025404557	0.70984876	-0.7098171	0.36389554	-0.6186731	0.18459737	-0.8203403	0.18542948	-1.1842523	0.05362994	-2.0757456	
0	0	1087	2783.097141859694	0.660814	0.0013305482	0.708123	-0.7111714	0.36328173	-0.6314978	0.18457976	-0.8524376	0.18006586	-0.9715173	0.1101974	-2.1322377	
0	0	1088	2785.657488816327	0.657448	-0.0040596914	0.7066219	-0.71344125	0.3661945	-0.64351046	0.18865462	-0.8846563	0.14875598	-0.820387	0.161033	-1.9828262	
0	0	1089	2788.2178357729595	0.65748644	-0.008615148	0.70576257	-0.7160069	0.3715669	-0.64651734	0.19634639	-0.8983579	0.111697875	-0.8825394	0.19808422	-1.7971547	
0	0	1090	2790.778182729592	0.65886235	-0.009505437	0.7055092	-0.71804506	0.37629324	-0.63757443	0.20442487	-0.8859303	0.10320552	-1.2027994	0.21677703	-1.6233218	
0	0	1091	2793.338529686225	0.65936625	-0.007536504	0.70542943	-0.71903163	0.37731305	-0.6212144	0.20961797	-0.85410166	0.13143457	-1.3833318	0.22133143	-1.4915612	
0	0	1092	2795.8988766428574	0.6584056	-0.005418377	0.70495087	-0.7190184	0.373873	-0.60675204	0.20996015	-0.81580746	0.16875637	-1.3094894	0.22135161	-1.3964252	
0	0	1093	2798.4592235994905	0.65709275	-0.0049261763	0.7036653	-0.71860266	0.3683714	-0.6017534	0.20533852	-0.78845847	0.19322097	-1.1021128	0.22108898	-1.3004855	
0	0	1094	2801.0195705561227	0.65680194	-0.0053736707	0.70153266	-0.71864337	0.364395	-0.60551393	0.19913727	-0.7894921	0.19136073	-0.8506258	0.21470125	-1.1657442	
0	0	1095	2803.5799175127554	0.6576923	-0.004727267	0.6989112	-0.71986955	0.36336562	-0.610046	0.19725771	-0.814267	0.16304548	-0.64559925	0.18932576	-0.9905882	
0	0	1096	2806.1402644693885	0.6587262	-0.0019118092	0.69640857	-0.72255576	0.36360413	-0.60884404	0.20140378	-0.8313047	0.12524533	-0.59474885	0.13920665	-0.8502848	
0	0	1097	2808.7006114260207	0.6588747	0.0023439855	0.6946257	-0.7263769	0.36254433	-0.60273063	0.2073749	-0.8202356	0.10242362	-0.7717785	0.08173405	-0.9748201	
0	0	1098	2811.2609583826534	0.6580039	0.006598644	0.69389594	-0.73051107	0.3591582	-0.5978505	0.21017392	-0.78497344	0.108359545	-1.0007585	0.064855166	-1.7328765	
0	0	1099	2813.8213053392865	0.6566958	0.010142835	0.69410497	-0.7339699	0.35470527	-0.6003185	0.20653835	-0.7414865	0.1297275	-1.0538427	0.105756514	-2.130851	
0	0	1100	2816.3816522959187	0.6554033	0.013413766	0.6946817	-0.7360757	0.35183993	-0.611224	0.19586107	-0.7145772	0.14750175	-0.96819377	0.15510587	-2.094895	
0	0	1101	2818.9419992525513	0.6538524	0.017055037	0.69483143	-0.7368996	0.35250077	-0.6246942	0.18224086	-0.7342892	0.15147433	-0.8347776	0.19221607	-1.9161955	
0	0	1102	2821.502346209184	0.6513782	0.020643046	0.69398767	-0.7373482	0.3560552	-0.63265413	0.1741011	-0.80966854	0.1409207	-0.73085773	0.2061651	-1.6885676	
0	0	1103	2824.0626931658167	0.64788634	0.022621827	0.69220775	-0.7386971	0.3600197	-0.6323739	0.17748347	-0.9017638	0.12468825	-0.7219243	0.19681434	-1.4680846	
0	0	1104	2826.6230401224493	0.6443407	0.021678597	0.69018286	-0.7418001	0.36247846	-0.62710583	0.19072656	-0.95835906	0.11606629	-0.8152407	0.17392287	-1.275057	
0	0	1105	2829.183387079082	0.64217955	0.0181806	0.68881387	-0.7465505	0.3630234	-0.621285	0.20757844	-0.9613599	0.1206682	-0.90922636	0.14472643	-1.0927032	
0	0	1106	2831.7437340357146	0.6422047	0.014220311	0.6886761	-0.751972	0.3620386	-0.61785096	0.22172163	-0.9210051	0.13074894	-0.91517407	0.109597586	-0.8991053	
0	0	1107	2834.3040809923473	0.6439343	0.012204599	0.6897265	-0.7568309	0.36008596	-0.61883605	0.22858426	-0.8572758	0.1349285	-0.8463756	0.067972444	-0.71356547	
0	0	1108	2836.86442794898	0.6459042	0.0131631	0.69139373	-0.76032495	0.3581307	-0.62603515	0.22612247	-0.7929491	0.12633023	-0.76651204	0.025347222	-0.7652007	
0	0	1109	2839.4247749056126	0.64668137	0.016075274	0.6929666	-0.7624424	0.35780764	-0.63922083	0.21560627	-0.75382096	0.107516594	-0.77816445	0.022103757	-2.54203	
0	0	1110	2841.9851218622453	0.6458687	0.01865861	0.6939967	-0.7637763	0.36055267	-0.6538484	0.2029969	-0.7659871	0.09602199	-0.9809607	0.05244473	-2.632598	
0	0	1111	2844.545468818878	0.64436567	0.019078622	0.69443923	-0.7650212	0.3661594	-0.6626254	0.19856149	-0.82890356	0.10988645	-1.2013233	0.07616314	-2.4444344	
0	0	1112	2847.105815775511	0.6436387	0.0173292	0.6944972	-0.76660067	0.3722473	-0.6603086	0.20801462	-0.8862892	0.13818672	-1.221064	0.09202014	-2.2023535	
0	0	1113	2849.666162732143	0.6446044	0.015224336	0.6943966	-0.768662	0.37508503	-0.64831513	0.22442044	-0.8877153	0.16239884	-1.0955019	0.09964315	-1.9438694	
0	0	1114	2852.226509688776	0.6469408	0.015131916	0.69432056	-0.7712566	0.3720799	-0.63681906	0.23723944	-0.84165645	0.17135578	-0.89974093	0.10039281	-1.7119968	
0	0	1115	2854.7868566454085	0.64915425	0.018313903	0.6944879	-0.7744018	0.36506304	-0.63993376	0.24141951	-0.77803665	0.15817304	-0.6902882	0.10045303	-1.5412633	
0	0	1116	2857.347203602041	0.64944005	0.023690373	0.69518536	-0.7779272	0.36017016	-0.6630296	0.23699944	-0.7213923	0.12476373	-0.5678083	0.10636304	-1.4010968	
0	0	1117	2859.907550558674	0.64713717	0.028030956	0.69662505	-0.78132397	0.36292312	-0.6951522	0.22707242	-0.6890801	0.09386202	-0.72023624	0.1180652	-1.2348719	
0	0	1118	2862.4678975153065	0.6436823	0.028214771	0.6987069	-0.7838819	0.37414426	-0.7168134	0.21642183	-0.68848026	0.098883025	-1.0459982	0.1307927	-1.0264789	
0	0	1119	2865.028244471939	0.64176995	0.02408522	0.7009336	-0.78515595	0.38964346	-0.7129266	0.20873879	-0.71172595	0.12840241	-1.1146328	0.13860193	-0.7887404	
0	0	1120	2867.588591428572	0.6432463	0.019064412	0.70265657	-0.785421	0.4016055	-0.68073386	0.20426723	-0.7455426	0.1550447	-0.9915667	0.13601303	-0.5463398	
0	0	1121	2870.1489383852045	0.6475821	0.017823111	0.703564	-0.785678	0.40223327	-0.6337242	0.20193134	-0.7871823	0.16658016	-0.7952691	0.12074443	-0.33915725	
0	0	1122	2872.709285341837	0.65199316	0.022872658	0.70402884	-0.787043	0.39061937	-0.596349	0.20268956	-0.83934784	0.15805487	-0.5953022	0.09695734	-0.23117852	
0	0	1123	2875.26963229847	0.6532219	0.032450657	0.7049974	-0.7898916	0.37430477	-0.5851664	0.20915069	-0.89263475	0.13328277	-0.4724325	0.07536784	-0.29976973	
0	0	1124	2877.8299792551024	0.6500179	0.041486144	0.7074026	-0.7934066	0.3612756	-0.59730715	0.22163677	-0.92278844	0.108072534	-0.5211319	0.06632424	-0.5164051	
0	0	1125	2880.390326211735	0.64416516	0.045422748	0.71150553	-0.79591995	0.354403	-0.61956465	0.23537506	-0.9135999	0.10064262	-0.71658033	0.0670037	-0.6986829	
0	0	1126	2882.9506731683678	0.6387493	0.043634683	0.7165942	-0.7959161	0.35276797	-0.6407041	0.24361186	-0.8740825	0.11024083	-0.8580123	0.06728846	-0.8164261	
0	0	1127	2885.5110201250004	0.63544136	0.03892902	0.7213111	-0.7930768	0.35430306	-0.6552287	0.24299791	-0.82730806	0.12157726	-0.8986254	0.0646992	-0.9728346	
0	0	1128	2888.0713670816326	0.63371646	0.0338581	0.7245226	-0.7886122	0.35709995	-0.6621666	0.23469223	-0.79380876	0.12758055	-0.9312588	0.065832786	-1.2321601	
0	0	1129	2890.6317140382657	0.6325774	0.02815021	0.7261318	-0.78445387	0.3599043	-0.66314757	0.2221699	-0.7868501	0.13498005	-1.0153873	0.07937413	-1.4847054	
0	0	1130	2893.1920609948984	0.63260823	0.020188907	0.72713655	-0.7818301	0.3622628	-0.6604276	0.20964423	-0.8134108	0.15362804	-1.1068796	0.10400601	-1.5865057	
0	0	1131	2895.752407951531	0.6358849	0.010749935	0.7287928	-0.7803418	0.3642264	-0.65532726	0.2014944	-0.8706006	0.18404947	-1.1370165	0.13043085	-1.558981	
0	0	1132	2898.3127549081637	0.64356333	0.0046566897	0.7315582	-0.77834	0.3658028	-0.6480154	0.20081085	-0.93927103	0.22043988	-1.0902044	0.15081786	-1.4746276	
0	0	1133	2900.8731018647964	0.6533308	0.0077110836	0.73465234	-0.7743155	0.36660042	-0.63853145	0.20736238	-0.9910832	0.25418478	-0.9732169	0.16277187	-1.3833376	
0	0	1134	2903.433448821429	0.6595908	0.020689292	0.73657936	-0.76825494	0.36595726	-0.628351	0.21762334	-1.0067304	0.27105984	-0.8033989	0.16842565	-1.3067837	
0	0	1135	2905.9937957780617	0.65771675	0.036288384	0.73628217	-0.76191443	0.36371553	-0.6210264	0.22630379	-0.9830075	0.25830728	-0.63338053	0.171312	-1.2433002	
0	0	1136	2908.5541427346943	0.6489102	0.04375047	0.73409146	-0.7577361	0.36095703	-0.6200483	0.22765139	-0.931976	0.22403127	-0.5385875	0.17287156	-1.1739475	
0	0	1137	2911.114489691327	0.63971704	0.037777677	0.7316816	-0.7571385	0.35949984	-0.6255464	0.2184803	-0.8831157	0.18956299	-0.5575029	0.16969804	-1.082196	
0	0	1138	2913.6748366479596	0.63651174	0.022857215	0.73106045	-0.75942415	0.3606143	-0.63380355	0.20303705	-0.87474567	0.16851635	-0.6749784	0.15626234	-0.9872642	
0	0	1139	2916.2351836045923	0.64075685	0.00924606	0.73332566	-0.7620363	0.36426607	-0.6396187	0.19149	-0.91994876	0.16579145	-0.83203775	0.1341139	-0.9569065	
0	0	1140	2918.795530561225	0.6483953	0.0045665717	0.7379459	-0.7619837	0.36909083	-0.6393311	0.19052614	-0.984846	0.18015334	-0.94150025	0.11747185	-1.0670066	
0	0	1141	2921.355877517857	0.6533677	0.007852482	0.7429354	-0.75759083	0.37309337	-0.6332999	0.19876899	-1.0219277	0.20149142	-0.944151	0.12484572	-1.2294452	
0	0	1142	2923.9162244744903	0.6530233	0.010996195	0.74585795	-0.7495769	0.37508953	-0.6257812	0.2099109	-1.0096382	0.21191697	-0.8568824	0.15244226	-1.2172797	
0	0	1143	2926.476571431123	0.65057707	0.0067860154	0.74523854	-0.7409054	0.37556735	-0.621122	0.21654378	-0.95685613	0.20064758	-0.7590996	0.1774654	-1.0171037	
0	0	1144	2929.036918387755	0.6516574	-0.0039451243	0.74165934	-0.73528177	0.3757927	-0.6203263	0.21430793	-0.89385873	0.17650735	-0.738204	0.18336868	-0.71389407	
0	0	1145	2931.5972653443882	0.65870345	-0.013200283	0.73770416	-0.7348607	0.3764844	-0.6218618	0.20564847	-0.85243994	0.1599496	-0.834798	0.16608028	-0.36172053	
0	0	1146	2934.157612301021	0.66865927	-0.013384693	0.73646235	-0.7384616	0.37768397	-0.62431306	0.19658543	-0.8420007	0.16752319	-0.9589811	0.1280607	0.026322553	
0	0	1147	2936.717959257653	0.6754172	-0.0040988065	0.7393766	-0.74189687	0.37944	-0.62694764	0.19052269	-0.85064024	0.19318789	-0.9534938	0.07165827	0.48166263	
0	0	1148	2939.278306214286	0.67490286	0.0074160346	0.7449901	-0.74074435	0.3819091	-0.62797606	0.18723936	-0.8647936	0.21286489	-0.7996722	0.008352	2.640866	
0	0	1149	2941.838653170919	0.6686243	0.012103567	0.749692	-0.73365265	0.38433856	-0.62418365	0.18537602	-0.88157815	0.20684193	-0.5662298	0.08396272	-1.9254643	
0	0	1150	2944.3990001275515	0.66227233	0.006317831	0.75018966	-0.72359693	0.38434193	-0.61482483	0.18491961	-0.90589595	0.1705609	-0.32703304	0.15373006	-1.3732811	
0	0	1151	2946.959347084184	0.6608966	-0.00574388	0.7460568	-0.716018	0.3794481	-0.60651666	0.18762143	-0.93699896	0.11243671	-0.18626691	0.19453263	-0.8810116	
0	0	1152	2949.519694040817	0.6654	-0.016059509	0.74026054	-0.7149701	0.3705017	-0.6122091	0.19480176	-0.9618243	0.058436662	-0.56836325	0.20428796	-0.43742678	
0	0	1153	2952.0800409974495	0.6726631	-0.018951245	0.73705035	-0.7200377	0.36334068	-0.6407273	0.20553705	-0.9643517	0.08339532	-1.4130414	0.18802494	-0.014657658	
0	0	1154	2954.6403879540817	0.67818224	-0.014317301	0.7388458	-0.72651535	0.3654845	-0.68296444	0.21653882	-0.9356222	0.14617085	-1.4027511	0.14784476	0.43561664	
0	0	1155	2957.200734910715	0.67905813	-0.0066738464	0.74455404	-0.72895545	0.37934294	-0.71188956	0.22254069	-0.8797746	0.19357693	-1.1662711	0.08553654	1.0076623	
0	0	1156	2959.7610818673475	0.6755897	-0.0016819474	0.7505105	-0.72519964	0.39802206	-0.70447636	0.21915327	-0.8206099	0.20990111	-0.8917672	0.028212506	2.5116465	
0	0	1157	2962.3214288239797	0.6706169	-0.0025405795	0.75332135	-0.7176637	0.4087905	-0.6629074	0.20862244	-0.7927212	0.1917674	-0.6582778	0.067029856	-2.107659	
0	0	1158	2964.8817757806128	0.6672956	-0.008416837	0.7523785	-0.71101695	0.40302417	-0.6138042	0.19904445	-0.8088558	0.150017	-0.5698999	0.10874341	-1.6886197	
0	0	1159	2967.4421227372454	0.6671016	-0.015724609	0.7499955	-0.70834297	0.38404542	-0.5903367	0.19585906	-0.8463775	0.11647053	-0.80949247	0.13731863	-1.4846004	
0	0	1160	2970.0024696938776	0.66934353	-0.0209185	0.7491449	-0.708907	0.364659	-0.6108972	0.1982335	-0.87396	0.13806838	-1.2076476	0.16146003	-1.3643217	
0	0	1161	2972.5628166505107	0.67209303	-0.022690026	0.7509254	-0.7092415	0.35789415	-0.66387993	0.20185272	-0.8783524	0.20223822	-1.2770694	0.18593717	-1.2595227	
0	0	1162	2975.1231636071434	0.6736978	-0.022344824	0.75389487	-0.7063726	0.36823428	-0.7108017	0.20258617	-0.86761045	0.26718655	-1.1239113	0.20688672	-1.1308506	
0	0	1163	2977.6835105637756	0.67397606	-0.022402214	0.75556475	-0.7001855	0.3880326	-0.71795815	0.19916955	-0.86250615	0.3033031	-0.8815635	0.21353598	-0.99240565	
0	0	1164	2980.2438575204087	0.6742786	-0.024315676	0.75450724	-0.69301903	0.40319002	-0.6848136	0.19478908	-0.88340545	0.29339686	-0.6322407	0.2054387	-0.9176876	
0	0	1165	2982.8042044770414	0.67620826	-0.026948197	0.7511834	-0.68741477	0.40458262	-0.6374901	0.19591212	-0.9274586	0.24351415	-0.4546273	0.20645529	-0.9343499	
0	0	1166	2985.3645514336736	0.67992854	-0.02737618	0.7470594	-0.68430024	0.3942982	-0.6042017	0.20587018	-0.9560218	0.17928837	-0.4518764	0.2314335	-0.8970095	
0	0	1167	2987.924898390306	0.68367356	-0.023622373	0.743222	-0.6829948	0.38128126	-0.5972286	0.21930327	-0.9355618	0.14116716	-0.7591388	0.2508375	-0.70740473	
0	0	1168	2990.4852453469393	0.68509924	-0.016750867	0.73982626	-0.6824984	0.37308288	-0.6094836	0.22738713	-0.87432516	0.1661522	-1.1130917	0.23318592	-0.45232195	
0	0	1169	2993.045592303572	0.68326133	-0.010277909	0.7365983	-0.6825104	0.37127864	-0.62492895	0.22554623	-0.8027612	0.21975273	-1.1492152	0.18629898	-0.22807546	
0	0	1170	2995.605939260204	0.6794303	-0.0075994534	0.733554	-0.6832552	0.37295765	-0.6341649	0.21495058	-0.7522828	0.2517741	-1.0138	0.12910251	-0.06355312	
0	0	1171	2998.1662862168373	0.67618656	-0.00962674	0.731084	-0.6846563	0.37554988	-0.6383964	0.20156525	-0.7485728	0.24527061	-0.86494225	0.06944418	0.013558324	
0	0	1172	3000.72663317347	0.675685	-0.014200351	0.72941583	-0.68596447	0.37915972	-0.6405979	0.1943162	-0.79369885	0.21366177	-0.80117077	0.015354026	-0.9263001	
0	0	1173	3003.286980130102	0.6783079	-0.017556993	0.72816443	-0.68634456	0.38474548	-0.6382743	0.19867943	-0.8456376	0.18360496	-0.8808094	0.070105635	-2.2847512	
0	0	1174	3005.8473270867353	0.68252516	-0.016812699	0.72652435	-0.6857616	0.39120755	-0.6253981	0.2105899	-0.8561558	0.17974466	-1.0554135	0.14702769	-2.0926406	
0	0	1175	3008.407674043368	0.68598413	-0.011625286	0.7240017	-0.685207	0.39471808	-0.6005879	0.22088386	-0.82083845	0.20319277	-1.1450509	0.20717886	-1.7476943	
0	0	1176	3010.968021	0.68691117	-0.0039702333	0.72095305	-0.6858844	0.39177838	-0.572284	0.22307943	-0.7677984	0.22879668	-1.0813326	0.2225249	-1.4077209	
0	0	1177	3013.5283679566332	0.68483865	0.003212191	0.71834433	-0.68811303	0.38293248	-0.55347466	0.21728829	-0.7334973	0.230889	-0.92793083	0.20630172	-1.1634227	
0	0	1178	3016.088714913266	0.6805769	0.00722712	0.7169628	-0.6909853	0.37225127	-0.5519293	0.21056108	-0.739861	0.20064601	-0.7833149	0.18259852	-1.0010558	
0	0	1179	3018.649061869898	0.67591697	0.0064377557	0.7167951	-0.69302434	0.36401767	-0.5668117	0.21030237	-0.7697225	0.15351434	-0.78146446	0.15915535	-0.87232286	
0	0	1180	3021.209408826531	0.6731541	0.0010796292	0.7170074	-0.69322735	0.36089203	-0.5914131	0.21637347	-0.7860808	0.12688184	-1.0422876	0.13328071	-0.7493836	
0	0	1181	3023.769755783164	0.674185	-0.006189745	0.71645033	-0.6917669	0.36381835	-0.6161969	0.22305115	-0.773634	0.1444367	-1.3062958	0.10335987	-0.67057914	
0	0	1182	3026.330102739796	0.67931885	-0.01093952	0.7143639	-0.68996364	0.37188092	-0.6309206	0.22449888	-0.7419527	0.17911364	-1.3374246	0.077859856	-0.71134776	
0	0	1183	3028.8904496964287	0.68653065	-0.009201941	0.710853	-0.6895918	0.38185185	-0.628441	0.2174786	-0.7172416	0.20617007	-1.2389838	0.06376558	-0.84766334	
0	0	1184	3031.450796653062	0.69206107	-0.00025778273	0.7068739	-0.6919355	0.38893625	-0.6092586	0.2055814	-0.73964816	0.21849963	-1.0941335	0.05824334	-0.9611422	
0	0	1185	3034.011143609694	0.6926017	0.01214055	0.703759	-0.69711924	0.38914973	-0.5822839	0.20202908	-0.8184054	0.21551573	-0.939208	0.05475157	-0.96672785	
0	0	1186	3036.5714905663267	0.68782777	0.021700127	0.702592	-0.7040192	0.38169134	-0.56126416	0.21342044	-0.879948	0.1983247	-0.8009527	0.046918847	-0.833364	
0	0	1187	3039.13183752296	0.68086493	0.023845661	0.70371425	-0.7107615	0.36984202	-0.55939096	0.2286798	-0.8750556	0.17169628	-0.7254297	0.029687515	-0.50054836	
0	0	1188	3041.6921844795925	0.6759549	0.018919082	0.70656127	-0.71559626	0.35999155	-0.5823518	0.23608573	-0.82436293	0.15011224	-0.7613304	0.0111235045	1.2381818	
0	0	1189	3044.2525314362247	0.67545044	0.011570255	0.7099449	-0.7177479	0.35867032	-0.62096196	0.23060869	-0.76240236	0.14617006	-0.8416564	0.047565177	2.5956612	
0	0	1190	3046.812878392858	0.6785398	0.0070926943	0.71269155	-0.7177522	0.36803177	-0.6518616	0.21287972	-0.72804093	0.15187651	-0.86436504	0.10104343	3.0509863	
0	0	1191	3049.3732253494904	0.682219	0.007704719	0.71428335	-0.7169461	0.38275072	-0.6542873	0.19164167	-0.7658515	0.1570772	-0.8366809	0.16018917	-2.7974024	
0	0	1192	3051.9335723061226	0.6836806	0.011378556	0.7149871	-0.7164881	0.3929171	-0.62869877	0.18187259	-0.876046	0.15909947	-0.78634745	0.20654432	-2.327028	
0	0	1193	3054.4939192627558	0.6824748	0.013929007	0.71537715	-0.7167024	0.39233577	-0.5954293	0.18881568	-0.974446	0.15705082	-0.7245389	0.2183063	-1.8681071	
0	0	1194	3057.0542662193884	0.6806253	0.012762671	0.7157361	-0.717298	0.38353518	-0.57622075	0.20234263	-1.0021489	0.14882986	-0.66366243	0.19832532	-1.4823989	
0	0	1195	3059.6146131760206	0.68053913	0.008983908	0.71595544	-0.71816194	0.37391108	-0.5782996	0.2111273	-0.97371906	0.1336547	-0.6448263	0.16341363	-1.180861	
0	0	1196	3062.1749601326533	0.68282926	0.006034702	0.7160345	-0.71974474	0.36883488	-0.5928264	0.20959541	-0.9270009	0.11933203	-0.7341384	0.122513205	-0.9554513	
0	0	1197	3064.7353070892864	0.68593144	0.006532388	0.71654886	-0.72245836	0.36839846	-0.6055849	0.19904664	-0.9033403	0.120268896	-0.9014756	0.07775727	-0.8647408	
0	0	1198	3067.2956540459186	0.6874617	0.010138179	0.718392	-0.7256505	0.368832	-0.61022353	0.18778972	-0.9294086	0.13753764	-0.992015	0.04427269	-1.396256	
0	0	1199	3069.8560010025512	0.68612623	0.013844178	0.7218231	-0.7274069	0.36691967	-0.6129341	0.18424143	-0.9875165	0.15839535	-0.9587117	0.08079724	-2.0199347	
0	0	1200	3072.4163479591843	0.6827743	0.014277627	0.72567636	-0.72583103	0.36376244	-0.62436974	0.18946272	-1.03368	0.1713583	-0.8440722	0.13703531	-1.7909497	
0	0	1201	3074.9766949158166	0.6797084	0.010247336	0.72772306	-0.7209772	0.3639172	-0.6464344	0.19939391	-1.0417541	0.16953431	-0.6940787	0.16607697	-1.4095016	
0	0	1202	3077.537041872449	0.6789478	0.0033992298	0.7263146	-0.7156302	0.37074387	-0.66780144	0.20880042	-1.0079663	0.15124415	-0.55719966	0.16702582	-1.0631528	
0	0	1203	3080.0973888290823	0.6810532	-0.0032413166	0.7220223	-0.71370906	0.38294098	-0.67323005	0.21204732	-0.9452564	0.122519605	-0.50403386	0.15407187	-0.7842441	
0	0	1204	3082.6577357857145	0.68517584	-0.007185416	0.7175772	-0.7172731	0.39502993	-0.6561743	0.20662127	-0.8853685	0.09830201	-0.61503774	0.1377268	-0.575619	
0	0	1205	3085.218082742347	0.68980646	-0.0074956515	0.7159087	-0.7247157	0.400866	-0.6233161	0.19729848	-0.85634446	0.09225823	-0.8246041	0.1260321	-0.43577027	
0	0	1206	3087.7784296989803	0.69358456	-0.0047172657	0.7179751	-0.731835	0.39790878	-0.5900755	0.19021432	-0.8542599	0.09756583	-0.94321644	0.12526657	-0.31716466	
0	0	1207	3090.338776655613	0.69578093	-0.00015880952	0.7220737	-0.73497903	0.38912904	-0.57078016	0.1865527	-0.85847795	0.100599065	-0.9797705	0.13359226	-0.13442442	
0	0	1208	3092.899123612245	0.69630533	0.0049014026	0.725131	-0.7338079	0.38039416	-0.56927085	0.1838994	-0.85809004	0.09945352	-1.0299255	0.1423844	0.13815172	
0	0	1209	3095.459470568878	0.69540924	0.009583205	0.7251154	-0.73147446	0.37570965	-0.5777631	0.17969681	-0.86217105	0.10204068	-1.130641	0.14491954	0.47719523	
0	0	1210	3098.019817525511	0.69344825	0.013353032	0.7226661	-0.7319716	0.37502846	-0.5854294	0.17516819	-0.89385915	0.11547004	-1.1972876	0.13816333	0.86341786	
0	0	1211	3100.580164482143	0.69080615	0.01591398	0.72041065	-0.736861	0.3758579	-0.5871551	0.17646277	-0.9577456	0.13310002	-1.1437076	0.121612206	1.292754	
0	0	1212	3103.140511438776	0.6878528	0.017204588	0.7206747	-0.74423057	0.37597528	-0.58458936	0.18839885	-1.0164148	0.14146657	-1.0092291	0.097699106	1.7805045	
0	0	1213	3105.700858395409	0.6848395	0.017346881	0.7237237	-0.7505661	0.3747653	-0.5819118	0.20945397	-1.0261039	0.13543835	-0.87464315	0.07254092	2.382737	
0	0	1214	3108.261205352041	0.68186206	0.016408557	0.727838	-0.7536405	0.37284118	-0.58188105	0.23284866	-0.9672169	0.11894295	-0.805904	0.05639274	-3.0924459	
0	0	1215	3110.8215523086737	0.679039	0.014211898	0.7308758	-0.7540149	0.37094754	-0.58493555	0.24627666	-0.8443975	0.100527406	-0.87181735	0.058267713	-2.208125	
0	0	1216	3113.381899265307	0.67674255	0.010554555	0.73199207	-0.7541483	0.369429	-0.59088403	0.2353926	-0.70312256	0.09464016	-1.1079818	0.070169516	-1.5266284	
0	0	1217	3115.942246221939	0.675564	0.005716228	0.7320991	-0.75610274	0.36868244	-0.60013574	0.20295458	-0.6394907	0.113280036	-1.3225585	0.07545471	-1.0238252	
0	0	1218	3118.5025931785717	0.6759281	0.00075935846	0.7327566	-0.75989956	0.36965176	-0.612288	0.17442769	-0.72765106	0.14519545	-1.3459556	0.0631429	-0.722927	
0	0	1219	3121.062940135205	0.67759925	-0.0028204217	0.7346839	-0.7639224	0.3732625	-0.6238629	0.17103608	-0.90994036	0.17210218	-1.2604282	0.04983988	-0.929282	
0	0	1220	3123.623287091837	0.67951673	-0.004143073	0.7372637	-0.76669556	0.37902376	-0.62916845	0.19298466	-1.0396836	0.18810664	-1.1599227	0.0690069	-1.1995851	
0	0	1221	3126.1836340484697	0.68040645	-0.0039331485	0.73933053	-0.7682847	0.38449177	-0.62537146	0.22708708	-1.0497683	0.19650817	-1.078204	0.09821787	-1.0825827	
0	0	1222	3128.743981005103	0.6798564	-0.0042524724	0.7403961	-0.7701155	0.3870143	-0.6163546	0.2543205	-0.9580037	0.20077252	-1.0131466	0.12028318	-0.82343644	
0	0	1223	3131.304327961735	0.6788048	-0.006885495	0.74118656	-0.77349657	0.38615668	-0.60990703	0.2564383	-0.83880574	0.20060602	-0.9573989	0.13110104	-0.4870316	
0	0	1224	3133.8646749183677	0.67887014	-0.011777367	0.7430131	-0.77826685	0.38402727	-0.61131704	0.24060014	-0.78778297	0.19425106	-0.9212316	0.12903446	-0.05729994	
0	0	1225	3136.4250218750003	0.68109506	-0.016853575	0.7466031	-0.78276104	0.383468	-0.61942255	0.23160717	-0.81546044	0.1842523	-0.9286857	0.11557714	0.520478	
0	0	1226	3138.985368831633	0.68501526	-0.019410089	0.7513987	-0.7850587	0.38581622	-0.6273022	0.23884493	-0.8493244	0.17716794	-0.9850188	0.10131236	1.3148679	
0	0	1227	3141.5457157882656	0.6888194	-0.018223036	0.75584865	-0.78450936	0.3895138	-0.627652	0.25552976	-0.8284282	0.1773822	-1.064846	0.10432572	2.2255406	
0	0	1228	3144.1060627448983	0.6907037	-0.0145779345	0.7585069	-0.78231424	0.39099807	-0.6200504	0.26727432	-0.7363036	0.18512797	-1.1336089	0.12315005	2.9595697	
0	0	1229	3146.6664097015314	0.6902578	-0.011110303	0.75909775	-0.78068393	0.38809377	-0.6125816	0.25635028	-0.6027802	0.19789854	-1.1647695	0.14163978	-2.8212216	
0	0	1230	3149.2267566581636	0.6885589	-0.00962223	0.7586437	-0.78129035	0.38234392	-0.614463	0.21858479	-0.5197017	0.21032538	-1.1430372	0.15376145	-2.4726486	
0	0	1231	3151.7871036147963	0.68702316	-0.009870833	0.75865597	-0.78430766	0.37738425	-0.6280671	0.1794034	-0.59544384	0.21313846	-1.0732586	0.16030647	-2.210221	
0	0	1232	3154.3474505714294	0.686138	-0.010166804	0.76020545	-0.7886066	0.3759005	-0.6481856	0.16789769	-0.8010687	0.19868173	-0.998088	0.16162097	-1.985787	
0	0	1233	3156.9077975280616	0.68511254	-0.0091877915	0.7635171	-0.79259795	0.37819716	-0.66695	0.18455027	-0.9609609	0.17208922	-0.98715615	0.15513775	-1.7713165	
0	0	1234	3159.468144484694	0.6827227	-0.007377665	0.7680813	-0.79501575	0.3826819	-0.6793238	0.21193397	-1.0065075	0.1488182	-1.0889728	0.13653733	-1.5710293	
0	0	1235	3162.0284914413273	0.6785216	-0.0066723605	0.77300924	-0.79529876	0.38747397	-0.68524164	0.23620236	-0.9724231	0.14307646	-1.2727038	0.10564424	-1.4590542	
0	0	1236	3164.5888383979595	0.67333037	-0.009047995	0.7773493	-0.79361	0.39178276	-0.68714374	0.24964704	-0.90239346	0.15872522	-1.407212	0.07935245	-1.6298257	
0	0	1237	3167.149185354592	0.6688025	-0.015128403	0.7803361	-0.79076445	0.39574218	-0.6862416	0.2502758	-0.8344387	0.18447658	-1.3962905	0.08874684	-1.9356352	
0	0	1238	3169.709532311225	0.6664845	-0.023636404	0.7816778	-0.78809077	0.39923236	-0.68199044	0.24291894	-0.79806	0.20024616	-1.2577747	0.11681005	-1.893979	
0	0	1239	3172.2698792678575	0.6669356	-0.032069292	0.7818694	-0.78698087	0.40142512	-0.6746035	0.23629454	-0.79883015	0.19108857	-1.0700381	0.13249974	-1.6592509	
0	0	1240	3174.83022622449	0.66957086	-0.03819298	0.7821513	-0.78803027	0.40165186	-0.6667983	0.23532192	-0.8147283	0.15987347	-0.92251855	0.12925473	-1.38664	
0	0	1241	3177.390573181123	0.67329025	-0.040930893	0.7838026	-0.7903861	0.4005249	-0.66209936	0.23863254	-0.82361346	0.12174793	-0.9015049	0.11326142	-1.1364819	
0	0	1242	3179.9509201377555	0.6770236	-0.04008113	0.7871452	-0.7921172	0.39963254	-0.66110104	0.24309975	-0.8196449	0.09522507	-1.0983118	0.09239489	-0.9285746	
0	0	1243	3182.511267094388	0.6797078	-0.035899602	0.79113144	-0.79163045	0.3998295	-0.6608192	0.24652652	-0.8054517	0.09774742	-1.4090431	0.07201236	-0.7659937	
0	0	1244	3185.071614051021	0.6801931	-0.029387916	0.794027	-0.78903747	0.40042952	-0.65852445	0.24732327	-0.7869292	0.12249204	-1.5190403	0.054815102	-0.6239112	
0	0	1245	3187.6319610076534	0.67771035	-0.022740496	0.7948055	-0.7862376	0.40027577	-0.6548848	0.24512753	-0.77579516	0.14575072	-1.4335412	0.03896875	-0.3811117	
0	0	1246	3190.192307964286	0.6726652	-0.018816896	0.79410577	-0.7854451	0.3992688	-0.65286654	0.24339278	-0.782677	0.15174894	-1.2876889	0.018103449	0.34855735	
0	0	1247	3192.7526549209188	0.6667595	-0.019565355	0.7937711	-0.78728795	0.39865515	-0.65351367	0.24691702	-0.7956082	0.14061134	-1.2071016	0.023900535	2.4757943	
0	0	1248	3195.313001877552	0.66211617	-0.024793113	0.79527014	-0.79019475	0.3992157	-0.6531126	0.2551407	-0.7899598	0.13043831	-1.2813021	0.059047733	3.1015773	
0	0	1249	3197.873348834184	0.6601279	-0.03231551	0.7983937	-0.7917768	0.39920548	-0.64775944	0.26323414	-0.7540177	0.14285159	-1.4210277	0.09998018	-2.8383503	
0	0	1250	3200.4336957908167	0.6608436	-0.03925963	0.80148286	-0.7910134	0.39580715	-0.64074934	0.26501593	-0.68978345	0.17441744	-1.4454435	0.14691164	-2.5403037	
0	0	1251	3202.9940427474494	0.6631429	-0.04365552	0.80306774	-0.7891292	0.3886035	-0.6416668	0.25427896	-0.6149626	0.20684147	-1.3649641	0.19821744	-2.2307832	
0	0	1252	3205.554389704082	0.66556567	-0.045282118	0.8033384	-0.7881752	0.38081935	-0.6592066	0.23062427	-0.5714898	0.23101473	-1.2529693	0.2442287	-1.8882204	
0	0	1253	3208.1147366607147	0.66719484	-0.04522667	0.8038462	-0.78873575	0.3781132	-0.69338155	0.20573181	-0.6025495	0.24805555	-1.1470025	0.2660374	-1.5269756	
0	0	1254	3210.6750836173474	0.66794634	-0.044710714	0.80570453	-0.7891773	0.385169	-0.7292364	0.19299854	-0.69018847	0.26186433	-1.0487638	0.2509324	-1.2014842	
0	0	1255	3213.23543057398	0.66819775	-0.04420091	0.808126	-0.78726095	0.40002552	-0.7433338	0.19215165	-0.76826245	0.2723844	-0.9435955	0.20776807	-0.9818026	
0	0	1256	3215.7957775306127	0.66817635	-0.0433098	0.8087941	-0.78269345	0.4126973	-0.7278358	0.19390666	-0.80895585	0.2739691	-0.8235917	0.15830229	-0.95800126	
0	0	1257	3218.3561244872453	0.6675202	-0.041418955	0.8060114	-0.7781268	0.41450313	-0.70077294	0.19149674	-0.8344656	0.2591786	-0.6989321	0.13661674	-1.2323862	
0	0	1258	3220.916471443878	0.66533333	-0.03868501	0.800721	-0.77724	0.40664023	-0.68674386	0.1856849	-0.8823144	0.22351345	-0.6030932	0.1797302	-1.4875983	
0	0	1259	3223.4768184005106	0.6608932	-0.03671351	0.7961332	-0.78141034	0.3973142	-0.6972443	0.18403885	-0.96670127	0.1715671	-0.6252017	0.2615335	-1.3771334	
0	0	1260	3226.0371653571433	0.65459263	-0.03801005	0.7951589	-0.7882169	0.39469987	-0.7249601	0.19299288	-1.048183	0.1330044	-0.95176035	0.31755167	-1.0448661	
0	0	1261	3228.597512313776	0.64817405	-0.04422149	0.7981148	-0.79322606	0.4013824	-0.7484193	0.20832355	-1.0732626	0.15665296	-1.4035777	0.3104207	-0.6820162	
0	0	1262	3231.1578592704086	0.64381766	-0.05462408	0.8025125	-0.7934042	0.41160396	-0.7501269	0.21727858	-1.0446435	0.22207704	-1.5383538	0.26372084	-0.38801444	
0	0	1263	3233.7182062270413	0.6428076	-0.066209495	0.80503464	-0.7893642	0.41644263	-0.7351784	0.21280254	-1.0224694	0.28930736	-1.4763275	0.20763797	-0.1725049	
0	0	1264	3236.2785531836735	0.64473665	-0.07536921	0.80421865	-0.7845702	0.41376877	-0.72368	0.20466384	-1.0654743	0.33745706	-1.3207551	0.15376642	-0.034798976	
0	0	1265	3238.8389001403066	0.64770097	-0.08021146	0.8014515	-0.7821237	0.40949848	-0.7280416	0.20964774	-1.1556253	0.34554002	-1.1245857	0.10725478	-0.038350835	
0	0	1266	3241.3992470969392	0.6497509	-0.08202902	0.79928833	-0.78215027	0.41073886	-0.7428574	0.23300497	-1.207381	0.30919898	-0.964208	0.088125296	-0.32500595	
0	0	1267	3243.959594053572	0.65083545	-0.08401718	0.7989247	-0.78222173	0.41978368	-0.7497569	0.26476493	-1.1637411	0.2544823	-0.90587914	0.11729328	-0.38229987	
0	0	1268	3246.5199410102045	0.65314144	-0.08746986	0.7993262	-0.7800425	0.43098894	-0.73232234	0.28468642	-1.0262444	0.20654139	-0.9712666	0.13201617	0.030637762	
0	0	1269	3249.080287966837	0.65888774	-0.08925011	0.79850125	-0.7756216	0.4337531	-0.69492084	0.2701003	-0.849862	0.17795815	-1.1614383	0.11284378	0.4941186	
0	0	1270	3251.64063492347	0.66751397	-0.08345056	0.79550195	-0.7710258	0.42412028	-0.6629716	0.22116074	-0.7549862	0.1813087	-1.4269083	0.088023566	0.93486464	
0	0	1271	3254.2009818801025	0.67457783	-0.066256166	0.79123837	-0.7682374	0.40980664	-0.6566119	0.17596315	-0.88729215	0.22999147	-1.5843545	0.06846813	1.410326	
0	0	1272	3256.761328836735	0.6737984	-0.040905315	0.7874065	-0.76725495	0.40053838	-0.67349356	0.18020198	-1.1714514	0.30457994	-1.4517149	0.056271225	1.9556893	
0	0	1273	3259.321675793368	0.6622494	-0.018296873	0.7847113	-0.76633185	0.40038905	-0.69699764	0.23105986	-1.2719891	0.31788105	-1.1292872	0.05149659	2.5417209	
0	0	1274	3261.8820227500005	0.64420784	-0.010433672	0.7822613	-0.7639975	0.40773776	-0.71039253	0.2893236	-1.14267	0.26556426	-0.89716434	0.05289818	3.0874796	
0	0	1275	3264.442369706633	0.62869895	-0.021571977	0.77867055	-0.7606508	0.41742703	-0.70572865	0.31282333	-0.8744362	0.21098943	-0.8041198	0.059324916	-2.734329	
0	0	1276	3267.002716663266	0.6236232	-0.044830345	0.77362263	-0.75808096	0.4237704	-0.6871921	0.27439907	-0.5846409	0.17031948	-0.8034774	0.07017147	-2.3236575	
0	0	1277	3269.563063619898	0.631634	-0.06571071	0.7682007	-0.757519	0.42466396	-0.66680694	0.19580913	-0.42016047	0.14320883	-0.86815476	0.08257796	-1.9182806	
0	0	1278	3272.123410576531	0.6485018	-0.07015693	0.7637023	-0.758391	0.42267004	-0.6529658	0.12493331	-0.5736541	0.12880352	-0.96829015	0.09106072	-1.5135429	
0	0	1279	3274.6837575331638	0.6644376	-0.053469673	0.76031315	-0.75905865	0.42082095	-0.64446473	0.11271489	-1.1139581	0.12383527	-1.0501375	0.08996596	-1.1333591	
0	0	1280	3277.244104489796	0.66966915	-0.02378023	0.757056	-0.7586722	0.41925403	-0.63673425	0.1593036	-1.3837839	0.12070393	-1.0947026	0.076159336	-0.82841957	
0	0	1281	3279.804451446429	0.6611439	0.003274641	0.7530272	-0.75810444	0.41630962	-0.6296034	0.2155332	-1.3357303	0.11792962	-1.154047	0.052550536	-0.75680166	
0	0	1282	3282.3647984030617	0.6442436	0.013845397	0.7485913	-0.75887346	0.41145557	-0.62813604	0.25246227	-1.1553887	0.124136165	-1.2201428	0.043838482	-1.305695	
0	0	1283	3284.925145359694	0.6289566	0.002982537	0.7451451	-0.76111746	0.40682402	-0.6370899	0.25190067	-0.945167	0.13945769	-1.1938341	0.07762067	-1.5788821	
0	0	1284	3287.485492316327	0.62420774	-0.022154538	0.7435159	-0.76285416	0.40572596	-0.65457976	0.21585473	-0.81174535	0.15190199	-1.0527711	0.119728655	-1.3817552	
0	0	1285	3290.0458392729597	0.6327444	-0.045623332	0.7426327	-0.76169455	0.40972075	-0.6723246	0.17413624	-0.8763303	0.15146607	-0.84125346	0.1481224	-1.0733573	
0	0	1286	3292.6061862295924	0.6493647	-0.053663548	0.74003613	-0.75754595	0.41755846	-0.68190545	0.1677395	-1.1296912	0.13481095	-0.59667283	0.15523094	-0.75182533	
0	0	1287	3295.166533186225	0.664553	-0.044124886	0.7340657	-0.75347924	0.4261989	-0.6793543	0.2058848	-1.2827412	0.10197808	-0.34032273	0.13923824	-0.44372287	
0	0	1288	3297.7268801428577	0.67099583	-0.026171597	0.7256927	-0.7536112	0.4320979	-0.6659528	0.25822604	-1.2329905	0.053967696	-0.12513293	0.099176705	-0.18897	
0	0	1289	3300.2872270994903	0.6685187	-0.012989713	0.71813625	-0.7596362	0.43250296	-0.6478713	0.29477465	-1.0629373	0.014346245	-1.808998	0.04417029	-0.3939992	
0	0	1290	3302.8475740561225	0.66404635	-0.012122033	0.71444	-0.769012	0.42711058	-0.6341781	0.29677996	-0.85178494	0.076816365	-2.1785996	0.068648964	-1.5251241	
0	0	1291	3305.4079210127557	0.6654441	-0.019005377	0.71506095	-0.7765944	0.41850355	-0.63203204	0.26281786	-0.6711782	0.13431905	-1.8455439	0.13133302	-1.39724	
0	0	1292	3307.9682679693883	0.6742335	-0.021225663	0.71740997	-0.7785505	0.4103725	-0.64299774	0.21014725	-0.6002772	0.16824336	-1.4816746	0.16625364	-1.1234802	
0	0	1293	3310.5286149260205	0.6843767	-0.0101950485	0.7177592	-0.775286	0.405645	-0.6633803	0.16793346	-0.7195213	0.1724538	-1.1480827	0.17185722	-0.91888314	
0	0	1294	3313.0889618826536	0.6870969	0.01175037	0.71405274	-0.7710071	0.40575635	-0.6860236	0.1627852	-0.96050495	0.15047626	-0.88505894	0.1674538	-0.8513276	
0	0	1295	3315.6493088392863	0.6776508	0.03212198	0.707381	-0.7703968	0.4101484	-0.7025634	0.18805675	-1.0859605	0.11248584	-0.7719987	0.17761813	-0.8634848	
0	0	1296	3318.2096557959185	0.6607111	0.03594895	0.70089555	-0.77511156	0.41603693	-0.70758706	0.21679376	-1.0603446	0.08105303	-1.0183902	0.2046283	-0.81984717	
0	0	1297	3320.7700027525516	0.64819574	0.01912352	0.6972228	-0.78283924	0.419883	-0.7028462	0.23226254	-0.955331	0.09599901	-1.4808995	0.23579204	-0.6859802	
0	0	1298	3323.3303497091842	0.6487853	-0.0058403625	0.69666	-0.7894727	0.420321	-0.69553655	0.22716066	-0.8258412	0.14435005	-1.5388311	0.2600337	-0.471625	
0	0	1299	3325.8906966658164	0.66137266	-0.021596223	0.69735014	-0.792312	0.4190096	-0.69070345	0.20082866	-0.7286159	0.18782967	-1.3678991	0.26333755	-0.17109655	
0	0	1300	3328.4510436224496	0.67809606	-0.01929551	0.6969437	-0.7916573	0.41797534	-0.686441	0.16518529	-0.7537248	0.20735446	-1.1434531	0.22488615	0.22042952	
0	0	1301	3331.011390579082	0.689781	-0.0011549332	0.69428515	-0.78996366	0.41656974	-0.6776288	0.14707015	-0.952254	0.20064026	-0.9589152	0.13865523	0.6884778	
0	0	1302	3333.5717375357144	0.69053346	0.02208016	0.68991065	-0.7896547	0.41164532	-0.6648791	0.16053168	-1.1554711	0.18099889	-0.87581354	0.037892204	1.6146744	
0	0	1303	3336.1320844923475	0.6821338	0.036940873	0.68518925	-0.7915034	0.40173957	-0.6587272	0.19062613	-1.2258396	0.16673651	-0.90247065	0.083146244	-2.3454814	
0	0	1304	3338.69243144898	0.67310077	0.037824754	0.6811029	-0.794671	0.39080992	-0.6712075	0.22303402	-1.1942543	0.16671263	-0.97184104	0.17803054	-1.9082143	
0	0	1305	3341.252778405613	0.67012835	0.031353887	0.67773753	-0.7979537	0.38617358	-0.701744	0.25061992	-1.0965954	0.17730424	-1.0143391	0.25760958	-1.5625826	
0	0	1306	3343.813125362245	0.6728345	0.027193338	0.6746747	-0.8008326	0.39277273	-0.73242414	0.26463553	-0.9506906	0.19265977	-1.0134438	0.28527305	-1.2032517	
0	0	1307	3346.373472318878	0.6769213	0.028940212	0.67162454	-0.80350655	0.4086995	-0.7385678	0.25381628	-0.79482377	0.20943055	-0.9676703	0.23392875	-0.9306122	
0	0	1308	3348.933819275511	0.67907536	0.033899862	0.6686482	-0.8062552	0.4241733	-0.7073323	0.2217267	-0.7149028	0.22148448	-0.8681216	0.1463089	-0.9673793	
0	0	1309	3351.494166232143	0.67933065	0.037653394	0.6658993	-0.80900675	0.42657188	-0.6506938	0.19585924	-0.77133936	0.21506299	-0.7357497	0.107803814	-1.694238	
0	0	1310	3354.054513188776	0.6801761	0.03909973	0.66331786	-0.81155646	0.41152123	-0.6004219	0.19555452	-0.8793886	0.1882523	-0.6721947	0.18462664	-2.252503	
0	0	1311	3356.614860145409	0.68285686	0.04176934	0.6607108	-0.814077	0.3877936	-0.5848285	0.21257025	-0.9162565	0.16688108	-0.7476273	0.30847237	-2.30213	
0	0	1312	3359.175207102041	0.6850289	0.048827343	0.65815604	-0.8171614	0.36855578	-0.6085054	0.22910658	-0.8618487	0.16714449	-0.8723828	0.44095874	-2.1734219	
0	0	1313	3361.735554058674	0.6833144	0.058103755	0.6562076	-0.8211704	0.36154306	-0.6518695	0.23017459	-0.75135636	0.18396819	-0.93052197	0.5544678	-1.9568853	
0	0	1314	3364.2959010153068	0.6772854	0.06381035	0.6555684	-0.8255193	0.36629555	-0.6866005	0.20740321	-0.647072	0.20627683	-0.8780004	0.6231062	-1.6842686	
0	0	1315	3366.856247971939	0.67012674	0.061812136	0.6564325	-0.82875115	0.37573797	-0.69498086	0.16874	-0.6581422	0.21755607	-0.6985317	0.6283509	-1.345892	
0	0	1316	3369.416594928572	0.66622835	0.05333759	0.65811104	-0.82953507	0.3804349	-0.6813761	0.14587452	-0.887876	0.18849675	-0.40942404	0.51894647	-0.88045216	
0	0	1317	3371.9769418852047	0.66765046	0.044948254	0.65941226	-0.82782674	0.3760243	-0.6693371	0.16580948	-1.137497	0.10858865	-0.19260961	0.23759088	-0.40456745	
0	0	1318	3374.537288841837	0.67168546	0.043341823	0.659563	-0.8250226	0.36828738	-0.68110317	0.20830823	-1.1738611	0.040786885	-0.9784346	0.063671485	-1.6238561	
0	0	1319	3377.0976357984696	0.6729502	0.048134044	0.6588184	-0.8227425	0.36730483	-0.7144711	0.24233444	-1.0576938	0.08950903	-1.9151951	0.15084626	-2.2418404	
0	0	1320	3379.6579827551027	0.66928774	0.052060757	0.6580614	-0.8214336	0.37754926	-0.7452473	0.24843031	-0.8799635	0.15342659	-1.9244518	0.20126869	-2.2917328	
0	0	1321	3382.218329711735	0.6639246	0.04895187	0.65779895	-0.82022864	0.39515334	-0.75037867	0.22178058	-0.7244582	0.20907216	-1.8130728	0.2441396	-2.3403919	
0	0	1322	3384.7786766683676	0.6620258	0.039201573	0.65761805	-0.818207	0.41079837	-0.72413355	0.17835066	-0.68841124	0.24992552	-1.6528807	0.31279588	-2.317065	
0	0	1323	3387.3390236250007	0.6668372	0.029115062	0.65670824	-0.81574523	0.4151573	-0.6814263	0.14711611	-0.84307003	0.26179317	-1.4858861	0.39773935	-2.0613194	
0	0	1324	3389.8993705816333	0.67775166	0.026946403	0.6549367	-0.81437457	0.406948	-0.6497904	0.1481242	-1.0799998	0.2456447	-1.4050984	0.38512656	-1.6166873	
0	0	1325	3392.4597175382655	0.6905002	0.03789641	0.65323067	-0.8151234	0.39530563	-0.64727366	0.17264992	-1.1930302	0.23402698	-1.4571176	0.28466544	-1.2570616	
0	0	1326	3395.0200644948986	0.69969964	0.06162811	0.6527002	-0.8171833	0.39031184	-0.666221	0.19966334	-1.1628878	0.24959093	-1.5422469	0.1860883	-0.97373086	
0	0	1327	3397.5804114515313	0.7012734	0.09440538	0.6533861	-0.8185434	0.3943529	-0.6841332	0.21347007	-1.0556211	0.2862599	-1.5527914	0.0993288	-0.5637307	
0	0	1328	3400.1407584081635	0.6922641	0.13129807	0.6540004	-0.8181843	0.4025772	-0.68505675	0.2082316	-0.9420364	0.3267499	-1.4652665	0.051244017	1.0102123	
0	0	1329	3402.7011053647966	0.67061627	0.16433498	0.6532006	-0.8177074	0.4077433	-0.66987514	0.19093192	-0.87665766	0.35084638	-1.2987199	0.15654272	2.292307	
0	0	1330	3405.2614523214293	0.6382722	0.180399	0.6514076	-0.82024693	0.40610796	-0.6533677	0.17251736	-0.87734675	0.34184784	-1.0898832	0.30719793	3.0224495	
0	0	1331	3407.8217992780615	0.6045732	0.16626689	0.6510751	-0.8270994	0.4009711	-0.6501768	0.15949555	-0.93735534	0.296397	-0.8816342	0.3677755	-2.5508313	
0	0	1332	3410.382146234694	0.5834288	0.12119779	0.654757	-0.8353541	0.39882776	-0.6599978	0.15585588	-1.0402321	0.22367829	-0.72704023	0.33738276	-2.040044	
0	0	1333	3412.9424931913272	0.58475584	0.064332016	0.6625526	-0.8392215	0.4024128	-0.669205	0.1656	-1.1450661	0.14429581	-0.7634391	0.30378392	-1.6691132	
0	0	1334	3415.5028401479594	0.60801893	0.024345856	0.67109674	-0.83450526	0.40866625	-0.66524	0.18854368	-1.1883866	0.10758738	-1.2355429	0.28718382	-1.3215622	
0	0	1335	3418.063187104592	0.6420762	0.020003209	0.6754528	-0.8229414	0.41141522	-0.64752966	0.21558505	-1.144351	0.13792327	-1.5873022	0.28006598	-0.92365235	
0	0	1336	3420.623534061225	0.6702204	0.049826667	0.6733403	-0.8119581	0.4065215	-0.6294435	0.23495048	-1.0463406	0.17437522	-1.5833418	0.2641338	-0.4543674	
0	0	1337	3423.1838810178574	0.67951715	0.09489736	0.66757154	-0.8088459	0.39693168	-0.6282236	0.24228516	-0.9422358	0.19222751	-1.4762318	0.22630568	0.048391204	
0	0	1338	3425.74422797449	0.6698189	0.13103186	0.6637143	-0.81473666	0.39044577	-0.6464189	0.24113058	-0.8619629	0.19219461	-1.3618841	0.17340076	0.5573728	
0	0	1339	3428.304574931123	0.6527677	0.14363343	0.6656319	-0.82393444	0.39109468	-0.6688789	0.23781443	-0.81419307	0.1802179	-1.2851875	0.11763443	1.161522	
0	0	1340	3430.8649218877554	0.6415457	0.13525635	0.67283654	-0.8284947	0.39611304	-0.6809557	0.2374792	-0.7885981	0.16658235	-1.2887746	0.079088666	2.216406	
0	0	1341	3433.425268844388	0.64186394	0.121111274	0.6809779	-0.8242701	0.40012628	-0.68147963	0.24082375	-0.76437986	0.1693749	-1.3624644	0.11390301	-2.7265227	
0	0	1342	3435.985615801021	0.6498739	0.11582955	0.68520635	-0.81400007	0.4003415	-0.68054986	0.24436375	-0.7324223	0.19615236	-1.3459885	0.19227423	-1.8712254	
0	0	1343	3438.545962757654	0.65693986	0.122370906	0.6841492	-0.80473375	0.39917377	-0.6881215	0.24559815	-0.7007544	0.21767844	-1.1758823	0.23199481	-1.2290894	
0	0	1344	3441.106309714286	0.65718687	0.13237007	0.6807385	-0.8017875	0.4012702	-0.70170635	0.2451828	-0.67773914	0.2127506	-0.9814884	0.21265107	-0.80190545	
0	0	1345	3443.6666566709187	0.6516325	0.13475998	0.6792296	-0.8049182	0.40729222	-0.709096	0.24455513	-0.66306514	0.19302636	-0.8540327	0.17247196	-0.60168445	
0	0	1346	3446.2270036275518	0.64660084	0.12430538	0.6817787	-0.8095113	0.41296053	-0.7039233	0.24365394	-0.6525152	0.17389064	-0.81052834	0.13804482	-0.60754967	
0	0	1347	3448.787350584184	0.6487626	0.10554974	0.68734765	-0.81084406	0.4136665	-0.6924808	0.24129912	-0.6483174	0.16400878	-0.8309901	0.12234372	-0.78473634	
0	0	1348	3451.3476975408166	0.66016495	0.089990094	0.6931138	-0.807513	0.40906683	-0.68850404	0.23847833	-0.660352	0.16682902	-0.8631211	0.13244413	-0.99865586	
0	0	1349	3453.9080444974497	0.67638254	0.087480046	0.6968457	-0.80167043	0.40472263	-0.7012004	0.23944065	-0.68802893	0.17858244	-0.8403082	0.16670337	-1.0775383	
0	0	1350	3456.468391454082	0.6892719	0.09893743	0.69832784	-0.79667	0.40770435	-0.72095996	0.24667867	-0.70927167	0.18471745	-0.7438223	0.21208845	-0.93268675	
0	0	1351	3459.0287384107146	0.6924292	0.11586522	0.6989987	-0.7945491	0.41730505	-0.7242169	0.25646114	-0.7010795	0.17279342	-0.66046613	0.21798661	-0.585771	
0	0	1352	3461.5890853673477	0.68591464	0.12552208	0.7006421	-0.79511833	0.42358524	-0.7020718	0.2608314	-0.6649112	0.15698123	-0.69762087	0.16365567	-0.32935235	
0	0	1353	3464.14943232398	0.67706376	0.119228095	0.704281	-0.79661196	0.4176709	-0.6712244	0.25456107	-0.6293767	0.1580273	-0.8191188	0.1121436	-0.30619165	
0	0	1354	3466.7097792806126	0.67557144	0.099929854	0.7098334	-0.79691285	0.40025973	-0.6591901	0.24126615	-0.6331863	0.17872237	-0.89839363	0.0771063	-0.43760407	
0	0	1355	3469.2701262372457	0.6859971	0.08142658	0.71628654	-0.79457045	0.38151684	-0.68590873	0.23294681	-0.6948172	0.20869583	-0.872791	0.050867528	-0.7458403	
0	0	1356	3471.830473193878	0.7041054	0.077898815	0.72214746	-0.7894216	0.37471995	-0.7457575	0.24184172	-0.7753911	0.23016687	-0.75920975	0.0376452	-1.4903495	
0	0	1357	3474.3908201505105	0.71922815	0.093534045	0.72612464	-0.782773	0.3863912	-0.8024916	0.2670383	-0.7962576	0.22756943	-0.6380927	0.05627232	-2.2771606	
0	0	1358	3476.9511671071436	0.7207452	0.11923148	0.72790307	-0.7768527	0.410076	-0.819041	0.2903724	-0.72978	0.2100828	-0.60889465	0.098738275	-2.6064682	
0	0	1359	3479.511514063776	0.70623744	0.13675024	0.7284251	-0.773508	0.43091178	-0.7891916	0.29310587	-0.6210454	0.20246837	-0.6870364	0.16674095	-2.760199	
0	0	1360	3482.0718610204085	0.6851714	0.13022168	0.7292982	-0.7730388	0.43598023	-0.7350578	0.273602	-0.53295	0.2179476	-0.7868738	0.29356596	-2.7479072	
0	0	1361	3484.632207977041	0.6722767	0.09864729	0.7317296	-0.77408224	0.42278326	-0.69065404	0.2438625	-0.5092045	0.25514948	-0.8167853	0.46829614	-2.4472463	
0	0	1362	3487.1925549336743	0.6770554	0.05725932	0.7358119	-0.7746348	0.40166414	-0.68449205	0.2186361	-0.56800926	0.3038982	-0.7343141	0.53815776	-2.0747085	
0	0	1363	3489.7529018903065	0.6993215	0.026277672	0.7406519	-0.77341616	0.38875258	-0.71822214	0.20944646	-0.68157256	0.34020817	-0.5337336	0.52903724	-1.8586687	
0	0	1364	3492.313248846939	0.73089385	0.018889677	0.74516827	-0.7704544	0.39292794	-0.75948983	0.21636221	-0.7758167	0.32906088	-0.26850697	0.5145607	-1.7465404	
0	0	1365	3494.8735958035722	0.7593153	0.036198553	0.7488306	-0.76652557	0.40959638	-0.77188253	0.2276967	-0.8146452	0.27155274	-0.04816673	0.5073713	-1.676499	
0	0	1366	3497.4339427602044	0.7733376	0.06769514	0.751657	-0.7621621	0.42664686	-0.74491656	0.233972	-0.8218297	0.2045006	0.0751445	0.5063418	-1.6121558	
0	0	1367	3499.994289716837	0.7698602	0.0966167	0.7536113	-0.7573521	0.43294176	-0.69198024	0.23363197	-0.8276233	0.14305955	0.1328324	0.50375605	-1.5156437	
0	0	1368	3502.55463667347	0.75610363	0.10969731	0.7542276	-0.752202	0.42413917	-0.63833	0.2287338	-0.84921366	0.08040351	0.09741877	0.46151355	-1.3534118	
0	0	1369	3505.1149836301024	0.7433655	0.10463338	0.75300044	-0.74770916	0.4057729	-0.60839385	0.22235383	-0.89830345	0.03208015	-0.86342657	0.34847647	-1.2850302	
0	0	1370	3507.675330586735	0.7392175	0.089215964	0.7502148	-0.7455345	0.38908592	-0.6090862	0.21993145	-0.9798342	0.08042445	-1.8725269	0.281602	-1.444294	
0	0	1371	3510.235677543368	0.74463403	0.07449657	0.74719137	-0.7467735	0.3812946	-0.62467986	0.22742501	-1.0707674	0.15060395	-1.8906481	0.26172113	-1.5853481	
0	0	1372	3512.7960245000004	0.7554969	0.06806106	0.74559164	-0.7509668	0.3813787	-0.63344204	0.24452668	-1.132578	0.22378698	-1.7623973	0.24550676	-1.66516	
0	0	1373	3515.356371456633	0.7659181	0.0711007	0.7464345	-0.756191	0.38339067	-0.6248551	0.26605818	-1.1482142	0.2993499	-1.5402385	0.22030479	-1.7255971	
0	0	1374	3517.9167184132657	0.77166665	0.079625875	0.7495055	-0.7600881	0.38099322	-0.6031724	0.28599122	-1.116753	0.35953286	-1.1874888	0.18360072	-1.8378128	
0	0	1375	3520.4770653698984	0.7719806	0.088164255	0.7534618	-0.76120543	0.37124455	-0.58368814	0.29652134	-1.0445473	0.33944064	-0.70628345	0.15959	-2.1652324	
0	0	1376	3523.037412326531	0.7688092	0.093198605	0.75666124	-0.7598392	0.35703814	-0.58333725	0.28946254	-0.9553101	0.21918699	-0.31391957	0.20054306	-2.4107206	
0	0	1377	3525.5977592831637	0.76452494	0.09408027	0.7582432	-0.7576859	0.3447855	-0.6081114	0.26580888	-0.8955983	0.10534121	-0.38368273	0.22804683	-2.327014	
0	0	1378	3528.1581062397963	0.7604955	0.09151143	0.75861144	-0.756492	0.33933043	-0.6501446	0.24056472	-0.9011207	0.08556799	-1.1708033	0.21194533	-2.2273965	
0	0	1379	3530.718453196429	0.75749224	0.08590152	0.758942	-0.7568376	0.3421271	-0.69567615	0.22827256	-0.9473461	0.13010566	-1.4348608	0.17242426	-2.1970122	
0	0	1380	3533.2788001530616	0.7567181	0.077618405	0.7602255	-0.7578736	0.35214663	-0.7321566	0.22892635	-0.9666498	0.1678028	-1.366227	0.12198538	-2.3710878	
0	0	1381	3535.8391471096947	0.7597014	0.068433896	0.76251984	-0.758067	0.36658007	-0.75216484	0.23012125	-0.9198686	0.18558423	-1.2288644	0.12237978	-3.0339115	
0	0	1382	3538.399494066327	0.7669902	0.06202519	0.7648858	-0.7564504	0.38191333	-0.75590014	0.21763475	-0.8287539	0.18495354	-1.1094521	0.22529212	-3.1161492	
0	0	1383	3540.9598410229596	0.7767075	0.062422697	0.76610595	-0.7534885	0.39593655	-0.74903184	0.18876	-0.7656376	0.17599563	-1.057411	0.28410935	-2.7544024	
0	0	1384	3543.5201879795927	0.7844275	0.07077967	0.7657346	-0.75083035	0.40867165	-0.73639745	0.15789089	-0.81339437	0.17457245	-1.0713713	0.27155727	-2.4198444	
0	0	1385	3546.080534936225	0.7859044	0.08287407	0.76456213	-0.7499779	0.420946	-0.7173839	0.14490393	-0.9802974	0.18876544	-1.044577	0.23682877	-2.138201	
0	0	1386	3548.6408818928576	0.78118694	0.09151122	0.7640284	-0.75100416	0.43138486	-0.6873615	0.1577752	-1.1293846	0.19549829	-0.9012783	0.19891272	-1.8511282	
0	0	1387	3551.2012288494902	0.7746759	0.09273067	0.7650577	-0.7524327	0.43509302	-0.64715743	0.1859821	-1.1396816	0.1756954	-0.78485185	0.16112201	-1.5195181	
0	0	1388	3553.761575806123	0.77062285	0.08828084	0.7673226	-0.75243855	0.42852983	-0.6101989	0.21104181	-1.0203791	0.15497957	-0.8177758	0.12429768	-1.1703066	
0	0	1389	3556.3219227627555	0.77003044	0.08233454	0.76960117	-0.750299	0.4147972	-0.5931478	0.2163993	-0.8370434	0.15494731	-0.9318587	0.09985256	-0.97088385	
0	0	1390	3558.882269719388	0.7712304	0.07709424	0.7708299	-0.74674654	0.40122518	-0.60401654	0.19734539	-0.6686621	0.17568617	-0.9869618	0.11280488	-0.9129607	
0	0	1391	3561.442616676021	0.77281564	0.071061455	0.7708413	-0.7430365	0.3956732	-0.63880795	0.16315949	-0.5936277	0.2058118	-0.9211149	0.16156687	-0.72889847	
0	0	1392	3564.0029636326535	0.77640504	0.061912842	0.7701308	-0.7398083	0.40420875	-0.6778554	0.1307659	-0.7081626	0.22764075	-0.74393606	0.23731524	-0.43981653	
0	0	1393	3566.563310589286	0.78546786	0.051427197	0.7690325	-0.7369172	0.4257458	-0.6900088	0.12834075	-1.045696	0.21898675	-0.5139103	0.34445304	-0.03381211	
0	0	1394	3569.123657545919	0.8011837	0.04587774	0.76738554	-0.7343066	0.44815445	-0.6585847	0.17837095	-1.2637858	0.17618865	-0.374139	0.44793695	0.64744973	
0	0	1395	3571.6840045025515	0.8198045	0.051576067	0.76511097	-0.7326887	0.4570147	-0.59862196	0.2584972	-1.1686761	0.13869172	-0.5124352	0.3431451	1.6218728	
0	0	1396	3574.244351459184	0.8329988	0.069204725	0.7629849	-0.7328642	0.44818705	-0.5391672	0.31703898	-0.8898775	0.14921817	-0.7619927	0.15049396	2.6513062	
0	0	1397	3576.804698415817	0.83304626	0.089514896	0.7623787	-0.7343034	0.4277522	-0.5019382	0.316654	-0.59697324	0.18605985	-0.76982725	0.11909187	-2.0668883	
0	0	1398	3579.3650453724495	0.82204336	0.09732608	0.7639586	-0.7345951	0.40527713	-0.495432	0.274728	-0.40018398	0.21082065	-0.594115	0.2084982	-1.2833052	
0	0	1399	3581.925392329082	0.81289774	0.08519374	0.7663071	-0.7309133	0.3885665	-0.51336694	0.22285597	-0.3427513	0.2033802	-0.33225366	0.30682102	-0.8770365	
0	0	1400	3584.4857392857148	0.818791	0.061262812	0.7661278	-0.7230131	0.37941453	-0.53906614	0.18426123	-0.45967337	0.15853411	-0.036113884	0.38760477	-0.5129345	
0	0	1401	3587.0460862423474	0.84451544	0.04466276	0.7609101	-0.7148457	0.37401116	-0.56250465	0.18150613	-0.6984436	0.08422475	0.26562434	0.4105701	-0.12173651	
0	0	1402	3589.60643319898	0.8810508	0.05570522	0.7516487	-0.71191823	0.3693245	-0.58829474	0.2152453	-0.8368179	0.004969601	-2.685868	0.34437898	0.24228284	
0	0	1403	3592.1667801556127	0.90220594	0.09840207	0.7421885	-0.7169674	0.36705792	-0.6243638	0.25404158	-0.8128452	0.0952796	-2.322291	0.22761768	0.45258904	
0	0	1404	3594.7271271122454	0.8855895	0.14427653	0.73641324	-0.7284407	0.37201154	-0.66843003	0.27242804	-0.72456527	0.1766133	-2.051862	0.12565148	0.29045406	
0	0	1405	3597.287474068878	0.84522617	0.15650354	0.73630035	-0.741837	0.3873182	-0.7033233	0.26815584	-0.65710986	0.24063829	-1.782227	0.11017583	-0.41593558	
0	0	1406	3599.8478210255107	0.8128728	0.12807436	0.74124646	-0.7519645	0.40913674	-0.7089366	0.25447524	-0.65773904	0.2780531	-1.5095066	0.16531941	-0.6146623	
0	0	1407	3602.4081679821434	0.80730826	0.07849022	0.7482939	-0.75554985	0.42709246	-0.68368745	0.25147358	-0.72421676	0.2802532	-1.252019	0.19350472	-0.42169583	
0	0	1408	3604.968514938776	0.8318897	0.036234897	0.7537403	-0.7530712	0.43329912	-0.6476959	0.26849574	-0.76671	0.2519803	-1.0614814	0.16489609	-0.22098762	
0	0	1409	3607.5288618954087	0.8751355	0.026917018	0.75538546	-0.7479368	0.42936218	-0.62421125	0.2841562	-0.7295246	0.21785103	-0.98137546	0.1248592	-0.22451821	
0	0	1410	3610.0892088520413	0.9087066	0.056775797	0.75326174	-0.7438227	0.42327657	-0.62293017	0.2809795	-0.67331946	0.19744387	-0.97044384	0.1056904	-0.31841594	
0	0	1411	3612.649555808674	0.9057035	0.09966736	0.7487156	-0.7431941	0.42205107	-0.6370389	0.26490873	-0.65341914	0.18735562	-0.94926614	0.09108997	-0.31552395	
0	0	1412	3615.2099027653067	0.8724388	0.11655243	0.74368596	-0.74727786	0.4274405	-0.65243286	0.2473547	-0.6905598	0.17688143	-0.9003727	0.06651159	-0.30282354	
0	0	1413	3617.770249721939	0.8408304	0.091369264	0.74049044	-0.7557732	0.43710294	-0.6598214	0.23981139	-0.7847761	0.16228838	-0.85439473	0.041123647	-0.6560091	
0	0	1414	3620.330596678572	0.8377362	0.039876904	0.7410988	-0.76616293	0.44824868	-0.6572247	0.25417286	-0.8895373	0.14749633	-0.8434852	0.053871308	-1.4134107	
0	0	1415	3622.8909436352046	0.8720357	-0.0032346463	0.74580485	-0.77412844	0.45913222	-0.6446432	0.28946573	-0.9090845	0.138925	-0.861591	0.10435655	-1.4670565	
0	0	1416	3625.451290591837	0.93020844	-0.0046849074	0.75226814	-0.7757818	0.46757242	-0.6209522	0.3174874	-0.81507355	0.13728094	-0.8498762	0.1707527	-1.1520014	
0	0	1417	3628.01163754847	0.97542316	0.04311629	0.75611573	-0.77081186	0.46937364	-0.58776116	0.31284186	-0.6886911	0.13267729	-0.76313305	0.21573849	-0.62391925	
0	0	1418	3630.5719845051026	0.9721455	0.109236464	0.75391954	-0.76416826	0.46080774	-0.5558056	0.282646	-0.61193496	0.11155942	-0.6573029	0.1792922	-0.13024059	
0	0	1419	3633.132331461735	0.9266322	0.14784607	0.7468498	-0.76306945	0.44405758	-0.54144144	0.24608852	-0.6279041	0.07763736	-0.7913033	0.10515041	-0.057995263	
0	0	1420	3635.692678418368	0.8773651	0.13894291	0.74028736	-0.77061296	0.42665496	-0.5532691	0.22265932	-0.75888056	0.07961975	-1.4013426	0.082197286	-0.8789066	
0	0	1421	3638.2530253750006	0.85427	0.09764072	0.7392795	-0.78288877	0.4155456	-0.5867267	0.2331124	-0.9409015	0.13639951	-1.599202	0.17594141	-1.379668	
0	0	1422	3640.813372331633	0.8636952	0.055928115	0.74480855	-0.7918892	0.41410893	-0.62849486	0.27606398	-1.0086173	0.21070246	-1.4512839	0.3793781	-1.3695104	
0	0	1423	3643.373719288266	0.8916775	0.038824856	0.7527227	-0.79090875	0.42178854	-0.66256875	0.31374893	-0.93038535	0.28463644	-1.1576084	0.92366683	-0.9762827	
0	0	1424	3645.9340662448985	0.91474307	0.047411032	0.7555699	-0.7803976	0.43394083	-0.67795646	0.31501433	-0.81630343	0.33236122	-0.7678117	1.1086867	0.51659656	
0	0	1425	3648.494413201531	0.9199309	0.061383385	0.74894255	-0.76974124	0.44406703	-0.67635185	0.28736278	-0.77332145	0.32243535	-0.34608534	0.4348466	1.0959852	
0	0	1426	3651.0547601581634	0.91639626	0.06211492	0.73667336	-0.7691607	0.4489997	-0.6694508	0.26106992	-0.86241263	0.2615082	0.021466006	0.17512208	1.3219533	
0	0	1427	3653.6151071147965	0.9213734	0.05090818	0.7265823	-0.78040814	0.4507129	-0.6668596	0.2724465	-1.0383238	0.18246885	0.29828525	0.026019085	2.7025707	
0	0	1428	3656.175454071429	0.94149655	0.04420513	0.72372085	-0.79752797	0.4528564	-0.6695896	0.33018243	-1.1063145	0.10283836	0.46971032	0.1646183	-1.9814005	
0	0	1429	3658.7358010280614	0.9672005	0.057258602	0.72875464	-0.8123633	0.45747936	-0.6727808	0.38601837	-1.0023364	0.030210232	0.13664009	0.37999615	-1.739861	
0	0	1430	3661.2961479846945	0.9778759	0.09033303	0.7387614	-0.81815416	0.46427876	-0.67047656	0.39127454	-0.84305197	0.059815414	-1.5966486	0.68489224	-1.32887	
0	0	1431	3663.856494941327	0.9581243	0.12384955	0.74793637	-0.81227916	0.47097418	-0.6590205	0.35134932	-0.74213856	0.1263613	-1.5321367	0.79264534	-0.69000304	
0	0	1432	3666.4168418979593	0.91658807	0.13043138	0.7500128	-0.7987998	0.4742163	-0.63939595	0.29849696	-0.76497483	0.17573151	-1.3232175	0.6122398	-0.32315645	
0	0	1433	3668.9771888545924	0.8807381	0.0996631	0.7429768	-0.7870748	0.47167945	-0.6181889	0.26974562	-0.94485146	0.19945876	-1.1027712	0.48435527	-0.21273859	
0	0	1434	3671.537535811225	0.870959	0.04820762	0.7308762	-0.7849699	0.46429774	-0.6035827	0.30181625	-1.1555679	0.19664544	-0.9014219	0.4182415	-0.13066936	
0	0	1435	3674.0978827678573	0.887407	0.0022336047	0.7199325	-0.7939099	0.4550947	-0.59935576	0.38021067	-1.1733527	0.16927025	-0.7397317	0.35110393	0.040214065	
0	0	1436	3676.6582297244904	0.9171729	-0.023905657	0.7144598	-0.81006366	0.44652507	-0.6052804	0.4375265	-1.0201068	0.12156498	-0.7036289	0.24548441	0.25461385	
0	0	1437	3679.218576681123	0.9464291	-0.030994687	0.7160783	-0.8276285	0.44045177	-0.62037253	0.43553945	-0.8297031	0.08519628	-1.1473222	0.13259012	0.3857418	
0	0	1438	3681.7789236377553	0.9672078	-0.026980398	0.7242662	-0.8405733	0.43929556	-0.6420274	0.390181	-0.6817345	0.12448957	-1.5986625	0.041812863	0.23807304	
0	0	1439	3684.3392705943884	0.97823924	-0.019587005	0.73612165	-0.84352475	0.44568366	-0.6613771	0.3281206	-0.6076379	0.17504273	-1.5055574	0.04101592	-2.0078378	
0	0	1440	3686.899617551021	0.9820709	-0.012595861	0.7455801	-0.8343726	0.4583049	-0.6611156	0.27141428	-0.63814634	0.19391681	-1.3075873	0.113014966	-2.113596	
0	0	1441	3689.4599645076537	0.9805885	-0.0060542477	0.74565756	-0.81905246	0.46620283	-0.63134396	0.24466927	-0.76430523	0.18684216	-1.133831	0.1954795	-1.8481456	
0	0	1442	3692.020311464286	0.97313184	-0.00012217526	0.7359222	-0.8103594	0.45741275	-0.5932489	0.25045642	-0.84050846	0.16506651	-1.01519	0.23388556	-1.2577335	
0	0	1443	3694.580658420919	0.95935535	0.0024469271	0.72454953	-0.8158704	0.43585113	-0.5803515	0.25389236	-0.79604137	0.13768972	-0.9903037	0.1713508	-0.6912857	
0	0	1444	3697.1410053775517	0.94167066	-0.001746401	0.7197418	-0.83136296	0.41487944	-0.60534614	0.23339772	-0.7074176	0.11866251	-1.1220516	0.11208536	-0.2602059	
0	0	1445	3699.701352334184	0.92448753	-0.014464936	0.7239982	-0.84687066	0.40519905	-0.6586772	0.19179532	-0.6632509	0.12663221	-1.3139449	0.08582574	0.3001416	
0	0	1446	3702.261699290817	0.9128946	-0.03477185	0.7345215	-0.85337126	0.4121087	-0.7140299	0.14642383	-0.79099673	0.15300405	-1.339794	0.09976271	0.979173	
0	0	1447	3704.8220462474496	0.91122323	-0.05811988	0.74440086	-0.84705096	0.43172044	-0.73805666	0.13636929	-1.1563616	0.17624989	-1.2544504	0.157833	1.5380723	
0	0	1448	3707.382393204082	0.9205515	-0.076929525	0.74602985	-0.83332264	0.44858053	-0.7197996	0.17398493	-1.3602383	0.1945314	-1.1513895	0.26513785	2.1025615	
0	0	1449	3709.942740160715	0.9371664	-0.08465143	0.73833555	-0.8242921	0.44941732	-0.68698406	0.2158874	-1.3146663	0.2134197	-1.0439003	0.3877763	2.9258919	
0	0	1450	3712.5030871173476	0.95491934	-0.07945862	0.7280914	-0.82737714	0.43826786	-0.67386246	0.23806252	-1.1789621	0.23403807	-0.9148645	0.3631748	-2.3689258	
0	0	1451	3715.06343407398	0.9685327	-0.06336829	0.7223487	-0.8401722	0.42805067	-0.6892944	0.23760766	-1.0280014	0.25093487	-0.754279	0.27599296	-1.5211169	
0	0	1452	3717.623781030613	0.974303	-0.039918248	0.7237998	-0.8556773	0.4275874	-0.7183919	0.21720828	-0.8967323	0.25471404	-0.57595825	0.23762958	-0.7534919	
0	0	1453	3720.1841279872456	0.9698908	-0.013881557	0.7315647	-0.8674778	0.43739235	-0.7369405	0.18199351	-0.8309653	0.24002042	-0.4217589	0.2383938	-0.072292835	
0	0	1454	3722.744474943878	0.9555642	0.0085730245	0.7427077	-0.8716631	0.4492839	-0.72990483	0.14566219	-0.9253348	0.21433774	-0.34824553	0.24127516	0.5185948	
0	0	1455	3725.3048219005104	0.9354006	0.021709394	0.75333756	-0.8676109	0.45272416	-0.7077049	0.13878006	-1.2117121	0.19589455	-0.37848482	0.20893079	1.0947218	
0	0	1456	3727.8651688571435	0.91599417	0.023131972	0.7600979	-0.85790354	0.44764113	-0.69564694	0.1728217	-1.3666073	0.19632758	-0.43708602	0.11912709	1.8883643	
0	0	1457	3730.4255158137757	0.9032802	0.015086397	0.7614643	-0.8468406	0.44399604	-0.7021025	0.20846614	-1.2855102	0.20469512	-0.42519394	0.10834076	-2.1342459	
0	0	1458	3732.9858627704084	0.89997345	0.0030911264	0.7579567	-0.83876896	0.44842455	-0.71159613	0.21474357	-1.1394466	0.19892755	-0.34991756	0.31178963	-1.1546208	
0	0	1459	3735.5462097270415	0.90502256	-0.0073567834	0.7518778	-0.8370473	0.45828184	-0.7043505	0.1971139	-1.0702864	0.16760032	-0.31253585	0.51307076	-0.58677334	
0	0	1460	3738.106556683674	0.9152882	-0.013422003	0.74684674	-0.84273046	0.46399644	-0.6740772	0.18248633	-1.1344793	0.12797382	-0.5356017	0.6335313	-0.10647801	
0	0	1461	3740.6669036403064	0.9276515	-0.014891246	0.7464051	-0.85330313	0.4558216	-0.63608605	0.19231306	-1.2505293	0.14670733	-1.0422423	0.6371372	0.3213877	
0	0	1462	3743.2272505969395	0.9396429	-0.0127722435	0.75197685	-0.86310494	0.43457744	-0.62157637	0.22481085	-1.2795706	0.23530236	-1.132602	0.5310502	0.6966675	
0	0	1463	3745.787597553572	0.9490745	-0.009004202	0.7613239	-0.8663193	0.4144252	-0.6499944	0.26247847	-1.1895052	0.31788033	-0.8945685	0.36362278	1.0011349	
0	0	1464	3748.3479445102043	0.954918	-0.00707969	0.7691097	-0.8615397	0.40876493	-0.70531005	0.2868814	-1.0168247	0.3357963	-0.5593438	0.19698982	1.2187448	
0	0	1465	3750.9082914668375	0.95939064	-0.010495803	0.7709727	-0.85419077	0.41883525	-0.75425804	0.28504062	-0.80701387	0.2871392	-0.25760388	0.069629245	1.4109014	
0	0	1466	3753.46863842347	0.9669773	-0.018858796	0.76835793	-0.85216403	0.4375644	-0.77768826	0.25361335	-0.6060411	0.20764846	-0.04660779	0.026793083	-2.802568	
0	0	1467	3756.0289853801023	0.97999835	-0.027523106	0.7674643	-0.8576754	0.45688695	-0.77488047	0.19957002	-0.47324446	0.12422077	0.024819199	0.10202458	-2.5561817	
0	0	1468	3758.589332336735	0.99640894	-0.031194594	0.7732197	-0.864819	0.47080168	-0.7544069	0.14036345	-0.531901	0.054775227	-0.3591608	0.23261307	-2.6185002	
0	0	1469	3761.149679293368	1.0102676	-0.027063036	0.78490347	-0.8641905	0.4765763	-0.7282854	0.11417766	-0.9538272	0.063779324	-1.6515192	0.4611463	-2.4226222	
0	0	1470	3763.7100262500003	1.0135418	-0.017660068	0.7954031	-0.8501818	0.47578382	-0.7068185	0.1509421	-1.3166865	0.13209638	-1.91409	0.65053856	-1.95161	
0	0	1471	3766.270373206633	1.0024717	-0.012615258	0.7954423	-0.82758355	0.47210413	-0.6925139	0.21332738	-1.3342174	0.21391842	-1.8665828	0.6031266	-1.5550917	
0	0	1472	3768.830720163266	0.98513204	-0.021504398	0.78303504	-0.80975854	0.4670732	-0.682558	0.26884252	-1.187407	0.30919507	-1.6808633	0.4794537	-1.3880718	
0	0	1473	3771.3910671198983	0.97425044	-0.041558784	0.76612407	-0.8057339	0.4602491	-0.6765267	0.29851747	-0.9742968	0.3922298	-1.3522811	0.37377876	-1.3957343	
0	0	1474	3773.951414076531	0.97286636	-0.06137074	0.7532504	-0.81311506	0.4520117	-0.6774891	0.29078388	-0.76012635	0.39982387	-0.9630407	0.30955952	-1.5600919	
0	0	1475	3776.511761033164	0.9748938	-0.07393956	0.7471442	-0.8242499	0.44465935	-0.6878211	0.25314605	-0.6158469	0.3382971	-0.6623546	0.31106395	-1.7895207	
0	0	1476	3779.072107989796	0.97367764	-0.08028301	0.7461537	-0.83336705	0.4412503	-0.7046746	0.20934418	-0.59822834	0.26316428	-0.49847093	0.3686709	-1.8486642	
0	0	1477	3781.632454946429	0.96747494	-0.085647345	0.74756783	-0.83866525	0.44305634	-0.7194976	0.18109791	-0.7152056	0.20064886	-0.47815812	0.40921584	-1.6590472	
0	0	1478	3784.192801903062	0.96025336	-0.09364187	0.74987125	-0.8408738	0.44795603	-0.7238765	0.17778507	-0.8891939	0.1638417	-0.61478865	0.35379604	-1.3110769	
0	0	1479	3786.7531488596946	0.95726556	-0.10169514	0.7530257	-0.8403427	0.4517432	-0.71618056	0.19396722	-1.00988	0.16335678	-0.8085066	0.1985446	-0.8693515	
0	0	1480	3789.313495816327	0.95827824	-0.102951035	0.756664	-0.8357266	0.45114166	-0.7024123	0.21620229	-1.0423884	0.18872471	-0.853967	0.04029153	1.3473289	
0	0	1481	3791.87384277296	0.9563505	-0.09432849	0.75858885	-0.82603467	0.44614735	-0.69190586	0.23176187	-1.0170836	0.20912793	-0.71930546	0.25792614	2.6706965	
0	0	1482	3794.4341897295926	0.94457656	-0.08138121	0.7557486	-0.81346375	0.4401687	-0.6906064	0.2348496	-0.9862894	0.19869661	-0.5019221	0.48735875	3.1383884	
0	0	1483	3796.994536686225	0.9235118	-0.07465291	0.7470623	-0.8038709	0.43722147	-0.6958276	0.23114595	-0.9926095	0.15631606	-0.3288998	0.65833163	-2.6708312	
0	0	1484	3799.5548836428575	0.90197414	-0.08159507	0.7357262	-0.80353534	0.43828255	-0.6988918	0.23181409	-1.0346484	0.10515729	-0.37263972	0.69722027	-2.1771638	
0	0	1485	3802.1152305994906	0.8911767	-0.100094035	0.72804767	-0.8136248	0.44091606	-0.6940957	0.2412162	-1.071974	0.0834358	-0.8009894	0.5861442	-1.7277834	
0	0	1486	3804.675577556123	0.8967901	-0.11848989	0.7288264	-0.82808405	0.44222352	-0.6828035	0.25404412	-1.0749804	0.10354381	-1.1144218	0.40769914	-1.4053062	
0	0	1487	3807.2359245127554	0.91438204	-0.124100335	0.7381149	-0.8381614	0.4411564	-0.66984993	0.26241666	-1.049585	0.12512927	-1.1286962	0.24782605	-1.2824428	
0	0	1488	3809.7962714693886	0.9326426	-0.11335757	0.7521557	-0.8380284	0.43829128	-0.65872884	0.26334834	-1.0197756	0.12863302	-1.0958927	0.14741781	-1.5004765	
0	0	1489	3812.3566184260208	0.9419179	-0.09317183	0.76568455	-0.82645774	0.43425325	-0.6504208	0.25986078	-1.002421	0.123716526	-1.1872962	0.13588946	-2.0155828	
0	0	1490	3814.9169653826534	0.9401472	-0.07449215	0.7735329	-0.80646265	0.4286809	-0.6461	0.2564584	-0.9965518	0.13986145	-1.3780196	0.18997848	-2.1802895	
0	0	1491	3817.4773123392865	0.9325505	-0.065540366	0.77265203	-0.7849925	0.4214269	-0.65136945	0.254993	-0.98851305	0.18506269	-1.4052452	0.2536161	-1.957841	
0	0	1492	3820.0376592959187	0.9273022	-0.06798825	0.764845	-0.7701976	0.41582257	-0.67355996	0.25317097	-0.9639841	0.23219956	-1.2477168	0.2655827	-1.5469078	
0	0	1493	3822.5980062525514	0.929975	-0.07714474	0.7559849	-0.76568955	0.41779068	-0.70943916	0.24555548	-0.9246087	0.26149067	-1.0103184	0.22613993	-1.245883	
0	0	1494	3825.1583532091845	0.9408323	-0.08687535	0.7512271	-0.76862276	0.4303794	-0.744602	0.23031831	-0.89881027	0.27132806	-0.73533374	0.20194565	-1.1399946	
0	0	1495	3827.7187001658167	0.95739186	-0.09408612	0.75240874	-0.7732587	0.4527565	-0.76445377	0.21475291	-0.9110454	0.26385948	-0.39052272	0.21502626	-1.1235194	
0	0	1496	3830.2790471224494	0.97795886	-0.09768577	0.7585319	-0.7740151	0.48116198	-0.75764865	0.20582482	-0.94577336	0.22371605	0.14170368	0.27254784	-1.1037034	
0	0	1497	3832.839394079082	1.0010357	-0.095336206	0.7660108	-0.767042	0.5066194	-0.71827507	0.20314957	-0.97194445	0.11582799	1.0650005	0.4033405	-1.0313345	
0	0	1498	3835.399741035715	1.021318	-0.08402959	0.7692554	-0.7532257	0.51483375	-0.65806544	0.20215629	-0.9743331	0.055168778	-3.1096146	0.7266828	-0.8171247	
0	0	1499	3837.9600879923473	1.0290323	-0.06618065	0.7650869	-0.739968	0.5004988	-0.6137776	0.19798522	-0.96460664	0.10567464	-2.120911	1.513387	0.049318973	
0	0	1500	3840.52043494898	1.0188462	-0.052509796	0.75693953	-0.73481435	0.48005617	-0.61608905	0.19142824	-0.9760728	0.14388299	-1.8131905	0.90396565	1.1756655	
0	0	1501	3843.080781905613	0.9965267	-0.05382987	0.75096035	-0.73795736	0.47426265	-0.6541342	0.19000296	-1.0172681	0.17680016	-1.6305938	0.48357075	1.4563062	
0	0	1502	3845.6411288622453	0.9729487	-0.07384706	0.750331	-0.7438436	0.49013257	-0.6873396	0.19792017	-1.0564874	0.2108029	-1.445443	0.30328295	1.5480373	
0	0	1503	3848.201475818878	0.9579815	-0.109785944	0.7541741	-0.7460837	0.5181064	-0.67683035	0.21428856	-1.0647444	0.23392099	-1.1841787	0.19248876	1.6003966	
0	0	1504	3850.761822775511	0.9589568	-0.15293384	0.75815976	-0.7410912	0.532908	-0.6151545	0.23667157	-1.0254284	0.20985551	-0.9112866	0.095569745	1.637183	
0	0	1505	3853.3221697321433	0.97678876	-0.189145	0.7568414	-0.7318292	0.51306826	-0.5439567	0.25900626	-0.9283802	0.16135974	-0.89220446	0.025067708	-0.019838242	
0	0	1506	3855.882516688776	1.0016507	-0.2074407	0.7494684	-0.72692215	0.4687584	-0.51938313	0.26973504	-0.7892955	0.14820212	-1.1221385	0.10776433	-0.65872484	
0	0	1507	3858.442863645409	1.0198898	-0.20953713	0.74161255	-0.7314029	0.42584977	-0.5638853	0.26455042	-0.6550159	0.1730832	-1.314419	0.18294325	-0.6160919	
0	0	1508	3861.0032106020412	1.0256151	-0.204576	0.7388412	-0.7419969	0.402302	-0.66710293	0.25130513	-0.54560024	0.22147536	-1.3649362	0.25680193	-0.5154071	
0	0	1509	3863.563557558674	1.0205413	-0.19933906	0.74267983	-0.7516555	0.40902856	-0.79466516	0.23251815	-0.44552985	0.28702578	-1.2700939	0.32953578	-0.3205055	
0	0	1510	3866.1239045153065	1.0077916	-0.1969158	0.7508619	-0.7539123	0.45049968	-0.88759154	0.20206502	-0.35524777	0.34574768	-0.9922364	0.35924536	0.011950175	
0	0	1511	3868.684251471939	0.9901237	-0.20005056	0.7577796	-0.7460402	0.5128379	-0.8938164	0.15614127	-0.3478108	0.3165296	-0.6035678	0.27659225	0.33666047	
0	0	1512	3871.244598428572	0.972595	-0.21179242	0.7573603	-0.73292387	0.5611951	-0.8217202	0.11593836	-0.64643645	0.22460294	-0.41847298	0.16785932	0.24567693	
0	0	1513	3873.8049453852045	0.96263295	-0.23111016	0.749534	-0.7245536	0.5736835	-0.7289135	0.13593023	-1.1443281	0.16760287	-0.47332373	0.15070952	-0.24896687	
0	0	1514	3876.365292341837	0.9650587	-0.25168127	0.7403928	-0.7257976	0.56040686	-0.6566772	0.2026362	-1.2688189	0.14446864	-0.54467106	0.19416326	-0.48233438	
0	0	1515	3878.92563929847	0.98048717	-0.26581088	0.7351823	-0.7335411	0.5383059	-0.6110534	0.27076164	-1.1598374	0.1261384	-0.49549034	0.24203464	-0.4823664	
0	0	1516	3881.4859862551025	1.0061586	-0.26591516	0.7352238	-0.7418359	0.51542467	-0.583912	0.3127169	-0.9502231	0.09340905	-0.32573998	0.27904522	-0.37976164	
0	0	1517	3884.0463332117356	1.0332133	-0.2457939	0.7387143	-0.7457649	0.4929015	-0.56901544	0.3025681	-0.7222394	0.04116822	-0.09816763	0.3002891	-0.21086238	
0	0	1518	3886.606680168368	1.0452052	-0.20824526	0.74187684	-0.74385744	0.47072136	-0.567441	0.24644394	-0.6177181	0.02459615	-2.7130144	0.29966015	0.031106863	
0	0	1519	3889.1670271250005	1.0320064	-0.17170203	0.74164116	-0.7394263	0.45170248	-0.58209807	0.20192458	-0.7672408	0.091805294	-2.4290059	0.26086804	0.38792628	
0	0	1520	3891.7273740816336	1.0062692	-0.1552798	0.73857516	-0.737302	0.4392449	-0.60885096	0.2125456	-1.0102084	0.14849542	-2.014684	0.15291816	0.9332657	
0	0	1521	3894.2877210382658	0.98898584	-0.15938558	0.7356102	-0.7389285	0.43401992	-0.63959384	0.25990722	-1.0908928	0.1793344	-1.545241	0.024017518	-2.7460296	
0	0	1522	3896.8480679948984	0.9903058	-0.17066023	0.73481625	-0.7420733	0.43512154	-0.6681448	0.31138024	-1.0067784	0.17505668	-1.0661567	0.15187703	-1.4682816	
0	0	1523	3899.408414951531	1.0082949	-0.17431045	0.73601836	-0.74342555	0.4415027	-0.6898553	0.33722094	-0.8010477	0.14496748	-0.6245243	0.2387998	-1.1107262	
0	0	1524	3901.9687619081637	1.0319405	-0.1614732	0.73703223	-0.7412517	0.45133507	-0.70009613	0.29949245	-0.53539693	0.104873896	-0.23049805	0.2992291	-0.8541612	
0	0	1525	3904.5291088647964	1.0461521	-0.1345657	0.73543704	-0.7374392	0.46077436	-0.69751656	0.19981046	-0.41855532	0.06212942	0.13396934	0.34537506	-0.60713637	
0	0	1526	3907.089455821429	1.0425165	-0.10595912	0.73140985	-0.7360489	0.46620342	-0.689244	0.13279948	-0.84844166	0.016414372	0.45142505	0.35906172	-0.27924484	
0	0	1527	3909.6498027780617	1.0247105	-0.08818188	0.727709	-0.7388096	0.46841785	-0.6848758	0.17317694	-1.334706	0.033969462	-2.1428103	0.23691662	0.1632649	
0	0	1528	3912.2101497346944	1.0026942	-0.08746477	0.7268124	-0.74351084	0.47073656	-0.68677914	0.2481706	-1.3918873	0.08271249	-1.7223233	0.106511764	-1.1476077	
0	0	1529	3914.770496691327	0.9870029	-0.10378605	0.72898	-0.7460051	0.47521368	-0.6916598	0.316807	-1.276767	0.11622297	-1.323134	0.3167417	-1.365443	
0	0	1530	3917.3308436479597	0.98658806	-0.1306113	0.7318222	-0.7430399	0.4820847	-0.6951337	0.3576766	-1.0804819	0.13149703	-1.0327926	0.51472604	-1.242938	
0	0	1531	3919.8911906045923	1.0049026	-0.1550961	0.73141485	-0.7353401	0.4901294	-0.69376266	0.34756857	-0.898817	0.1379785	-0.8653848	0.7865255	-1.1075491	
0	0	1532	3922.451537561225	1.0353849	-0.1643394	0.7257349	-0.7284396	0.49705672	-0.6868877	0.3221676	-0.8507573	0.14521955	-0.7956639	1.355854	-0.8154294	
0	0	1533	3925.0118845178577	1.06306	-0.1545238	0.71726	-0.72802466	0.50095016	-0.6775808	0.32775733	-0.8550544	0.16040696	-0.7817335	1.9667385	0.20838739	
0	0	1534	3927.5722314744903	1.0735304	-0.13408737	0.71055996	-0.7346155	0.5016257	-0.669942	0.35141832	-0.8009248	0.18927741	-0.76483285	0.91817296	0.95030135	
0	0	1535	3930.132578431123	1.0638846	-0.118466966	0.7083638	-0.74401736	0.4999475	-0.66640043	0.36971334	-0.67920214	0.23249225	-0.6768874	0.45247287	1.0516621	
0	0	1536	3932.692925387756	1.045979	-0.11924691	0.71028626	-0.7510154	0.4968994	-0.6683213	0.3639261	-0.51518506	0.27236247	-0.47729874	0.24097888	0.95046645	
0	0	1537	3935.2532723443883	1.0369012	-0.13453953	0.7135279	-0.7526687	0.49402875	-0.6767564	0.32435232	-0.3633521	0.27185875	-0.22760075	0.11832508	0.6085188	
0	0	1538	3937.813619301021	1.0450041	-0.14970505	0.71476173	-0.7500675	0.4938044	-0.68995166	0.26680592	-0.3075297	0.23015065	-0.07102926	0.07378441	-0.51518947	
0	0	1539	3940.3739662576536	1.0628427	-0.14887509	0.712595	-0.7474452	0.49755988	-0.7006917	0.22372521	-0.39113843	0.18228742	-0.085023776	0.14318389	-1.2784759	
0	0	1540	3942.9343132142862	1.0710416	-0.12873411	0.7085947	-0.7486296	0.50276536	-0.7011164	0.21041466	-0.5436524	0.15051796	-0.27323028	0.24311595	-1.3914449	
0	0	1541	3945.494660170919	1.0542724	-0.10399578	0.7055906	-0.7540345	0.5043257	-0.6903886	0.2184612	-0.6614991	0.14358957	-0.5606031	0.33354074	-1.3059438	
0	0	1542	3948.0550071275516	1.01872	-0.0962684	0.7052581	-0.76103723	0.49810335	-0.6756455	0.23432584	-0.71334857	0.1571575	-0.8039164	0.37975103	-1.1246715	
0	0	1543	3950.615354084184	0.98709315	-0.11374009	0.70722216	-0.7665761	0.48364174	-0.66987926	0.24799067	-0.71227765	0.17625466	-0.9554734	0.33608142	-0.89896977	
0	0	1544	3953.175701040817	0.9771372	-0.14442125	0.7098794	-0.7693044	0.46683207	-0.6867303	0.2527155	-0.6889436	0.19056913	-1.0714003	0.20673761	-1.0538003	
0	0	1545	3955.7360479974495	0.9903668	-0.16753513	0.711761	-0.76983994	0.45859122	-0.7251449	0.24982697	-0.6767323	0.20385225	-1.1962461	0.24450566	-1.4991548	
0	0	1546	3958.296394954082	1.0136594	-0.16867673	0.71224415	-0.76960266	0.46454558	-0.76087284	0.24478164	-0.68233085	0.22371922	-1.3031033	0.2799178	-1.4885757	
0	0	1547	3960.856741910715	1.0273203	-0.14924285	0.7113945	-0.76983535	0.47853187	-0.77053297	0.23948169	-0.7014162	0.24671808	-1.342306	0.2683477	-1.4430122	
0	0	1548	3963.4170888673475	1.0197713	-0.12567206	0.70956725	-0.7714562	0.48959622	-0.7518241	0.23515992	-0.7376085	0.25846437	-1.2971389	0.23108348	-1.4322492	
0	0	1549	3965.9774358239797	0.99824446	-0.115926564	0.70746785	-0.7751865	0.48957032	-0.7180142	0.23671131	-0.7915023	0.2405484	-1.1868683	0.18170197	-1.5166682	
0	0	1550	3968.537782780613	0.980294	-0.12445391	0.70624846	-0.78101736	0.47691503	-0.69021434	0.24946679	-0.82594186	0.18286018	-1.0873663	0.15042485	-1.825266	
0	0	1551	3971.0981297372455	0.9776448	-0.14135042	0.7069973	-0.7874492	0.45977566	-0.68745226	0.26349738	-0.7980155	0.106401965	-1.2757407	0.18114862	-2.0739632	
0	0	1552	3973.6584766938777	0.98996663	-0.15254565	0.70968205	-0.791784	0.4509763	-0.70636326	0.26527447	-0.74070764	0.103002824	-2.1033895	0.20896979	-1.909649	
0	0	1553	3976.218823650511	1.0075263	-0.14996919	0.7125943	-0.79196286	0.45455226	-0.7205729	0.2566534	-0.6953711	0.17851357	-2.2682154	0.17889214	-1.6274521	
0	0	1554	3978.7791706071434	1.0182215	-0.13620543	0.71316135	-0.7885477	0.46307188	-0.7104773	0.2438727	-0.6761929	0.24151874	-2.0334284	0.117199376	-1.377422	
0	0	1555	3981.339517563776	1.0164144	-0.12175698	0.70986044	-0.78507674	0.46591237	-0.6774742	0.23288204	-0.68589073	0.2605941	-1.6614203	0.04699599	-1.2717408	
0	0	1556	3983.8998645204088	1.0069367	-0.1164809	0.7038335	-0.7859578	0.4557862	-0.63979214	0.22941573	-0.70377773	0.2314292	-1.2227367	0.033109926	2.9612882	
0	0	1557	3986.4602114770414	0.9997039	-0.1221985	0.698581	-0.7930082	0.4350413	-0.6270192	0.22955869	-0.6831342	0.1703011	-0.73163325	0.10831397	3.0053415	
0	0	1558	3989.020558433674	1.0010779	-0.13241507	0.6975612	-0.8032928	0.41934848	-0.6572592	0.21956906	-0.629211	0.09777709	-0.1385321	0.1956168	-2.9149323	
0	0	1559	3991.5809053903067	1.008904	-0.13858199	0.70140964	-0.8106501	0.42401037	-0.70393324	0.19633816	-0.5972351	0.032343615	0.9022667	0.31066146	-2.4135602	
0	0	1560	3994.1412523469394	1.0143312	-0.13846207	0.7070559	-0.8102444	0.44656196	-0.7210662	0.16572614	-0.6448184	0.036725007	-2.8681126	0.43662658	-1.6349031	
0	0	1561	3996.701599303572	1.010568	-0.13953078	0.709691	-0.8025455	0.4723636	-0.6917959	0.13967678	-0.8637237	0.06938362	-1.9201367	0.32420564	-0.757949	
0	0	1562	3999.2619462602047	1.0013376	-0.15273435	0.7063884	-0.7932547	0.48590317	-0.6271222	0.15038896	-1.2684621	0.08975772	-1.2241952	0.18007533	-0.6605254	
0	0	1563	4001.8222932168374	0.99987316	-0.18201935	0.69839525	-0.78931975	0.47658023	-0.5549852	0.22718823	-1.4743711	0.10330909	-0.6276663	0.18075877	-0.94881624	
0	0	1564	4004.38264017347	1.0203769	-0.21805903	0.6902029	-0.79419965	0.44726172	-0.51535314	0.33742425	-1.3419071	0.11106125	-0.096100986	0.24214338	-0.958126	
0	0	1565	4006.942987130102	1.067548	-0.23993392	0.6864672	-0.80567664	0.41736537	-0.53655773	0.40966254	-1.0545869	0.1076894	0.4189281	0.31523594	-0.7800874	
0	0	1566	4009.5033340867353	1.1254615	-0.22746025	0.68916744	-0.8173897	0.4070909	-0.60206324	0.41490224	-0.7843858	0.084220305	0.9927826	0.38522822	-0.48179266	
0	0	1567	4012.063681043368	1.1581347	-0.1822026	0.69659084	-0.82301986	0.42042312	-0.66193855	0.3826896	-0.5920373	0.039597917	1.9026703	0.43010974	-0.044925556	
0	0	1568	4014.624028	1.14219	-0.13364618	0.7045871	-0.82028645	0.44633582	-0.681948	0.33968443	-0.4728298	0.04259689	-2.1505418	0.4094621	0.57160753	
0	0	1569	4017.1843749566333	1.0942738	-0.11197592	0.70932996	-0.8119353	0.46891755	-0.6630657	0.2965675	-0.4139592	0.091411926	-1.3984587	0.32031462	1.3981606	
0	0	1570	4019.744721913266	1.0465345	-0.12339654	0.70966655	-0.80320626	0.4771521	-0.63098097	0.2562107	-0.41060644	0.12050238	-1.0439922	0.26089653	2.4541829	
0	0	1571	4022.305068869898	1.017037	-0.15489562	0.7072653	-0.79824865	0.4733042	-0.61618555	0.21942717	-0.4751235	0.1208623	-0.90594965	0.29704696	-2.8391528	
0	0	1572	4024.8654158265313	1.0060903	-0.18949668	0.7049414	-0.7981278	0.47045943	-0.629546	0.19127105	-0.6464122	0.11507924	-1.2025642	0.35257825	-2.0981567	
0	0	1573	4027.425762783164	1.003408	-0.21836868	0.7048576	-0.80111593	0.47941098	-0.65388244	0.19058931	-0.9404699	0.1976359	-1.5237713	0.3315818	-1.4958794	
0	0	1574	4029.9861097397966	0.9996767	-0.245728	0.7076758	-0.80424416	0.49991226	-0.66084915	0.24295938	-1.1716661	0.3225626	-1.3425084	0.22840618	-1.0915984	
0	0	1575	4032.5464566964292	0.9975814	-0.2811467	0.71260726	-0.804908	0.5202901	-0.6344519	0.3279738	-1.1422894	0.40083975	-1.0698782	0.12167926	-1.024701	
0	0	1576	4035.106803653062	1.0099722	-0.32483685	0.71797305	-0.8018655	0.52420086	-0.5856207	0.37401295	-0.9601583	0.42509252	-0.83272177	0.06253572	-1.6144066	
0	0	1577	4037.6671506096945	1.0461966	-0.36272255	0.721881	-0.79553145	0.506223	-0.5484626	0.36150348	-0.81570023	0.40429273	-0.6364844	0.07681004	-2.472445	
0	0	1578	4040.2274975663267	1.1007444	-0.37678638	0.722877	-0.7878529	0.4795166	-0.5511961	0.32966584	-0.77344227	0.34280148	-0.49348465	0.120924935	-2.783417	
0	0	1579	4042.78784452296	1.1526573	-0.36084428	0.72067565	-0.7818	0.4609911	-0.59165925	0.30684334	-0.81564075	0.25532684	-0.48018658	0.19613662	-2.8343663	
0	0	1580	4045.3481914795925	1.1805141	-0.32692543	0.7166046	-0.7801323	0.45758033	-0.6455939	0.30506164	-0.8925145	0.1898793	-0.76041096	0.31876606	-2.22466	
0	0	1581	4047.9085384362247	1.1815009	-0.29371077	0.7132442	-0.78366286	0.46655378	-0.6888157	0.32396454	-0.93163574	0.20322092	-1.1650734	0.17398283	-1.513511	
0	0	1582	4050.468885392858	1.168407	-0.26990315	0.7129726	-0.79015803	0.48043376	-0.71007013	0.34429517	-0.87963444	0.25604746	-1.2910961	0.09937178	-1.3459772	
0	0	1583	4053.0292323494905	1.1506999	-0.252379	0.71620685	-0.79536164	0.4914569	-0.7125172	0.33131543	-0.7645731	0.29084215	-1.2449276	0.07551577	-1.0877516	
0	0	1584	4055.5895793061227	1.1266187	-0.23766935	0.7208372	-0.79599595	0.49579257	-0.7075373	0.2789649	-0.7163102	0.28937057	-1.1664076	0.08421011	-0.7394259	
0	0	1585	4058.149926262756	1.0929897	-0.23142435	0.72369117	-0.7924235	0.49450517	-0.70472485	0.23450653	-0.8440879	0.26316023	-1.1543214	0.13404924	-0.52899486	
0	0	1586	4060.7102732193885	1.0585481	-0.24300641	0.72309697	-0.7883499	0.4902193	-0.70767677	0.23217341	-1.0429723	0.24553944	-1.2468612	0.2954647	-0.28072715	
0	0	1587	4063.2706201760207	1.0403548	-0.27076644	0.72026104	-0.78772914	0.48493177	-0.71750134	0.2566351	-1.1486473	0.2583587	-1.3449761	0.3966769	0.71054846	
0	0	1588	4065.8309671326538	1.0482076	-0.29775542	0.7181965	-0.7915335	0.48094353	-0.7349052	0.28369918	-1.1537164	0.29112625	-1.3325984	0.26822466	0.86127794	
0	0	1589	4068.3913140892864	1.0741832	-0.30264685	0.7192492	-0.7970074	0.4813474	-0.7571696	0.3009193	-1.0971096	0.31833032	-1.190423	0.25172424	0.73227894	
0	0	1590	4070.9516610459186	1.0918474	-0.27751732	0.7232443	-0.79988956	0.48793936	-0.77559733	0.30055764	-1.0082482	0.310838	-0.9590118	0.27184406	0.6221858	
0	0	1591	4073.5120080025513	1.0747838	-0.24087285	0.7276549	-0.7980207	0.4983218	-0.7804172	0.27822775	-0.93184793	0.25872433	-0.73804057	0.31302026	0.57195574	
0	0	1592	4076.0723549591844	1.0277697	-0.22516814	0.7299633	-0.7930327	0.5067955	-0.77054244	0.24771288	-0.9363781	0.19120698	-0.65189666	0.37819704	0.63620394	
0	0	1593	4078.6327019158166	0.98225844	-0.24554276	0.72986084	-0.78825027	0.5099855	-0.7551912	0.23453511	-1.0113833	0.14489587	-0.7932294	0.4504593	0.98484075	
0	0	1594	4081.1930488724493	0.9645006	-0.28970116	0.7289251	-0.7853206	0.5105735	-0.7432563	0.24059118	-1.0638603	0.14556366	-1.0675709	0.34619147	1.7872784	
0	0	1595	4083.7533958290824	0.98206055	-0.3300868	0.7285336	-0.7833896	0.5137474	-0.7322575	0.25372174	-1.0525206	0.19044766	-1.1243386	0.1740221	2.8666446	
0	0	1596	4086.313742785715	1.0221792	-0.340045	0.7286094	-0.78088146	0.5199652	-0.70993084	0.26204088	-0.97629243	0.2413992	-0.8838428	0.24756311	-2.381824	
0	0	1597	4088.874089742347	1.0527923	-0.3132593	0.7281519	-0.7776392	0.52202314	-0.6692324	0.2501342	-0.86910945	0.2493274	-0.49416715	0.55800664	-2.0363686	
0	0	1598	4091.4344366989803	1.0468132	-0.2747822	0.7268457	-0.7751354	0.5116774	-0.6207882	0.22158574	-0.84198046	0.20968881	-0.12426914	1.565626	-1.5048137	
0	0	1599	4093.994783655613	1.0134169	-0.25706014	0.7258332	-0.77433914	0.4896257	-0.58604574	0.20884125	-0.9165637	0.15228055	0.17061347	1.5604774	-0.14330603	
0	0	1600	4096.555130612245	0.9813153	-0.2689603	0.72633195	-0.7738392	0.46548334	-0.5786504	0.21758272	-0.9814788	0.09082219	0.39471373	0.86233586	0.16203985	
0	0	1601	4099.115477568878	0.96855253	-0.29815364	0.727737	-0.77111423	0.44920486	-0.59365183	0.23816623	-0.9874679	0.027274465	0.32806528	0.60033125	0.18560402	
0	0	1602	4101.6758245255105	0.97775596	-0.3266671	0.72766817	-0.7656678	0.44380173	-0.61125517	0.26398814	-0.9212525	0.047876377	-1.7468148	0.447834	0.14550766	
0	0	1603	4104.236171482144	1.0007138	-0.34148145	0.72416943	-0.760682	0.4432293	-0.61511546	0.27996388	-0.76467085	0.11334911	-1.5518827	0.32144028	0.046778727	
0	0	1604	4106.796518438776	1.0245913	-0.34053895	0.7182539	-0.7611842	0.43905434	-0.61121076	0.25426945	-0.5839885	0.15482958	-1.2008045	0.20517454	-0.31641763	
0	0	1605	4109.356865395409	1.0408525	-0.3309091	0.71414256	-0.7694559	0.4315558	-0.6200447	0.20954376	-0.5779288	0.1513933	-0.8320383	0.24752319	-1.1697292	
0	0	1606	4111.917212352041	1.0490576	-0.320138	0.7162833	-0.78173167	0.43019634	-0.6495059	0.19498214	-0.7042865	0.09880405	-0.48135844	0.47079116	-1.1788353	
0	0	1607	4114.477559308674	1.0521871	-0.31151503	0.72548413	-0.78994817	0.4441177	-0.68127614	0.2041219	-0.7989325	0.0045522847	-3.0059783	0.58131146	-0.8330992	
0	0	1608	4117.037906265306	1.0523998	-0.3059433	0.7376617	-0.78789276	0.4727832	-0.6813973	0.22164169	-0.82161725	0.16810524	-2.7690072	0.55196536	-0.466751	
0	0	1609	4119.59825322194	1.0516897	-0.30440435	0.7465604	-0.7761226	0.50012285	-0.63044524	0.23739667	-0.77230805	0.3422298	-2.1517644	0.41771874	0.029432727	
0	0	1610	4122.158600178572	1.0536983	-0.30669942	0.7485068	-0.76118284	0.5038683	-0.55192363	0.23381117	-0.6583683	0.38333338	-1.5963902	0.12016346	1.108337	
0	0	1611	4124.718947135205	1.0617051	-0.30897534	0.7448331	-0.7500413	0.4822123	-0.49669367	0.19344305	-0.62254107	0.3337434	-1.2926714	0.2005717	-2.1508248	
0	0	1612	4127.279294091837	1.0744647	-0.30497923	0.7397831	-0.7450637	0.45569327	-0.49316663	0.17472367	-0.8473736	0.2787419	-1.2075384	0.31759536	-1.6473942	
0	0	1613	4129.83964104847	1.084704	-0.2907794	0.73645395	-0.74359304	0.44323394	-0.5284819	0.19822378	-0.9916161	0.2554503	-1.299499	0.36046034	-1.3740227	
0	0	1614	4132.399988005102	1.0823458	-0.26921052	0.7346631	-0.7417794	0.44983706	-0.56444097	0.22283208	-0.991499	0.29486084	-1.394052	0.38303187	-1.1385586	
0	0	1615	4134.9603349617355	1.0622084	-0.25074786	0.73225945	-0.7386649	0.4650512	-0.56993765	0.23140177	-0.9325714	0.36503336	-1.2531178	0.40250713	-0.83194643	
0	0	1616	4137.520681918368	1.0307914	-0.24755691	0.7280859	-0.73654103	0.47174647	-0.55232996	0.21669006	-0.8970259	0.38454947	-0.98735094	0.39885515	-0.2818122	
0	0	1617	4140.081028875001	1.0025462	-0.26375294	0.7233481	-0.7378297	0.46619105	-0.5475545	0.19792546	-1.0069613	0.3578597	-0.7585984	0.26011428	0.7144879	
0	0	1618	4142.641375831633	0.9889207	-0.2923155	0.72028357	-0.7422615	0.4623044	-0.57590693	0.2155062	-1.1746178	0.31894162	-0.5804353	0.108864725	2.20088	
0	0	1619	4145.201722788266	0.99252224	-0.32096303	0.71993244	-0.7470291	0.47573003	-0.6201441	0.25599796	-1.2004075	0.277564	-0.42426133	0.1303457	-2.8010955	
0	0	1620	4147.762069744898	1.0082611	-0.33937255	0.7212187	-0.74949646	0.5104454	-0.6368225	0.2904036	-1.1170516	0.23004217	-0.2739966	0.17976768	-2.341179	
0	0	1621	4150.322416701531	1.0262718	-0.3433632	0.7221686	-0.7496764	0.54780567	-0.5903526	0.30537704	-0.9812765	0.1701104	-0.15966193	0.22672038	-2.0884945	
0	0	1622	4152.882763658164	1.0360172	-0.33678302	0.72212017	-0.74980384	0.55091125	-0.5028032	0.29309562	-0.8316909	0.104635894	-0.26640898	0.27716342	-1.8521417	
0	0	1623	4155.443110614797	1.0329198	-0.33001706	0.72235125	-0.7513185	0.5131579	-0.45177677	0.25305885	-0.7271004	0.08233194	-0.97081614	0.32576498	-1.499341	
0	0	1624	4158.003457571429	1.0227491	-0.3330703	0.72438717	-0.75280946	0.47067618	-0.48453602	0.20415407	-0.7762864	0.13551109	-1.4318526	0.28669748	-0.82243043	
0	0	1625	4160.563804528061	1.0170861	-0.34766904	0.72782797	-0.7512255	0.45489967	-0.5823322	0.19084384	-1.0282762	0.22509821	-1.4673996	0.03143376	0.17690143	
0	0	1626	4163.124151484694	1.0242643	-0.36627296	0.7300096	-0.7453773	0.4782864	-0.6864993	0.23413002	-1.1973977	0.34718663	-1.2804217	0.18073072	-2.5104375	
0	0	1627	4165.684498441327	1.0442923	-0.37783033	0.72834885	-0.73821336	0.5368144	-0.7308148	0.2977363	-1.1525934	0.44472894	-0.8950625	0.28387415	-2.0653076	
0	0	1628	4168.24484539796	1.0688591	-0.37486374	0.7232317	-0.73496807	0.6016258	-0.680927	0.35210818	-0.9937621	0.4258924	-0.53183514	0.30093706	-1.6878474	
0	0	1629	4170.805192354593	1.0853664	-0.35851985	0.71831113	-0.73864114	0.6248907	-0.57197875	0.38718465	-0.78126234	0.36091906	-0.34603506	0.24585487	-1.3588958	
0	0	1630	4173.365539311225	1.0855659	-0.33893117	0.7178671	-0.7469121	0.59597313	-0.48608726	0.3960812	-0.52903146	0.30279347	-0.2842263	0.13937227	-1.0487014	
0	0	1631	4175.925886267857	1.073009	-0.32815993	0.7233874	-0.75300354	0.55231243	-0.46678972	0.36297303	-0.24562015	0.25230128	-0.30311847	0.021466179	1.2468534	
0	0	1632	4178.48623322449	1.0597645	-0.33070362	0.73174596	-0.75056535	0.5252201	-0.49820748	0.27594623	-0.011939199	0.20557584	-0.4181666	0.22956847	2.3415024	
0	0	1633	4181.046580181123	1.0555758	-0.34093404	0.7369495	-0.7392343	0.5222951	-0.5367775	0.18156075	-0.07625095	0.17078047	-0.7045829	0.576407	2.7184365	
0	0	1634	4183.6069271377555	1.061007	-0.34922236	0.73495615	-0.7253793	0.53102684	-0.5453773	0.16560857	-0.4664537	0.17903732	-1.1582574	1.0584104	-2.9336448	
0	0	1635	4186.167274094389	1.0687052	-0.35051033	0.72691995	-0.7169249	0.5302658	-0.52655065	0.20646016	-0.6281341	0.25718102	-1.4555669	1.0862912	-2.172654	
0	0	1636	4188.727621051021	1.0712633	-0.34817094	0.7177914	-0.7176139	0.5134466	-0.5137355	0.24618405	-0.58455944	0.39200082	-1.4296774	0.7997535	-1.7748686	
0	0	1637	4191.287968007654	1.0687114	-0.34913006	0.7124123	-0.7249779	0.49151355	-0.530334	0.26555684	-0.46302274	0.50580233	-1.1100297	0.59854245	-1.6430668	
0	0	1638	4193.848314964286	1.0673306	-0.35607174	0.71229374	-0.7325719	0.47750378	-0.57655126	0.25354257	-0.3257095	0.4527802	-0.7135638	0.4936167	-1.6600304	
0	0	1639	4196.408661920919	1.0725281	-0.36506623	0.7148274	-0.7350642	0.47987705	-0.6357103	0.20921806	-0.28312632	0.31882647	-0.524743	0.48829377	-1.7155508	
0	0	1640	4198.9690088775515	1.0834928	-0.36949784	0.7156975	-0.7324555	0.5003932	-0.68004096	0.17744842	-0.50214875	0.21533486	-0.5582937	0.5498727	-1.5611764	
0	0	1641	4201.529355834184	1.0934143	-0.3664367	0.71268505	-0.7295702	0.53030175	-0.68704665	0.20190929	-0.7215643	0.15320134	-0.78293157	0.48861033	-1.2009883	
0	0	1642	4204.089702790817	1.0957932	-0.3600328	0.70744497	-0.7314807	0.5544702	-0.6595123	0.23478708	-0.7216561	0.1293786	-1.1516718	0.33127183	-1.0065731	
0	0	1643	4206.65004974745	1.0916765	-0.35734043	0.70387197	-0.7392555	0.5642194	-0.61829597	0.24037586	-0.6399419	0.13860488	-1.480774	0.21573816	-1.1457034	
0	0	1644	4209.210396704082	1.0885506	-0.36040273	0.70495987	-0.74905825	0.5608789	-0.58135676	0.21449764	-0.5813568	0.16399796	-1.6186746	0.20609957	-1.5591754	
0	0	1645	4211.770743660715	1.0920045	-0.36347204	0.71049964	-0.7549736	0.54991364	-0.55776596	0.16884725	-0.6599512	0.18086785	-1.5902809	0.27588832	-1.6416197	
0	0	1646	4214.331090617347	1.0985671	-0.3580115	0.7170995	-0.75342804	0.5374819	-0.55067736	0.14054851	-1.0509864	0.17120457	-1.529636	0.32055008	-1.4573488	
0	0	1647	4216.89143757398	1.0960732	-0.34221682	0.72055763	-0.745877	0.52959937	-0.55653536	0.18390167	-1.4803169	0.15026191	-1.5789047	0.3119551	-1.2568237	
0	0	1648	4219.451784530613	1.0752956	-0.32624328	0.7189851	-0.7375986	0.52888197	-0.563301	0.2724895	-1.5270429	0.14315732	-1.7132175	0.2754533	-1.1359744	
0	0	1649	4222.012131487246	1.0415454	-0.32403585	0.71398544	-0.7337085	0.5308058	-0.5597822	0.34020942	-1.3661058	0.15119834	-1.7933638	0.23589462	-1.1282352	
0	0	1650	4224.572478443878	1.0097681	-0.34066352	0.70910645	-0.7358467	0.52816856	-0.54955316	0.35310948	-1.185322	0.16311048	-1.759414	0.21373071	-1.24713	
0	0	1651	4227.132825400511	0.99189657	-0.36940536	0.70729876	-0.7417941	0.52026206	-0.54641247	0.33016047	-1.0787784	0.16992724	-1.611974	0.22917579	-1.3948764	
0	0	1652	4229.693172357143	0.99023354	-0.39733255	0.7094898	-0.7474606	0.51334316	-0.55735844	0.3019993	-1.0576458	0.166092	-1.3399091	0.2686998	-1.3639716	
0	0	1653	4232.253519313776	0.99699026	-0.41421893	0.7145859	-0.7491658	0.5135573	-0.5759618	0.28541073	-1.0962359	0.14762507	-0.89401585	0.26199618	-1.1625324	
0	0	1654	4234.813866270409	0.99981177	-0.42070758	0.7201999	-0.7451177	0.5223298	-0.5884024	0.28800872	-1.148255	0.11531197	-0.18888326	0.18305863	-1.0489815	
0	0	1655	4237.374213227042	0.99330634	-0.42796937	0.7235763	-0.73599946	0.53540957	-0.5815867	0.30918458	-1.1473298	0.08493382	0.7751684	0.092956215	-1.4974021	
0	0	1656	4239.934560183674	0.9854759	-0.44639936	0.7227904	-0.7247821	0.5423536	-0.5512466	0.33153024	-1.043412	0.06673565	1.6510252	0.13301387	-2.6913173	
0	0	1657	4242.494907140306	0.9905316	-0.4740937	0.7177039	-0.71547836	0.53111833	-0.5151505	0.32527912	-0.85810715	0.0450521	2.127723	0.29943326	-2.9823956	
0	0	1658	4245.055254096939	1.0163294	-0.49621993	0.71001464	-0.7113954	0.5062548	-0.51058835	0.28028777	-0.6682365	0.01937723	1.6810642	0.5960759	-3.012015	
0	0	1659	4247.615601053572	1.0560701	-0.49550027	0.70245683	-0.71380836	0.4897351	-0.54644394	0.21202067	-0.5502241	0.044558913	0.57091916	1.3936566	-2.8344069	
0	0	1660	4250.175948010205	1.0883303	-0.46609482	0.69769996	-0.72153896	0.49161676	-0.5912575	0.14271052	-0.6277049	0.09199553	0.62807256	2.830002	-1.362772	
0	0	1661	4252.736294966838	1.0900428	-0.42174342	0.697397	-0.7312241	0.5063133	-0.61834884	0.113473445	-1.0942827	0.13119645	0.83281547	1.0543463	-0.67529905	
0	0	1662	4255.29664192347	1.0589135	-0.3890891	0.7014076	-0.73854196	0.52459663	-0.61992157	0.1527391	-1.4391682	0.14823222	1.0311382	0.61067873	-0.5922278	
0	0	1663	4257.856988880102	1.018532	-0.38596734	0.70766556	-0.74027425	0.5371858	-0.60074794	0.20548078	-1.4038553	0.14514658	1.1869603	0.43134224	-0.51643544	
0	0	1664	4260.417335836735	0.9945426	-0.40620938	0.71315867	-0.7360515	0.53819484	-0.57801306	0.234263	-1.2434818	0.126894	1.3482511	0.32499823	-0.30602205	
0	0	1665	4262.977682793368	0.9938358	-0.4289417	0.7156169	-0.7282266	0.53315926	-0.57024497	0.2342778	-1.087607	0.09316528	1.613872	0.23937711	0.17121108	
0	0	1666	4265.5380297500005	1.0062153	-0.43864948	0.7144308	-0.7201058	0.5323435	-0.57399446	0.21708219	-0.9977675	0.05372006	2.366849	0.17841461	1.0883363	
0	0	1667	4268.098376706633	1.0167512	-0.4341514	0.71038216	-0.71430916	0.53675187	-0.57400906	0.19971767	-1.001304	0.08184494	-2.5297153	0.17463134	2.273149	
0	0	1668	4270.658723663266	1.0165061	-0.4248522	0.70488495	-0.7122916	0.540825	-0.5639679	0.19773176	-1.0694957	0.18119283	-1.9987214	0.18501744	-3.0619118	
0	0	1669	4273.219070619898	1.0074841	-0.42204523	0.6995273	-0.71435773	0.53878236	-0.5486206	0.21554874	-1.1055093	0.31845632	-1.6673607	0.17206943	-2.3338792	
0	0	1670	4275.779417576531	0.9994173	-0.43013382	0.69579846	-0.719654	0.52882826	-0.5416031	0.2384143	-1.0432723	0.48205724	-1.283372	0.14878643	-1.7068154	
0	0	1671	4278.339764533164	0.99994683	-0.44391623	0.6946189	-0.7261487	0.51797104	-0.55610704	0.24369188	-0.9265328	0.58278346	-0.74896866	0.12738691	-1.1296532	
0	0	1672	4280.9001114897965	1.0082835	-0.45628107	0.6958556	-0.7312044	0.5163058	-0.584288	0.22901632	-0.8527685	0.4738874	-0.2015227	0.1048808	-0.5828027	
0	0	1673	4283.46045844643	1.0205137	-0.46648955	0.6980816	-0.7328752	0.5228861	-0.6071443	0.21282317	-0.8714284	0.27585837	0.101096764	0.064761326	0.07286661	
0	0	1674	4286.020805403062	1.0385166	-0.47677207	0.6992748	-0.73135054	0.5308695	-0.6224861	0.21044159	-0.95729196	0.124631606	-0.040469036	0.051085867	2.6986785	
0	0	1675	4288.581152359694	1.0690222	-0.48247173	0.69823325	-0.72905993	0.5388191	-0.6394965	0.22787051	-1.0461634	0.095775455	-1.0659639	0.22799112	-2.3923745	
0	0	1676	4291.141499316327	1.1118382	-0.46862638	0.6956359	-0.7288402	0.55218023	-0.66250587	0.26490942	-1.071139	0.16890155	-1.4195535	0.3652787	-1.671198	
0	0	1677	4293.70184627296	1.1439136	-0.4218781	0.69357795	-0.73147535	0.57852846	-0.6800305	0.30847943	-0.984713	0.23584014	-1.3402551	0.41672418	-1.2937788	
0	0	1678	4296.262193229592	1.125452	-0.35690418	0.69374645	-0.7347865	0.6165083	-0.6663714	0.32188445	-0.8204798	0.26414263	-1.1284288	0.4605636	-1.137181	
0	0	1679	4298.8225401862255	1.0518752	-0.3200602	0.69573313	-0.73519677	0.64624995	-0.6084515	0.29504552	-0.7187565	0.2305747	-0.9019582	0.55121136	-1.099651	
0	0	1680	4301.382887142859	0.969567	-0.34392425	0.69690543	-0.7311221	0.64324987	-0.53138894	0.26683363	-0.74675226	0.15722808	-0.8989175	0.8366183	-1.0829756	
0	0	1681	4303.94323409949	0.92227274	-0.42126292	0.6946545	-0.7252787	0.6082895	-0.4822127	0.2613398	-0.85075927	0.12869987	-1.3341415	2.1613533	-0.14907643	
0	0	1682	4306.503581056123	0.9301965	-0.5208783	0.68916726	-0.722645	0.5682489	-0.48938426	0.28077257	-0.9459585	0.16507842	-1.6000991	0.6073327	0.79991335	
0	0	1683	4309.063928012755	1.0013605	-0.6021402	0.6833923	-0.7260672	0.5497471	-0.5386616	0.31692097	-0.9790561	0.20492813	-1.5630952	0.29582945	0.56687003	
0	0	1684	4311.624274969388	1.1299245	-0.6190413	0.6806465	-0.7342385	0.559401	-0.5823479	0.3569721	-0.9410953	0.22176814	-1.3981671	0.19728158	0.23730257	
0	0	1685	4314.1846219260215	1.2578058	-0.53796685	0.68255156	-0.7427724	0.58028346	-0.58196217	0.3858956	-0.8444263	0.20357974	-1.1675922	0.14725977	-0.1340129	
0	0	1686	4316.744968882654	1.265552	-0.39965147	0.6881329	-0.74677455	0.5846339	-0.5424083	0.38528168	-0.7113683	0.14386173	-0.94226736	0.12025208	-0.6267177	
0	0	1687	4319.305315839286	1.1500802	-0.31517774	0.6942041	-0.7440684	0.55875796	-0.5070296	0.33754992	-0.6050952	0.06423863	-1.1004901	0.13317142	-1.2361954	
0	0	1688	4321.865662795919	1.0323272	-0.3263104	0.69772404	-0.73684615	0.51842403	-0.5219787	0.26727894	-0.71471167	0.07021915	-2.2776334	0.22609532	-1.558446	
0	0	1689	4324.426009752551	0.9744286	-0.39455175	0.6981513	-0.7291801	0.49267915	-0.59598535	0.28418276	-1.0519358	0.12999813	-2.3960927	0.44159284	-1.10844	
0	0	1690	4326.986356709184	0.97871953	-0.46622363	0.69694763	-0.723185	0.49937156	-0.68962973	0.38631755	-1.1216736	0.17843445	-2.2815645	0.35053897	0.050663576	
0	0	1691	4329.546703665817	1.0220665	-0.50161266	0.69530195	-0.7183922	0.53621346	-0.7471329	0.48096576	-0.97340035	0.22015563	-2.1024728	0.22024317	0.81306916	
0	0	1692	4332.10705062245	1.0659095	-0.4911904	0.6930371	-0.71396995	0.5825668	-0.73924166	0.5218687	-0.7320237	0.24793184	-1.8231809	0.22370179	1.3710737	
0	0	1693	4334.667397579082	1.0787976	-0.45771825	0.6895122	-0.7107626	0.60842305	-0.6831589	0.47961113	-0.4646518	0.23414294	-1.5118846	0.3004773	1.7160363	
0	0	1694	4337.227744535715	1.0612811	-0.4307783	0.68532115	-0.7108867	0.6023481	-0.63067174	0.36410767	-0.27523947	0.19802341	-1.2859864	0.52689296	2.2423918	
0	0	1695	4339.788091492347	1.0332423	-0.4220586	0.6826533	-0.71485204	0.5860919	-0.6153868	0.24025624	-0.32577652	0.16118094	-1.124326	0.12783621	-2.0524938	
0	0	1696	4342.34843844898	1.0085653	-0.42714655	0.6833885	-0.71970004	0.5827748	-0.62239456	0.1828886	-0.74780333	0.12280899	-1.0036224	0.10744633	1.2644825	
0	0	1697	4344.908785405613	0.98933583	-0.43938583	0.68693465	-0.7208449	0.5950569	-0.61625814	0.21579082	-1.1720027	0.07852459	-1.0029098	0.17131528	1.3157828	
0	0	1698	4347.469132362246	0.97420675	-0.4581029	0.6902039	-0.7158897	0.60769606	-0.5735973	0.2894366	-1.3292929	0.04834564	-1.7494906	0.19364683	1.2565179	
0	0	1699	4350.029479318878	0.9667242	-0.48505816	0.68961906	-0.7068687	0.59537405	-0.5030154	0.37798485	-1.3326312	0.10747056	-2.2529051	0.19696926	1.0812775	
0	0	1700	4352.589826275511	0.97401947	-0.5159084	0.6838094	-0.69949096	0.5473566	-0.45787144	0.47958988	-1.2235276	0.16492324	-1.9424455	0.21478735	0.72362626	
0	0	1701	4355.150173232143	0.9988486	-0.5377686	0.6751764	-0.6994733	0.49520084	-0.49841174	0.56566626	-0.9656943	0.16390061	-1.6540029	0.32569793	0.402335	
0	0	1702	4357.710520188776	1.0300233	-0.5362169	0.668544	-0.7078122	0.4817074	-0.6041674	0.5244029	-0.61714673	0.135655	-1.6174403	0.53278	0.47672546	
0	0	1703	4360.270867145409	1.0408175	-0.51410574	0.6673717	-0.71930254	0.5128851	-0.6855266	0.39087743	-0.44864005	0.12561274	-1.9333198	0.6631934	0.7670016	
0	0	1704	4362.8312141020415	1.0183936	-0.50127417	0.6709581	-0.7266629	0.5627981	-0.6929715	0.29873687	-0.48869553	0.1908837	-2.2715166	0.65364116	1.0064431	
0	0	1705	4365.391561058675	0.98619837	-0.52334154	0.67527556	-0.7265496	0.59945816	-0.64153636	0.25086564	-0.6081527	0.36734954	-2.1653993	0.58005035	1.1375889	
0	0	1706	4367.951908015306	0.97459805	-0.5773836	0.6763415	-0.7216467	0.60476685	-0.57661235	0.22454175	-0.74917185	0.59324044	-1.538432	0.49650866	1.1542184	
0	0	1707	4370.512254971939	1.001803	-0.6431469	0.6733704	-0.71800905	0.58659285	-0.54234886	0.21194017	-0.90850353	0.51134044	-0.804176	0.45157492	1.0856669	
0	0	1708	4373.072601928572	1.0784955	-0.6905397	0.66930914	-0.71984845	0.5700505	-0.55596673	0.21472967	-1.0663775	0.34059012	-0.44163874	0.43424806	1.0828828	
0	0	1709	4375.632948885204	1.1953053	-0.67815137	0.66817945	-0.7258368	0.5781494	-0.5959893	0.23065858	-1.1796783	0.22596678	-0.33446822	0.37107417	1.1695918	
0	0	1710	4378.193295841837	1.275563	-0.5865538	0.6714837	-0.7300017	0.6163881	-0.6122952	0.25290427	-1.2403886	0.16122536	-0.48324546	0.23921753	1.2364645	
0	0	1711	4380.7536427984705	1.234406	-0.48646232	0.6767941	-0.7268682	0.66245085	-0.56869215	0.28023812	-1.2653278	0.16299838	-0.81223685	0.0677841	0.5775517	
0	0	1712	4383.313989755102	1.1373461	-0.45679373	0.67949253	-0.7160304	0.6797519	-0.4827728	0.31826007	-1.2503372	0.23185813	-0.8768567	0.24409704	-1.008044	
0	0	1713	4385.874336711735	1.0688484	-0.4874933	0.67631507	-0.7026849	0.65723854	-0.40647447	0.36897594	-1.1581258	0.3217237	-0.5811899	0.58129877	-0.8635876	
0	0	1714	4388.434683668368	1.0475382	-0.53983593	0.6679741	-0.6939304	0.6167659	-0.37552738	0.4120336	-0.95900023	0.3473735	-0.061952427	0.91471297	-0.47395363	
0	0	1715	4390.995030625	1.0679094	-0.5831554	0.65846646	-0.69344914	0.58509296	-0.39095795	0.4111012	-0.6932926	0.26591864	0.45185763	0.947568	-0.020358222	
0	0	1716	4393.555377581633	1.115321	-0.59317076	0.65166366	-0.69949776	0.57584286	-0.42216596	0.3609976	-0.44092837	0.14702772	0.8049479	0.7290313	0.21256122	
0	0	1717	4396.1157245382665	1.1547638	-0.55806637	0.6488831	-0.70758563	0.57900196	-0.43033856	0.2844743	-0.2528244	0.037981242	0.69973624	0.52939564	0.1933609	
0	0	1718	4398.676071494898	1.1443336	-0.5023889	0.6492828	-0.71428925	0.5706163	-0.41717136	0.20142908	-0.18305841	0.07329959	-1.3780252	0.40187567	0.005311893	
0	0	1719	4401.236418451531	1.0933715	-0.46951672	0.65158767	-0.71860206	0.54452306	-0.4201688	0.13406184	-0.38028944	0.16968815	-1.3425081	0.3222291	-0.2813312	
0	0	1720	4403.796765408164	1.0418521	-0.4683087	0.6553654	-0.72047025	0.5156714	-0.46850818	0.123338275	-0.90421927	0.27117828	-1.2267281	0.2578486	-0.6822375	
0	0	1721	4406.357112364796	1.0051185	-0.48414257	0.6605327	-0.71874344	0.5058811	-0.56586635	0.16997068	-1.1892219	0.39650807	-1.1050206	0.23870614	-1.4516171	
0	0	1722	4408.917459321429	0.9817235	-0.50819457	0.665824	-0.7114037	0.538175	-0.6746825	0.22816397	-1.1925399	0.61173594	-0.93670684	0.46047544	-2.0492246	
0	0	1723	4411.477806278062	0.97257066	-0.5393412	0.66835445	-0.69832295	0.6190113	-0.71094656	0.27449688	-1.074665	1.1704917	-0.3122994	0.78072447	-2.022804	
0	0	1724	4414.038153234695	0.9854814	-0.5725727	0.66530246	-0.68335986	0.70035595	-0.62365603	0.28763285	-0.90084255	0.551655	0.881141	0.97186446	-1.9552591	
0	0	1725	4416.598500191327	1.0253819	-0.5904597	0.65658474	-0.6735826	0.7080299	-0.4802613	0.2499968	-0.8165018	0.21191049	0.58525145	1.1421537	-1.9926943	
0	0	1726	4419.15884714796	1.078216	-0.57379836	0.6462959	-0.6749769	0.649022	-0.38530916	0.2314452	-0.9811339	0.17893137	-0.012333418	1.5845876	-2.0806968	
0	0	1727	4421.719194104592	1.1125597	-0.52443004	0.6407964	-0.6867479	0.5789324	-0.37511706	0.25993496	-1.097676	0.20446444	-0.30610353	3.9358063	-1.2648487	
0	0	1728	4424.279541061225	1.1071522	-0.46775493	0.6439115	-0.6997916	0.5321383	-0.43652835	0.29215288	-1.1173763	0.2331635	-0.43401265	0.9213991	-0.6866232	
0	0	1729	4426.839888017858	1.0698882	-0.43283808	0.6534531	-0.703034	0.5234219	-0.5315021	0.3197069	-1.113143	0.26063287	-0.49325243	0.6123667	-1.1963032	
0	0	1730	4429.400234974491	1.0287566	-0.43588015	0.66236395	-0.6921889	0.5549491	-0.60242265	0.3505275	-1.103439	0.28891966	-0.50312513	0.582325	-1.4579525	
0	0	1731	4431.960581931123	1.0148004	-0.47223613	0.6637549	-0.67297524	0.6094206	-0.59734803	0.3933097	-1.0496954	0.3149564	-0.45300752	0.56172806	-1.4879668	
0	0	1732	4434.520928887756	1.0474454	-0.51379013	0.6561553	-0.6567932	0.6428173	-0.5136537	0.4200189	-0.89801925	0.32452357	-0.34721294	0.43184572	-1.342528	
0	0	1733	4437.081275844388	1.1203593	-0.52498454	0.6445673	-0.6523201	0.62159	-0.4230351	0.39042804	-0.7393236	0.30927858	-0.23663251	0.22431329	-1.3989424	
0	0	1734	4439.641622801021	1.2017049	-0.4906001	0.6361828	-0.6592349	0.5775704	-0.3976956	0.3336865	-0.65963936	0.2826998	-0.15779226	0.11665027	-2.0199978	
0	0	1735	4442.201969757653	1.2528112	-0.42189378	0.6348044	-0.6689142	0.55461	-0.42383814	0.27137324	-0.6671245	0.2563178	-0.0920467	0.10116864	-2.9232955	
0	0	1736	4444.7623167142865	1.2484761	-0.3452348	0.63844067	-0.67164934	0.55870384	-0.4464755	0.21318576	-0.8241062	0.22869603	-0.004943548	0.13062058	2.6233537	
0	0	1737	4447.322663670919	1.1921558	-0.29328856	0.6412259	-0.66431403	0.5735522	-0.43351722	0.1968665	-1.2123271	0.19269054	0.12277023	0.20278226	2.1140058	
0	0	1738	4449.883010627551	1.1203493	-0.2911306	0.63828003	-0.6522566	0.5786513	-0.38692182	0.25929168	-1.4843651	0.14364481	0.28942925	0.34714672	1.8024763	
0	0	1739	4452.443357584184	1.0774351	-0.33475438	0.6294951	-0.64429545	0.56121415	-0.33499226	0.3367134	-1.449927	0.08360641	0.4937927	0.6867589	1.6507723	
0	0	1740	4455.003704540817	1.0826892	-0.39221877	0.61897516	-0.6457926	0.5285704	-0.31533137	0.36826077	-1.3236824	0.018991452	0.9909305	2.8181038	1.7664292	
0	0	1741	4457.564051497449	1.1270756	-0.43010727	0.6113386	-0.65562993	0.5028635	-0.33981645	0.3573944	-1.2386668	0.051853534	-2.567861	1.3387215	-1.5905648	
0	0	1742	4460.124398454082	1.1833735	-0.43015647	0.60877234	-0.6682848	0.49677804	-0.38093087	0.3335467	-1.2459273	0.122929506	-2.2996209	0.4989465	-1.130905	
0	0	1743	4462.684745410716	1.2093408	-0.39665976	0.6104738	-0.6780911	0.50470245	-0.4078146	0.33489338	-1.3390802	0.19721887	-2.0481536	0.38293788	-0.44044042	
0	0	1744	4465.245092367347	1.1749338	-0.36679745	0.61396444	-0.6825754	0.5148414	-0.41611218	0.38795304	-1.3632857	0.25973868	-1.7380257	0.46311212	0.10234494	
0	0	1745	4467.80543932398	1.1112553	-0.38630053	0.6171122	-0.6826716	0.5216873	-0.42072362	0.4350867	-1.2000866	0.27856582	-1.4433364	0.5759483	0.48219573	
0	0	1746	4470.365786280613	1.0794942	-0.45605755	0.6191336	-0.6805021	0.529934	-0.4355333	0.41591525	-0.9956605	0.27772915	-1.2831026	0.6194411	0.8778815	
0	0	1747	4472.926133237245	1.108387	-0.5347683	0.6200772	-0.6774286	0.5503203	-0.45686138	0.3638848	-0.86038345	0.29813156	-1.1665579	0.49101192	1.4607046	
0	0	1748	4475.486480193878	1.190998	-0.575988	0.6199871	-0.67422664	0.5896281	-0.4590056	0.3127521	-0.7975207	0.33518162	-0.98088366	0.2581663	2.9162529	
0	0	1749	4478.0468271505115	1.2829223	-0.54937977	0.6189058	-0.67200184	0.6378592	-0.41177505	0.27241203	-0.79057	0.36623067	-0.7046059	0.54023373	-1.6812875	
0	0	1750	4480.607174107143	1.2982122	-0.4739502	0.6175086	-0.6721496	0.664807	-0.3159014	0.24394539	-0.83224887	0.36566514	-0.37511796	0.8487715	-1.0224553	
0	0	1751	4483.167521063776	1.2168779	-0.43066442	0.6172789	-0.674816	0.64896387	-0.21497248	0.23006481	-0.9316232	0.32638875	-0.06595763	0.94262266	-0.6074898	
0	0	1752	4485.727868020409	1.1337485	-0.4629787	0.61943793	-0.67778873	0.6040263	-0.15447342	0.24531344	-1.0758183	0.26640218	0.15963057	0.8860929	-0.2968898	
0	0	1753	4488.288214977041	1.1154608	-0.5349091	0.62364364	-0.6775934	0.55669546	-0.14908296	0.30934167	-1.1395062	0.2039896	0.2647264	0.7533014	-0.00831845	
0	0	1754	4490.848561933674	1.1702254	-0.58821803	0.62767327	-0.67227614	0.52486145	-0.18877031	0.40658242	-1.0153677	0.14841942	0.19456467	0.5803973	0.35697138	
0	0	1755	4493.408908890307	1.2676134	-0.5705198	0.62887293	-0.66347086	0.5159196	-0.24691121	0.4903263	-0.76741254	0.11274575	-0.17594449	0.39454573	1.008345	
0	0	1756	4495.969255846939	1.3054214	-0.46784094	0.62620294	-0.65588033	0.5256517	-0.29179567	0.53908503	-0.48485702	0.12609762	-0.7691255	0.33272463	2.3126922	
0	0	1757	4498.529602803572	1.1985682	-0.37415168	0.62147474	-0.6539565	0.5412781	-0.31097823	0.5574004	-0.19080985	0.19539267	-1.13783	0.4931137	-2.7775848	
0	0	1758	4501.089949760205	1.0604435	-0.38466525	0.61800945	-0.65814257	0.55312943	-0.31507164	0.54245436	0.13345282	0.31410828	-1.2970842	0.5614007	-2.0236423	
0	0	1759	4503.650296716837	0.9954636	-0.46647224	0.6179087	-0.6646172	0.56074786	-0.31865686	0.47118726	0.5077916	0.5342327	-1.3406436	0.46688074	-1.5474577	
0	0	1760	4506.21064367347	1.0101348	-0.54927695	0.62063354	-0.66866255	0.5694857	-0.32702762	0.32604071	0.90594035	1.1489855	-1.0041233	0.3146698	-1.3153809	
0	0	1761	4508.770990630103	1.0808648	-0.58263445	0.62386703	-0.668285	0.5844092	-0.33318248	0.14330927	1.2361218	0.8725728	0.06639819	0.1852839	-1.4276661	
0	0	1762	4511.331337586736	1.1586238	-0.54042953	0.6255435	-0.66486245	0.6038582	-0.32419446	0.027822772	-1.3060147	0.47563046	0.009982688	0.14559184	-2.0090005	
0	0	1763	4513.891684543368	1.1653099	-0.44994763	0.6250951	-0.66104895	0.61873335	-0.29718623	0.17926338	-1.3497522	0.381921	-0.21584293	0.19296946	-2.3882291	
0	0	1764	4516.4520315	1.0948122	-0.3917713	0.62309015	-0.65852386	0.6223178	-0.26414022	0.34886533	-1.1993876	0.34353998	-0.39384076	0.25466332	-2.4409602	
0	0	1765	4519.012378456633	1.0300078	-0.39501217	0.62002206	-0.6577163	0.6168314	-0.23862703	0.60984087	-0.9128474	0.30340618	-0.5742131	0.30565885	-2.3538892	
0	0	1766	4521.572725413266	1.0126495	-0.41538697	0.61596596	-0.6593758	0.609369	-0.22456892	0.80711037	-0.17859776	0.2629037	-0.94186825	0.33483416	-2.1661592	
0	0	1767	4524.133072369898	1.0210187	-0.40355113	0.6115744	-0.6653996	0.6046381	-0.21550453	0.48708156	0.3272348	0.38530463	-1.5390983	0.3124386	-1.8622015	
0	0	1768	4526.6934193265315	0.9990432	-0.35533985	0.60904205	-0.6769092	0.60090506	-0.20256515	0.28678805	0.25472754	0.81443	-1.3080184	0.18983343	-1.5318637	
0	0	1769	4529.253766283164	0.9216829	-0.3295273	0.61123794	-0.6914471	0.59174865	-0.184941	0.20222582	-0.110358864	0.84836453	-0.7186272	0.08206068	-2.5343976	
0	0	1770	4531.814113239796	0.8417794	-0.3799	0.61955386	-0.70246947	0.5721329	-0.17470397	0.18440735	-0.67287827	0.665049	-0.40206087	0.21114968	-2.8078356	
0	0	1771	4534.374460196429	0.8141569	-0.4886771	0.6319054	-0.70233023	0.5464384	-0.19521695	0.24708095	-1.2535719	0.49422878	-0.2029257	0.27397284	-2.4889255	
0	0	1772	4536.934807153062	0.8537729	-0.60011977	0.6422581	-0.68777764	0.5347439	-0.25777173	0.4639441	-1.5562937	0.3324922	-0.05893554	0.27327254	-2.2200527	
0	0	1773	4539.495154109694	0.95521826	-0.66352606	0.6438061	-0.66480076	0.5542059	-0.32364756	0.93332607	-1.2797397	0.18284138	-0.06763823	0.2516809	-2.0246382	
0	0	1774	4542.055501066327	1.0917647	-0.64366657	0.6352876	-0.6464585	0.5937938	-0.34886643	0.92534775	-0.6610797	0.10318488	-0.69203377	0.22951321	-1.8749988	
0	0	1775	4544.61584802296	1.1860186	-0.542399	0.6230404	-0.6423975	0.63492537	-0.33383495	0.6652508	-0.51330423	0.13897231	-1.1584	0.21356633	-1.7556777	
0	0	1776	4547.176194979592	1.16502	-0.4366698	0.61533535	-0.65065277	0.668893	-0.2904637	0.5097047	-0.59824187	0.15708134	-0.9886555	0.20717368	-1.6728531	
0	0	1777	4549.736541936225	1.0886053	-0.40741155	0.61565495	-0.66005486	0.68833154	-0.22164644	0.40852147	-0.8274964	0.11741275	-0.51222616	0.21561019	-1.6569157	
0	0	1778	4552.296888892858	1.0473615	-0.44400132	0.6207871	-0.65959007	0.6762226	-0.1335996	0.3736231	-1.2809407	0.06603232	0.92685556	0.2585302	-1.7724506	
0	0	1779	4554.85723584949	1.060255	-0.49123466	0.6234397	-0.64704597	0.61913306	-0.06968899	0.5761518	-1.7574344	0.15987918	2.4204547	0.47167093	-2.229169	
0	0	1780	4557.417582806123	1.1007153	-0.51358587	0.618153	-0.63077873	0.55053216	-0.093931586	1.1010505	-1.4942714	0.27484846	-3.1261146	0.48402655	1.7491596	
0	0	1781	4559.9779297627565	1.1324408	-0.5129503	0.606091	-0.6229175	0.51707536	-0.19135396	1.0278188	-0.9433799	0.29409185	-2.4545622	0.12282749	1.127023	
0	0	1782	4562.538276719388	1.139599	-0.51534086	0.59397155	-0.62960017	0.52386534	-0.29420274	0.7607549	-0.7463065	0.20216373	-1.785206	0.022362126	1.8093661	
0	0	1783	4565.098623676021	1.1395962	-0.5431124	0.5885361	-0.64632416	0.5588809	-0.36008406	0.56967485	-0.68883234	0.08576207	-0.7001906	0.09369384	-2.8288321	
0	0	1784	4567.658970632654	1.165909	-0.59410447	0.59188545	-0.66122025	0.6082884	-0.3664944	0.4102338	-0.7128936	0.122047365	1.0750353	0.21904525	-2.7448204	
0	0	1785	4570.219317589286	1.2427378	-0.6394834	0.6000966	-0.6635504	0.6444004	-0.3052244	0.28113505	-0.9637247	0.2226905	1.6662651	0.39877993	-2.6719725	
0	0	1786	4572.779664545919	1.3632374	-0.6396949	0.6054265	-0.65170276	0.6284991	-0.21331874	0.29065886	-1.471698	0.29403713	2.014637	0.7013318	-2.5404832	
0	0	1787	4575.340011502552	1.4707854	-0.5738578	0.60192215	-0.63502204	0.5628467	-0.1746936	0.39725634	-1.5433394	0.3206406	2.3307812	1.4749047	-2.2590973	
0	0	1788	4577.900358459184	1.4793744	-0.46524224	0.59034747	-0.62718254	0.49866986	-0.24339269	0.44552037	-1.3946261	0.29324526	2.7467334	4.5990024	-0.3810122	
0	0	1789	4580.460705415817	1.360333	-0.3750647	0.57749265	-0.6362931	0.47955924	-0.3911696	0.43522277	-1.2361225	0.22860809	-2.5555391	0.8892	0.9939822	
0	0	1790	4583.021052372449	1.1807067	-0.3611714	0.57092786	-0.65985924	0.51791483	-0.52045226	0.3960068	-1.1021636	0.40630823	-0.55396265	0.37496176	1.9508657	
0	0	1791	4585.581399329082	1.0311108	-0.44508296	0.5747375	-0.68704605	0.58926916	-0.54835945	0.34312564	-1.0146334	0.46096754	0.52407384	0.3967826	3.0869775	
0	0	1792	4588.141746285715	0.9679492	-0.59803087	0.58802086	-0.7049162	0.63978606	-0.48327863	0.30930936	-1.0427641	0.42285928	0.65799755	0.6208281	-2.4811158	
0	0	1793	4590.7020932423475	1.0021442	-0.7496929	0.6052811	-0.7050605	0.6351753	-0.40560216	0.34293684	-0.9619207	0.46863347	0.59151334	0.96575594	-1.7862895	
0	0	1794	4593.26244019898	1.1093082	-0.83936054	0.61860067	-0.6882399	0.5989618	-0.38549158	0.3343787	-0.69663644	0.55471087	0.59576553	1.1522945	-0.76518697	
0	0	1795	4595.822787155613	1.2462238	-0.84512115	0.6221477	-0.66402966	0.57415926	-0.43514365	0.2920579	-0.45583212	0.63493186	0.6990962	0.74738055	0.17617723	
0	0	1796	4598.383134112245	1.3493054	-0.7744606	0.61602485	-0.644862	0.59027326	-0.5158605	0.23798856	-0.25357997	0.67900455	0.91165435	0.4280312	0.7720912	
0	0	1797	4600.943481068878	1.3483076	-0.67006075	0.6055541	-0.63851815	0.656656	-0.5552104	0.17197722	-0.15192957	0.6551639	1.3070257	0.2627144	1.2503426	
0	0	1798	4603.503828025511	1.2520632	-0.6032212	0.597091	-0.64465153	0.7432994	-0.49220455	0.116067626	-0.497775	0.52347475	2.1477396	0.17395972	1.7199595	
0	0	1799	4606.064174982143	1.1535056	-0.6031119	0.5942881	-0.6564735	0.7756874	-0.3510099	0.17973782	-1.0569737	0.4819961	-2.414916	0.12137776	2.218271	
0	0	1800	4608.6245219387765	1.1030611	-0.6323042	0.5967979	-0.66568756	0.7289348	-0.23458412	0.3114106	-0.9436013	0.6972681	-1.1547801	0.07569892	2.69217	
0	0	1801	4611.184868895409	1.0839865	-0.65069145	0.6013501	-0.66748345	0.660335	-0.20290951	0.40990287	-0.6752395	0.8028761	-0.53426814	0.055586215	2.719677	
0	0	1802	4613.745215852041	1.0637665	-0.6536191	0.604101	-0.66230774	0.61784434	-0.24434395	0.45644447	-0.44585225	0.8154648	-0.14358616	0.04837184	3.0366158	
0	0	1803	4616.305562808674	1.0294509	-0.66503876	0.6026583	-0.6542253	0.62112546	-0.31160355	0.4645906	-0.296024	0.77218723	0.16754599	0.030927628	-2.8376338	
0	0	1804	4618.865909765307	1.0076737	-0.71212506	0.5967346	-0.6484531	0.6664412	-0.33623555	0.4525982	-0.23908329	0.6756137	0.45213538	0.009392608	-1.8285602	
0	0	1805	4621.426256721939	1.0528597	-0.77227	0.58798933	-0.64958173	0.7094925	-0.28434712	0.4461151	-0.27638716	0.5175055	0.70083857	0.026204	0.37870374	
0	0	1806	4623.9866036785725	1.1674149	-0.7623498	0.5796379	-0.66017574	0.70706046	-0.21404088	0.47007596	-0.35140425	0.3176909	0.7428191	0.0597375	0.92075497	
0	0	1807	4626.546950635205	1.2490132	-0.65387833	0.5755704	-0.6788611	0.68033785	-0.185744	0.5143022	-0.38043177	0.26191846	0.12434591	0.08657284	1.4516121	
0	0	1808	4629.107297591837	1.2017394	-0.5197851	0.57873595	-0.6993816	0.66231036	-0.1969727	0.5433925	-0.35640118	0.45161054	0.013229259	0.07234628	2.141015	
0	0	1809	4631.66764454847	1.0555503	-0.45234543	0.5894552	-0.7122517	0.66293764	-0.22111134	0.53835493	-0.31641316	0.59483755	0.3421975	0.021463854	-0.84036386	
0	0	1810	4634.227991505103	0.901769	-0.5065234	0.60423887	-0.7084597	0.6771104	-0.23627384	0.500667	-0.2907707	0.61377436	0.72009224	0.15646642	0.14669317	
0	0	1811	4636.788338461735	0.8183993	-0.70460355	0.61547095	-0.6840963	0.69241345	-0.23727061	0.44136903	-0.3042482	0.5496063	1.0696181	0.30195135	0.6574874	
0	0	1812	4639.348685418368	0.8915958	-1.0105335	0.61351776	-0.64553005	0.7013325	-0.23840444	0.37787423	-0.38744172	0.43962857	1.4231707	0.44689763	1.0743432	
0	0	1813	4641.909032375001	1.2935147	-1.2865396	0.59355485	-0.6115247	0.7121969	-0.25252897	0.33609793	-0.56093436	0.2833606	1.9342445	0.57655215	1.448719	
0	0	1814	4644.469379331633	2.7548862	-1.2836226	0.5626457	-0.6043727	0.7370685	-0.26978284	0.3413809	-0.7566951	0.15816918	-2.5558069	0.6583519	1.8071404	
0	0	1815	4647.029726288266	4.5077896	-0.029840799	0.5359166	-0.63250506	0.7761018	-0.27014098	0.3877351	-0.82468057	0.53708833	-0.90901995	0.6450314	2.1797652	
0	0	1816	4649.590073244898	1.9342228	0.40565178	0.5252528	-0.6825714	0.8185702	-0.24203809	0.42888564	-0.6935522	0.80553347	-0.05066609	0.4873204	2.6518054	
0	0	1817	4652.150420201531	1.2001965	0.29208037	0.5333808	-0.7287419	0.8485922	-0.18482913	0.38518724	-0.35989493	0.80426	0.43136507	0.20982613	-2.3295498	
0	0	1818	4654.710767158164	0.91676044	0.033276226	0.55416614	-0.74803865	0.84729016	-0.10796714	0.16650786	0.027478792	0.7408898	0.7088232	0.69064903	-0.24141012	
0	0	1819	4657.271114114797	0.84431934	-0.34132755	0.57438743	-0.7320904	0.80261475	-0.040179826	0.16423315	-1.8509927	0.6639898	0.9165924	1.5393451	0.77603835	
0	0	1820	4659.831461071429	1.0390449	-0.79634553	0.57933015	-0.6938367	0.7351149	-0.020387955	0.3619713	-1.5356379	0.56300205	1.1544521	1.6444662	1.6518339	
0	0	1821	4662.391808028062	2.1743152	-1.1784043	0.5650225	-0.6615901	0.67970854	-0.051006023	0.44450083	-1.1929631	0.39396447	1.6525046	1.3117784	2.196424	
0	0	1822	4664.952154984694	7.3564634	0.6126162	0.5425332	-0.6571138	0.6461731	-0.10879681	0.4567131	-0.8977116	0.27965987	-2.3894475	1.0167016	2.5364296	
0	0	1823	4667.512501941327	1.7652512	0.81063044	0.52635604	-0.6800018	0.63362986	-0.18113251	0.42396432	-0.63241684	0.57769203	-0.70170534	0.81195396	2.7635605	
0	0	1824	4670.07284889796	1.1158153	0.5216131	0.5239055	-0.7121808	0.6495101	-0.25900707	0.35362896	-0.39832768	0.51359266	-0.2331979	0.6977889	2.9160752	
0	0	1825	4672.6331958545925	0.9306654	0.1861475	0.53342354	-0.7315649	0.71163964	-0.30518377	0.249931	-0.27822617	0.37757936	-0.18141252	0.7130018	3.0872762	
0	0	1826	4675.193542811225	0.95101815	-0.1607927	0.5456382	-0.725923	0.8031473	-0.23356853	0.17353569	-0.6358201	0.24253915	-0.60076696	0.73324525	-2.6339862	
0	0	1827	4677.753889767858	1.2007136	-0.4426747	0.54913646	-0.7010141	0.7999144	-0.06331459	0.25333288	-1.008964	0.35946962	-1.6345639	0.45066532	-2.1725943	
0	0	1828	4680.31423672449	1.8282468	-0.49844727	0.5389636	-0.67620254	0.70453995	0.03230353	0.36322153	-0.8540186	1.1157607	-1.7353551	0.29180697	-2.0128758	
0	0	1829	4682.874583681123	2.4953864	-0.11070268	0.52019566	-0.67036206	0.61948055	0.031119209	0.4222105	-0.5964241	2.1301668	-0.6368718	0.20112148	-1.9066598	
0	0	1830	4685.434930637756	1.9659183	0.2607737	0.5032498	-0.69051474	0.5666128	-0.020912813	0.434887	-0.35391983	1.134526	-0.006456622	0.13086993	-1.8245599	
0	0	1831	4687.995277594388	1.4249264	0.25213933	0.49732268	-0.72798365	0.54405093	-0.09523226	0.41158846	-0.15027504	0.65681577	0.060122654	0.061757006	-1.8692603	
0	0	1832	4690.555624551021	1.1822801	0.06779703	0.50569963	-0.76207346	0.5523122	-0.16411814	0.3522598	-0.025611157	0.3947703	-0.12674621	0.04147729	2.3579664	
0	0	1833	4693.115971507654	1.1341043	-0.15936309	0.5235263	-0.77283615	0.584966	-0.18657425	0.28495592	-0.22657868	0.28333464	-0.7755941	0.21435809	2.0998583	
0	0	1834	4695.676318464286	1.2079138	-0.3518639	0.5400287	-0.75432134	0.6102774	-0.14667812	0.46787503	-0.4225429	0.49341452	-1.4727727	1.5043637	2.3989642	
0	0	1835	4698.236665420919	1.3574677	-0.4896784	0.5445791	-0.71691024	0.6027137	-0.09716066	0.54720557	-0.01657587	1.8248483	-1.0803771	0.44502404	-0.74862254	
0	0	1836	4700.797012377552	1.5838388	-0.5815126	0.5329656	-0.6808314	0.5815532	-0.084787264	0.48702005	0.19369239	0.5779963	0.46951646	0.10975957	0.0010632192	
0	0	1837	4703.357359334184	1.9668561	-0.6055712	0.510429	-0.6666389	0.57026976	-0.1022141	0.42050406	0.2582054	0.12761901	-0.28691465	0.12320052	1.9664388	
0	0	1838	4705.9177062908175	2.5416136	-0.41358286	0.48846158	-0.6838147	0.5729945	-0.121734135	0.3641041	0.21138495	0.23061848	-1.6605009	0.25726458	2.564418	
0	0	1839	4708.47805324745	2.2799783	-0.012993755	0.47724167	-0.724361	0.57857454	-0.12657791	0.32771477	0.040371437	0.42196497	-1.844159	0.38007987	2.9226131	
0	0	1840	4711.038400204082	1.6071335	0.03426356	0.4806184	-0.7684529	0.5728891	-0.13037519	0.33762607	-0.2544696	0.6410422	-1.870816	0.47577727	-3.0489147	
0	0	1841	4713.598747160715	1.3037275	-0.11587043	0.4961989	-0.79616404	0.5588632	-0.16495906	0.45188913	-0.5444501	0.9553783	-1.8292936	0.5168542	-2.7488906	
0	0	1842	4716.159094117348	1.1813473	-0.2999922	0.51681674	-0.79555154	0.55544466	-0.24036813	0.7738394	-0.5329252	1.5776825	-1.6337711	0.47315672	-2.559846	
0	0	1843	4718.71944107398	1.1478634	-0.4942812	0.5318725	-0.7671522	0.5778785	-0.33390468	0.970408	0.06985179	2.3632462	-0.75960755	0.44815072	-2.5782375	
0	0	1844	4721.279788030613	1.2043161	-0.6961087	0.5322078	-0.72642845	0.63119036	-0.4120092	0.60993785	0.33949128	1.0713719	-0.09535908	0.48346925	-2.6124082	
0	0	1845	4723.840134987245	1.4110917	-0.8626809	0.5177923	-0.6965497	0.7132209	-0.44518346	0.42013776	0.13579996	0.54704136	-0.27666196	0.5486231	-2.5940456	
0	0	1846	4726.400481943878	1.8054563	-0.8764478	0.49809524	-0.6926625	0.80850697	-0.40744665	0.37106326	-0.21297835	0.4133831	-0.6763664	0.6418807	-2.5016663	
0	0	1847	4728.960828900511	2.0673056	-0.68097234	0.48373204	-0.7130029	0.8640707	-0.2929758	0.39377847	-0.49236727	0.3930791	-0.9957749	0.73959047	-2.2229543	
0	0	1848	4731.521175857143	1.8618404	-0.50503457	0.4801053	-0.74262255	0.8185745	-0.17068951	0.42900935	-0.63601077	0.38005874	-1.245791	0.55264556	-1.706896	
0	0	1849	4734.081522813776	1.5541967	-0.49612644	0.48584503	-0.7638108	0.71587753	-0.1401653	0.42064202	-0.7115133	0.34356785	-1.6868489	0.22989672	-1.86423	
0	0	1850	4736.641869770409	1.3661366	-0.6140607	0.4944851	-0.7674279	0.6352394	-0.21096058	0.36530152	-0.9351995	1.0735122	3.1400576	0.20474558	-2.7265787	
0	0	1851	4739.202216727041	1.3474855	-0.7837862	0.4991747	-0.7578515	0.6016125	-0.33445916	0.41776207	-1.3923806	1.0211133	-0.36870015	0.2768443	-3.1135554	
0	0	1852	4741.762563683674	1.4920219	-0.8942093	0.4976225	-0.746824	0.61576486	-0.45763612	0.6657615	-1.5763624	0.6267191	-0.50733715	0.34412375	2.976187	
0	0	1853	4744.322910640307	1.6736639	-0.87754095	0.4927426	-0.74322957	0.6714716	-0.525141	1.0884314	-1.4475505	0.4931131	-0.5041566	0.39763388	2.8433225	
0	0	1854	4746.883257596939	1.7154475	-0.7926676	0.48903984	-0.7473201	0.73305416	-0.49526614	1.7336359	-0.9685877	0.40594447	-0.45708007	0.4188415	2.767604	
0	0	1855	4749.443604553572	1.6155161	-0.7415342	0.48860222	-0.752531	0.73542005	-0.40731853	1.7600093	-0.058407664	0.33889654	-0.40339446	0.34816045	2.7697463	
0	0	1856	4752.003951510205	1.5024071	-0.7646934	0.48978597	-0.7527966	0.6803312	-0.35902572	1.0067528	0.58020896	0.2873395	-0.37710264	0.12835276	2.6099453	
0	0	1857	4754.5642984668375	1.4802358	-0.8375267	0.48967594	-0.74867284	0.625034	-0.38225183	0.53904617	0.932367	0.25542128	-0.4175488	0.18267465	0.30698216	
0	0	1858	4757.12464542347	1.5937374	-0.88135403	0.48770332	-0.7452196	0.6014543	-0.44808358	0.2640789	1.2619263	0.25935328	-0.53425723	0.41683754	0.1447929	
0	0	1859	4759.684992380103	1.754078	-0.80989665	0.48597416	-0.7445673	0.61772305	-0.5060069	0.09168767	2.1541355	0.32910538	-0.61806417	0.59301746	0.12338882	
0	0	1860	4762.245339336735	1.7341186	-0.6634934	0.48610774	-0.7427909	0.6589656	-0.50264883	0.17720649	-2.4161344	0.49621055	-0.47890428	0.69196236	0.20253058	
0	0	1861	4764.805686293368	1.5470573	-0.5823089	0.4865754	-0.73436105	0.6837256	-0.43511462	0.45644212	-1.9717536	0.6978905	0.038837448	0.6720715	0.37361413	
0	0	1862	4767.366033250001	1.3885527	-0.6029164	0.48346704	-0.7195096	0.6731783	-0.35787418	1.2672119	-1.4202883	0.59312636	0.688432	0.5464017	0.6049419	
0	0	1863	4769.926380206633	1.3412901	-0.67413276	0.47440812	-0.7071099	0.64730906	-0.30063367	1.3197001	0.33267456	0.38411602	0.9374563	0.3920962	0.9767145	
0	0	1864	4772.486727163266	1.4073265	-0.72436583	0.46228945	-0.708322	0.6193345	-0.2550705	0.527445	0.71750325	0.29053602	0.8736767	0.35221633	1.8028983	
0	0	1865	4775.047074119899	1.5251987	-0.6960429	0.45386115	-0.7249794	0.5838263	-0.21683747	0.2989132	0.63745254	0.27754015	0.8076614	0.885886	2.6246603	
0	0	1866	4777.607421076531	1.5629133	-0.6058649	0.45360363	-0.7448352	0.5385407	-0.2181981	0.22231355	0.3279105	0.27833155	0.8780283	6.097111	-1.4429449	
0	0	1867	4780.167768033164	1.4907299	-0.5533403	0.45926654	-0.7518648	0.51372236	-0.2927992	0.23517285	-0.00918593	0.25869894	1.0386509	1.1103528	-0.5007756	
0	0	1868	4782.728114989797	1.4480176	-0.5816904	0.46358684	-0.74113667	0.54225266	-0.38809755	0.31891438	-0.1418794	0.21174029	1.2448329	0.59146506	-0.43741685	
0	0	1869	4785.288461946429	1.5378443	-0.6287954	0.46028653	-0.72281146	0.62593037	-0.4229389	0.478739	0.107706375	0.14006896	1.5060911	0.34642226	-0.45248365	
0	0	1870	4787.848808903062	1.7578591	-0.59495413	0.44954506	-0.71465045	0.7491382	-0.34767827	0.3925856	0.8105865	0.048168894	2.1814876	0.1535468	-0.56284875	
0	0	1871	4790.409155859694	1.915188	-0.42852867	0.43882588	-0.7282752	0.84574044	-0.1415733	0.20399766	0.76368314	0.11338496	-1.6870701	0.08001586	-2.994977	
0	0	1872	4792.969502816327	1.7572913	-0.25607836	0.43735448	-0.7560899	0.804535	0.0994907	0.16718543	0.4123474	0.356678	-0.997231	0.4306428	3.0730166	
0	0	1873	4795.52984977296	1.4956316	-0.24389902	0.44748437	-0.7733603	0.6792292	0.20998088	0.1629391	0.20276332	0.5104739	0.024438018	1.0943019	-2.6982388	
0	0	1874	4798.090196729592	1.3953836	-0.3725722	0.4612179	-0.7616169	0.5887453	0.17104553	0.14995188	0.028620664	0.3237124	0.679024	1.0179507	-1.8801287	
0	0	1875	4800.650543686225	1.5465558	-0.51255906	0.46703354	-0.7257072	0.56585544	0.055737153	0.13493082	-0.33322334	0.17830272	0.95515555	0.6312769	-1.7830312	
0	0	1876	4803.210890642858	1.9410603	-0.49471065	0.45943514	-0.68636805	0.6132627	-0.050326314	0.17799711	-0.8449512	0.07348497	1.205028	0.4816036	-2.1199923	
0	0	1877	4805.77123759949	2.1867101	-0.25183162	0.44195157	-0.6645867	0.7238019	-0.054340094	0.3047448	-0.9588621	0.037710756	-2.6227894	0.5562073	-2.5512173	
0	0	1878	4808.331584556123	1.8950115	-0.039088644	0.42362428	-0.67112386	0.8132905	0.10117211	0.4422793	-0.75975364	0.18124221	-2.046947	0.7988461	-2.6841514	
0	0	1879	4810.891931512756	1.5286329	-0.021548457	0.41372073	-0.70029175	0.7548772	0.2747959	0.5054666	-0.46569175	0.4271209	-1.4300987	0.9766669	-2.5571127	
0	0	1880	4813.452278469388	1.3075016	-0.13753536	0.41636974	-0.72999775	0.64589894	0.3025112	0.4724897	-0.19884063	0.41413745	-0.5780757	0.9226783	-2.4837754	
0	0	1881	4816.012625426021	1.2311069	-0.3222228	0.4271833	-0.73701984	0.5806122	0.22398281	0.37113667	-0.00390467	0.26803255	-0.32591838	0.83120894	-2.623348	
0	0	1882	4818.572972382654	1.3016366	-0.5149236	0.43621624	-0.71629894	0.5632101	0.115079015	0.21644846	0.0651236	0.19001265	-0.41958088	0.8521363	-2.8982272	
0	0	1883	4821.133319339286	1.5240958	-0.6300586	0.43582663	-0.6812941	0.58091563	0.031003669	0.09002591	-1.7470796	0.16146888	-0.75628453	1.0546075	3.1278992	
0	0	1884	4823.693666295919	1.7796851	-0.6008093	0.42502236	-0.65089285	0.6081123	0.008020667	0.92470133	-2.0780826	0.1981442	-1.2072583	1.5478227	3.0883813	
0	0	1885	4826.254013252552	1.8162181	-0.5114255	0.40830365	-0.6400453	0.606412	0.02398077	1.5244533	0.011677916	0.34942713	-1.4928104	1.832302	-2.654553	
0	0	1886	4828.814360209184	1.6898215	-0.5079895	0.39290452	-0.6553784	0.57521075	0.014917239	0.6636844	0.36957452	0.7982382	-1.516666	0.86826015	-2.3179798	
0	0	1887	4831.374707165817	1.605603	-0.60158706	0.38595256	-0.6908403	0.5418669	-0.039527178	0.40448472	0.43098998	2.652129	-0.89880586	0.36295968	-2.6719134	
0	0	1888	4833.93505412245	1.6503475	-0.73556364	0.39113998	-0.72706634	0.52122283	-0.13038869	0.2504448	0.3626806	2.2661061	0.5802703	0.20284857	2.6642108	
0	0	1889	4836.495401079082	1.853728	-0.83594954	0.4062396	-0.7415467	0.5245829	-0.24665172	0.14522761	-0.08156184	1.5465475	0.91426796	0.23253693	1.7434866	
0	0	1890	4839.055748035715	2.158141	-0.83386636	0.4234428	-0.72262096	0.57018155	-0.34995317	0.19722702	-1.0444807	1.5701891	1.1461174	0.31188506	1.2271435	
0	0	1891	4841.616094992348	2.363627	-0.7402279	0.43247873	-0.67573625	0.6538778	-0.3561891	0.49815413	-1.0379409	1.9564304	2.0484707	0.41326642	0.9026394	
0	0	1892	4844.17644194898	2.3767574	-0.639022	0.42641777	-0.6219868	0.70134395	-0.2546587	0.7102743	-0.2427547	0.391477	2.785706	0.55811137	0.72038215	
0	0	1893	4846.736788905613	2.2944436	-0.56507254	0.40741444	-0.5882639	0.67263454	-0.162015	0.47642645	0.27564213	0.21041942	1.4888535	0.77574384	0.7269333	
0	0	1894	4849.297135862246	2.1690083	-0.506649	0.385582	-0.5918736	0.6190817	-0.14557044	0.29392275	0.4214122	0.30005968	1.1454821	1.0179778	1.0228317	
0	0	1895	4851.857482818878	1.9913461	-0.46634305	0.37184462	-0.63032454	0.5844755	-0.19724171	0.16296232	0.32179117	0.3473909	1.0792291	0.99387145	1.5670389	
0	0	1896	4854.417829775511	1.787758	-0.47055662	0.37260106	-0.681943	0.58998567	-0.28014192	0.09673489	-0.62559295	0.36230135	1.057817	0.74396145	2.1182773	
0	0	1897	4856.978176732143	1.6287131	-0.5320301	0.38762015	-0.71641713	0.6457386	-0.3357962	0.23684695	-1.2790853	0.34547085	1.0191256	0.5816711	2.7697036	
0	0	1898	4859.538523688776	1.5588539	-0.62891525	0.40906033	-0.71190387	0.74036163	-0.29614943	0.44562075	-1.035212	0.31236893	0.82379514	0.65714747	-2.663668	
0	0	1899	4862.098870645409	1.5803263	-0.72619015	0.42381743	-0.67080295	0.79906076	-0.13259089	0.5377772	-0.6545597	0.378984	0.54310286	1.0177268	-1.8142822	
0	0	1900	4864.659217602041	1.6759673	-0.79661214	0.422905	-0.61887693	0.7270236	0.035089858	0.5243993	-0.42329925	0.4710733	0.5777336	1.320608	-0.9762252	
0	0	1901	4867.219564558674	1.8188521	-0.82727885	0.40898857	-0.5848326	0.6173534	0.03547412	0.5051521	-0.32485715	0.489218	0.67385215	1.1983255	-0.34491107	
0	0	1902	4869.779911515307	1.9783947	-0.8212235	0.3917728	-0.5820282	0.59003013	-0.078692004	0.52365756	-0.28016883	0.45035416	0.7755248	0.9624046	0.018126681	
0	0	1903	4872.340258471939	2.1390789	-0.7889291	0.3800778	-0.6063381	0.64075774	-0.145244	0.6297885	-0.11754267	0.34011114	0.9733501	0.7649193	0.2286385	
0	0	1904	4874.900605428572	2.3022366	-0.73296225	0.37834996	-0.64051974	0.7105155	-0.099227466	0.4717365	0.48228088	0.1618897	2.3285341	0.60716325	0.34997573	
0	0	1905	4877.460952385205	2.4524038	-0.6432283	0.3850162	-0.6636526	0.7276863	0.02684663	0.2806768	0.1697508	1.2141575	-2.0867465	0.48279956	0.38263178	
0	0	1906	4880.021299341837	2.5108938	-0.51358616	0.3936559	-0.66673946	0.65458137	0.13131371	0.28239116	-0.124280706	1.9456308	-0.5260555	0.42730775	0.2801466	
0	0	1907	4882.58164629847	2.3747377	-0.3781793	0.39873496	-0.65701574	0.54802257	0.08581985	0.30812854	-0.27933237	1.3238002	-0.0838988	0.56715244	0.3381581	
0	0	1908	4885.1419932551025	2.0981061	-0.30407786	0.3994349	-0.6453972	0.5138858	-0.13789447	0.34471822	-0.37523544	0.9888347	0.05930114	0.6477082	1.0425146	
0	0	1909	4887.702340211735	1.8384588	-0.31453058	0.3974386	-0.63671947	0.61105496	-0.34423876	0.3972881	-0.4222293	0.6936928	0.13740785	0.56367034	1.7439245	
0	0	1910	4890.262687168368	1.6601944	-0.3876831	0.39376897	-0.6309126	0.8153538	-0.34984455	0.4681251	-0.37034512	0.36272985	0.07273927	0.6228174	2.372467	
0	0	1911	4892.823034125001	1.564235	-0.5034181	0.3881273	-0.6290422	1.0167909	-0.12183797	0.45007363	-0.17974088	0.22713065	-1.2295866	0.9258572	2.9429235	
0	0	1912	4895.383381081633	1.55789	-0.6492794	0.3810228	-0.63641363	0.9644718	0.2210443	0.39235616	-0.3954805	0.59431744	-1.5222813	1.6768807	-2.6154077	
0	0	1913	4897.943728038266	1.6735384	-0.8009811	0.37577868	-0.6569471	0.70297974	0.37194586	0.48715955	-0.5737116	0.9200886	-1.1969671	1.8212659	-1.3880689	
0	0	1914	4900.504074994899	1.9526365	-0.9063661	0.3764379	-0.68442845	0.51862115	0.2035514	0.63555557	-0.5953337	1.0785862	-0.70102334	0.9584599	-0.7222276	
0	0	1915	4903.064421951531	2.3665593	-0.8987829	0.38404444	-0.70445406	0.49952397	-0.12929425	0.84003437	-0.51444143	0.99805856	-0.084517546	0.51119924	-0.47743836	
0	0	1916	4905.624768908164	2.649422	-0.7682478	0.39520067	-0.703606	0.61484045	-0.34663382	1.1152046	-0.30589834	0.7432583	0.54007185	0.2510049	-0.44548017	
0	0	1917	4908.185115864797	2.5333216	-0.6439143	0.4024356	-0.67870885	0.8163512	-0.3626217	1.3793736	0.09296237	0.5064042	1.0836265	0.11555711	-0.94302136	
0	0	1918	4910.745462821429	2.2702706	-0.64517075	0.39803034	-0.6443478	1.032071	-0.164169	1.3059618	0.64375764	0.34399888	1.5366955	0.09875507	-1.4451451	
0	0	1919	4913.305809778062	2.1548913	-0.74916744	0.3822327	-0.6295587	1.0227941	0.17418326	0.87651914	1.0885239	0.20932373	1.8355823	0.02934895	-1.87895	
0	0	1920	4915.866156734695	2.2765305	-0.8643037	0.3664234	-0.6543645	0.78605986	0.35188106	0.4654775	1.2253302	0.16350654	1.003792	0.09932979	2.285624	
0	0	1921	4918.426503691327	2.592295	-0.8928929	0.36330196	-0.7050869	0.611064	0.28179172	0.268242	0.7553508	0.4155115	1.4586717	0.23062047	2.2407362	
0	0	1922	4920.98685064796	2.8515983	-0.7925811	0.37564045	-0.7435031	0.55272156	0.10006439	0.33090708	0.29598567	0.4105171	1.972275	0.38287497	2.2421486	
0	0	1923	4923.547197604593	2.7212458	-0.65091825	0.39480102	-0.7411884	0.5774383	-0.063376516	0.41789383	0.31082472	0.37300608	2.2417295	0.600986	2.2467241	
0	0	1924	4926.107544561225	2.3430974	-0.60417175	0.40662017	-0.69978714	0.6589776	-0.14378771	0.44677085	0.4703385	0.34216976	2.4411063	1.0868926	2.2681255	
0	0	1925	4928.667891517858	2.0442746	-0.676285	0.40093923	-0.64687	0.7745304	-0.104326375	0.4111527	0.68470603	0.3173897	2.6408994	6.7128086	2.702245	
0	0	1926	4931.22823847449	1.9456044	-0.8089174	0.38011822	-0.6194916	0.84709054	0.066465154	0.30166432	0.9273647	0.30025822	2.9014697	0.96272624	-1.0886528	
0	0	1927	4933.788585431123	2.0420141	-0.918141	0.35807037	-0.6406369	0.7807704	0.25042298	0.114812486	0.9419315	0.3034251	-2.9477372	0.23430167	-1.1685615	
0	0	1928	4936.348932387756	2.2386827	-0.94035625	0.34933516	-0.6971159	0.6617079	0.3012837	0.17156348	-0.8415588	0.36633447	-1.9807527	0.090713896	2.8102417	
0	0	1929	4938.909279344388	2.3554142	-0.8817546	0.3571611	-0.7453793	0.5900422	0.24099013	0.41002804	-0.641567	0.21469662	-0.17374355	0.35869563	2.4440234	
0	0	1930	4941.469626301021	2.2936053	-0.8173951	0.37148187	-0.7550736	0.576867	0.15711647	0.6070595	-0.29082978	0.048164163	0.22350508	0.80702525	2.489184	
0	0	1931	4944.029973257654	2.1646235	-0.80626374	0.37920934	-0.7337353	0.60037476	0.12461631	0.7551816	0.119467445	0.091063745	-1.1002938	2.110863	2.8295717	
0	0	1932	4946.590320214286	2.1068525	-0.83551145	0.37499478	-0.709578	0.61442566	0.1650798	0.8104073	0.630418	0.20804659	-0.8751935	3.1595652	-1.8778874	
0	0	1933	4949.150667170919	2.1453035	-0.8495072	0.36346385	-0.7074299	0.5853143	0.2163044	0.69795734	1.2256702	0.31880444	-0.5109214	1.4399667	-1.2859018	
0	0	1934	4951.711014127552	2.1803257	-0.8129812	0.35406354	-0.7345088	0.5333243	0.21308266	0.48373315	1.83857	0.37527624	-0.15148589	0.91434234	-1.1028049	
0	0	1935	4954.271361084184	2.0995815	-0.7602153	0.35418925	-0.7759209	0.4880227	0.138649	0.31233037	2.5700178	0.3645841	0.11477145	0.6643233	-0.92734444	
0	0	1936	4956.831708040817	1.9384286	-0.75034916	0.36418307	-0.80573666	0.47033527	-0.0044712285	0.28875852	-2.720378	0.315829	0.24506417	0.5356228	-0.58753484	
0	0	1937	4959.39205499745	1.8005639	-0.79994845	0.37755775	-0.80920345	0.50823987	-0.17535686	0.47734103	-1.8947495	0.2596064	0.20075063	0.78397447	-0.0071651223	
0	0	1938	4961.952401954082	1.7434623	-0.88890725	0.38675407	-0.79229695	0.62050706	-0.2601351	0.9550487	-1.0658627	0.23537526	-0.078308985	1.6955138	-1.0040249	
0	0	1939	4964.512748910715	1.7806087	-0.9849336	0.38912472	-0.771004	0.76320094	-0.18797739	0.91915303	0.21508299	0.30475783	-0.37911394	0.71715665	-1.4085277	
0	0	1940	4967.073095867348	1.8977745	-1.0588523	0.38714442	-0.75598353	0.85051095	-0.019769058	0.43588012	0.7229732	0.45842668	-0.3364228	0.3778521	-1.3754578	
0	0	1941	4969.63344282398	2.060299	-1.0995351	0.38398528	-0.7477295	0.8522813	0.15698482	0.20814982	0.6974277	0.5784231	-0.045487575	0.13252047	-1.1286021	
0	0	1942	4972.193789780613	2.2432964	-1.1152592	0.38038203	-0.74272436	0.79135245	0.3015009	0.10958538	-0.051442776	0.5997577	0.26511773	0.16281994	1.2612315	
0	0	1943	4974.754136737246	2.457157	-1.1093097	0.3755131	-0.74143624	0.69402295	0.39283836	0.17981344	-0.99818903	0.5856289	0.53452593	0.5485836	1.4138402	
0	0	1944	4977.314483693878	2.6974554	-1.0632008	0.36989716	-0.7491573	0.58938366	0.39636305	0.37569872	-1.2835	0.5806346	0.8445632	1.3156544	1.2993004	
0	0	1945	4979.874830650511	2.8496454	-0.9623371	0.36685172	-0.7685077	0.52580565	0.2873759	0.90859735	-1.2884699	0.5605421	1.2936318	4.1093554	0.66580427	
0	0	1946	4982.4351776071435	2.7429423	-0.85138077	0.36984685	-0.79107153	0.5420434	0.16425566	1.6222279	0.11129779	0.47574437	1.85929	2.9279287	-1.1462879	
0	0	1947	4984.995524563776	2.4506078	-0.8185208	0.37841707	-0.8017416	0.59657806	0.16587397	0.5773362	0.17991334	0.3662289	2.4091568	1.3102676	-1.5965884	
0	0	1948	4987.555871520409	2.2184448	-0.8920801	0.3874635	-0.79195523	0.61168087	0.2681395	0.46800673	-0.36871547	0.2893257	2.8826015	0.7819895	-1.878537	
0	0	1949	4990.116218477042	2.180781	-1.0244226	0.39055976	-0.7665351	0.55922264	0.37418577	0.5616909	-0.7749997	0.24719234	-3.012076	0.52345425	-2.1520514	
0	0	1950	4992.676565433674	2.359418	-1.138959	0.38413462	-0.7417828	0.4671537	0.39256233	0.7395351	-1.0077962	0.22562328	-2.7037723	0.37658826	-2.385802	
0	0	1951	4995.236912390307	2.6962004	-1.170456	0.37116778	-0.7377054	0.39224443	0.24873613	1.012691	-1.1146839	0.2152416	-2.4528856	0.30000797	-2.4351532	
0	0	1952	4997.79725934694	2.992729	-1.0989207	0.36048964	-0.76253235	0.39549255	-0.0024523716	1.5136982	-1.0452553	0.21452388	-2.2236457	0.3544481	-2.262297	
0	0	1953	5000.357606303572	2.98477	-0.99025905	0.35961416	-0.80033296	0.48101518	-0.12699923	2.4122043	-0.4002773	0.2329219	-1.976514	0.5975669	-2.4055653	
0	0	1954	5002.917953260205	2.7428744	-0.9519962	0.3678166	-0.82397026	0.5787515	-0.055369955	1.1643347	0.704421	0.31247106	-1.7009636	0.81729525	-2.8303447	
0	0	1955	5005.478300216837	2.566129	-1.00716	0.377324	-0.82018304	0.6080423	0.114910275	0.25443783	0.9599146	0.7092419	-1.5703857	0.8725022	3.0950599	
0	0	1956	5008.03864717347	2.6001995	-1.0925	0.37964883	-0.7969083	0.5504414	0.2508384	0.17760897	-1.4455822	1.3375626	2.9782891	0.8470116	2.892718	
0	0	1957	5010.598994130103	2.8127775	-1.1316035	0.37122625	-0.7751913	0.46667907	0.25655133	0.42516157	-1.268131	0.49829966	2.6787605	0.7981022	2.8460038	
0	0	1958	5013.159341086735	3.0485744	-1.0942969	0.35602623	-0.77710277	0.42185485	0.13403818	0.5131637	-0.88912284	0.32000953	2.7540333	0.73804516	3.0185194	
0	0	1959	5015.719688043368	3.1281044	-1.0126963	0.34330967	-0.8112365	0.435615	-0.003967284	0.44509226	-0.52695864	0.19689284	2.874906	0.6626002	-2.623413	
0	0	1960	5018.280035000001	3.030709	-0.9454641	0.3410557	-0.86226386	0.48407653	-0.05839622	0.31549737	-0.24610418	0.07371665	2.1439865	0.5841223	-1.1649704	
0	0	1961	5020.840381956633	2.8890665	-0.9191061	0.34983033	-0.9003959	0.5314036	-0.027612904	0.17909378	-0.011474517	0.18509649	1.4086426	0.5218499	0.1075933	
0	0	1962	5023.400728913266	2.8000934	-0.9133696	0.36267006	-0.90697634	0.5513708	0.041835018	0.036433272	0.29139385	0.26816228	1.5421977	0.43049708	0.82341677	
0	0	1963	5025.961075869899	2.7366445	-0.8994806	0.37076622	-0.88576466	0.54215384	0.09035391	0.14005478	-2.6694095	0.31169495	1.6775888	0.33867344	1.602709	
0	0	1964	5028.521422826531	2.6262481	-0.88144267	0.36902624	-0.85343486	0.5348879	0.08440893	0.40759814	-2.1736782	0.33398533	1.8795658	0.40841332	2.7332885	
0	0	1965	5031.0817697831635	2.4666634	-0.88705283	0.35759553	-0.8283959	0.5610192	0.07070169	0.75840133	-1.2696229	0.27320158	2.4531658	0.7133426	-2.7131011	
0	0	1966	5033.642116739797	2.3218403	-0.9336492	0.34062135	-0.82567805	0.60794604	0.1168467	0.6926002	-0.11732843	0.10051658	-0.2058084	0.9889724	-2.1890206	
0	0	1967	5036.202463696429	2.2557254	-1.0129073	0.32483724	-0.8533136	0.6406567	0.22226767	0.4343882	0.79636765	0.29152972	0.5837686	1.0981427	-1.9132015	
0	0	1968	5038.762810653062	2.2910542	-1.0955955	0.3173387	-0.9043184	0.63947356	0.3519011	0.26635006	1.6820016	0.3736707	0.75801367	1.1306472	-1.8517017	
0	0	1969	5041.323157609695	2.3945644	-1.1550354	0.32144365	-0.9538599	0.60257214	0.47428906	0.18492319	2.6671367	0.44285685	0.8210144	1.1895626	-1.977846	
0	0	1970	5043.883504566327	2.5078611	-1.1904111	0.333611	-0.9757976	0.5369926	0.5564205	0.16775557	-2.645674	0.5359457	0.86882013	1.3793788	-2.3564446	
0	0	1971	5046.44385152296	2.6063712	-1.2203485	0.34575018	-0.96215636	0.4652934	0.5458228	0.19076891	-1.8331985	0.7077174	0.9945931	1.5919415	2.954945	
0	0	1972	5049.004198479593	2.7270572	-1.2580355	0.35005733	-0.923556	0.43441877	0.42924738	0.24952498	-1.1723478	1.0068072	1.5196482	0.7681386	1.7067248	
0	0	1973	5051.564545436225	2.940256	-1.2885638	0.34282514	-0.8809545	0.46080792	0.32398933	0.35600048	-0.5940857	0.5943276	2.4582968	0.27761555	0.99272907	
0	0	1974	5054.124892392858	3.2453456	-1.2676165	0.32660866	-0.857085	0.51182723	0.2922537	0.50796646	0.017780464	0.20227085	2.6051183	0.07826071	0.18764597	
0	0	1975	5056.685239349491	3.444599	-1.1758668	0.30881324	-0.86557424	0.56932503	0.30670738	0.5723529	0.7094498	0.056516208	1.8660308	0.077030644	-2.015101	
0	0	1976	5059.245586306123	3.3400989	-1.0711448	0.29695246	-0.9019837	0.6347821	0.35357398	0.44849673	1.1913137	0.09401206	0.2666752	0.17432904	-2.5531545	
0	0	1977	5061.805933262756	3.0325499	-1.02038	0.294281	-0.945629	0.7060997	0.44911695	0.30540666	1.2783798	0.22855312	-0.031223914	0.27939507	-2.7933187	
0	0	1978	5064.366280219388	2.7119203	-1.0425992	0.2987621	-0.97381186	0.7421059	0.6090137	0.22358774	0.87554884	0.667757	0.2299184	0.4248163	-2.9738202	
0	0	1979	5066.926627176021	2.4906535	-1.1306542	0.30476597	-0.9763637	0.68686014	0.74454415	0.3205505	0.10777174	0.62022007	1.8521124	0.82467914	3.040153	
0	0	1980	5069.486974132654	2.4377375	-1.2609857	0.3065102	-0.95969653	0.6187151	0.7414932	0.9409588	-0.20743866	0.27818775	2.1852458	0.9606629	0.77736884	
0	0	1981	5072.047321089286	2.6032865	-1.3861684	0.30164617	-0.9402311	0.6096428	0.6726588	3.5728717	1.2573863	0.17806791	2.3755744	0.12955925	0.4234266	
0	0	1982	5074.607668045919	3.001646	-1.4441375	0.2920955	-0.9325284	0.64348525	0.6299364	1.2246343	1.9504994	0.14293951	2.7207165	0.010334706	2.181977	
0	0	1983	5077.168015002552	3.532135	-1.3808024	0.28156373	-0.9427137	0.6882227	0.6368045	0.78582644	1.9347751	0.17145312	-2.9654193	0.03998559	-2.7162962	
0	0	1984	5079.7283619591835	3.8058214	-1.1970092	0.2733292	-0.96890503	0.7143922	0.6771254	0.5868488	1.8642983	0.38730487	-1.769778	0.06985463	-2.045726	
0	0	1985	5082.288708915817	3.4926882	-1.0128294	0.26944563	-1.0027893	0.7072552	0.7122885	0.43138334	1.7619265	0.19001454	-0.025809295	0.16558953	-1.7190783	
0	0	1986	5084.84905587245	2.9496253	-0.9427296	0.270079	-1.0318829	0.6798958	0.70321333	0.2596933	1.5176858	0.07578462	0.44834766	0.41728222	-1.8321997	
0	0	1987	5087.409402829082	2.535452	-0.98155075	0.27311894	-1.0452944	0.6647889	0.63551253	0.17020309	0.077236265	0.030477729	0.865013	1.2264785	-2.5187767	
0	0	1988	5089.969749785715	2.3199198	-1.0840764	0.27492222	-1.0400665	0.6993467	0.54213965	0.7363113	-0.5959653	0.013630814	2.2256477	1.4479518	2.1117814	
0	0	1989	5092.530096742348	2.2929294	-1.2082425	0.2719757	-1.0224373	0.799254	0.52043575	2.644037	0.027006779	0.027373334	-3.078146	0.9229051	1.3125027	
0	0	1990	5095.09044369898	2.443958	-1.3129377	0.26252884	-1.0061246	0.88322896	0.64648414	2.022641	1.2840343	0.04045002	-2.7224588	0.77224046	0.7494574	
0	0	1991	5097.650790655613	2.7458422	-1.3605113	0.24803965	-1.0101236	0.82403976	0.8270685	1.1173952	1.5735362	0.0341249	-1.4052274	0.7275227	0.18390234	
0	0	1992	5100.211137612246	3.113247	-1.3317868	0.23404868	-1.0495802	0.6622905	0.91788065	0.670581	1.6758753	0.13717726	2.8007157	0.6594281	-0.44309986	
0	0	1993	5102.771484568878	3.3912125	-1.2386216	0.22749777	-1.1171929	0.49298456	0.8439994	0.3448403	1.7060689	0.13535158	-3.072572	0.4771244	-1.120553	
0	0	1994	5105.331831525511	3.4344287	-1.1226801	0.23101705	-1.1801368	0.3877045	0.5180974	0.075686485	1.0342524	0.15419483	-2.8792872	0.22123443	-1.8559413	
0	0	1995	5107.892178482144	3.2382503	-1.0401055	0.24100971	-1.2075428	0.4300757	0.07634199	0.2627883	-0.66723	0.18523826	-2.652747	0.091684714	2.2420676	
0	0	1996	5110.452525438776	2.9647682	-1.0334238	0.25062406	-1.1902423	0.6015959	-0.10663559	0.53917694	-0.5278121	0.24476461	-2.2520328	0.2918006	1.2023385	
0	0	1997	5113.0128723954085	2.8056056	-1.098755	0.25259304	-1.1377821	0.8099741	-0.050243855	0.7264205	-0.22876906	0.4033671	-1.3322482	0.52123505	0.8521548	
0	0	1998	5115.573219352042	2.832328	-1.183972	0.24178317	-1.0752848	0.97258383	0.14648381	0.73536795	0.081036836	0.46114948	0.41121015	0.8164619	0.63032347	
0	0	1999	5118.133566308674	2.9790175	-1.2421701	0.21935454	-1.0425249	0.99338204	0.41867357	0.61223805	0.28310075	0.3570487	1.3901398	1.4485627	0.5524202	
0	0	2000	5120.693913265307	3.1327372	-1.2685354	0.19502571	-1.0795814	0.8235559	0.6515959	0.4679271	0.3251738	0.3437061	1.8549231	3.150192	2.218971	
0	0	2001	5123.25426022194	3.2227292	-1.2885827	0.18183005	-1.1854575	0.5947172	0.6527139	0.3629558	0.19707748	0.34780404	2.1586978	0.23731962	-3.0449038	
0	0	2002	5125.814607178572	3.2798593	-1.3318093	0.18499972	-1.2916825	0.5141959	0.3707844	0.3202433	-0.065798275	0.32418004	2.3836873	0.19787572	-0.97259575	
0	0	2003	5128.3749541352045	3.427719	-1.4016999	0.19729473	-1.3319906	0.6087423	0.17221835	0.34574875	-0.33476466	0.26116714	2.4045339	0.2826575	-1.0180316	
0	0	2004	5130.935301091838	3.7933667	-1.4557155	0.20670933	-1.3038604	0.7595676	0.19566458	0.43553364	-0.47464573	0.24348624	2.035158	0.24642234	-1.4044002	
0	0	2005	5133.49564804847	4.331495	-1.4217657	0.20488915	-1.2438082	0.88371724	0.35948792	0.58258307	-0.40512335	0.36641943	1.6999947	0.22702041	-2.472327	
0	0	2006	5136.055995005103	4.5679975	-1.2765583	0.19099097	-1.1994119	0.91343594	0.59348345	0.6868521	-0.0689432	0.6884245	1.729386	0.55035806	3.0000641	
0	0	2007	5138.616341961736	4.0881863	-1.1437119	0.1721269	-1.2150207	0.8235107	0.8024876	0.5621806	0.30145514	1.173003	2.5099554	1.2906584	2.8677623	
0	0	2008	5141.176688918368	3.3977242	-1.1457787	0.15964852	-1.3033226	0.69152015	0.8869192	0.3801837	0.41427314	0.5939406	-3.0389001	2.7260876	3.1344647	
0	0	2009	5143.737035875001	2.9457326	-1.2661655	0.16082264	-1.410287	0.62169707	0.8357394	0.25141928	0.28298768	0.26999187	-3.053466	3.8595915	-2.295662	
0	0	2010	5146.297382831633	2.7969162	-1.4397067	0.17181827	-1.4617133	0.65813476	0.779828	0.17034876	-0.21068679	0.11819221	2.8701208	2.2970948	-1.6400019	
0	0	2011	5148.857729788266	2.9272697	-1.6073025	0.1826495	-1.443259	0.7575222	0.8799233	0.23523414	-1.2122984	0.04873278	1.564722	1.2222579	-1.5106399	
0	0	2012	5151.418076744899	3.3378038	-1.7189673	0.18567027	-1.3843168	0.7752535	1.1438503	0.9676587	-1.4951625	0.10727526	0.1803633	0.7169032	-1.6711237	
0	0	2013	5153.978423701531	4.022816	-1.7182581	0.17861134	-1.3221478	0.6358123	1.3687273	1.4474951	0.42438284	0.22787614	-0.31137025	0.5118646	-1.9987317	
0	0	2014	5156.538770658164	4.6362987	-1.5515274	0.16406192	-1.2908107	0.4787536	1.3851248	0.6769308	0.6477883	0.46318445	-0.58888084	0.4497398	-2.3047385	
0	0	2015	5159.099117614797	4.34461	-1.3199638	0.14796075	-1.3168918	0.39794362	1.2048649	0.4802957	0.66879475	1.3008353	-0.37275776	0.4248615	-2.4880748	
0	0	2016	5161.6594645714285	3.5254154	-1.2418258	0.1372387	-1.4049696	0.4057486	0.97088116	0.37512007	0.6836758	0.71640277	0.9352097	0.37252107	-2.5456564	
0	0	2017	5164.219811528062	2.9618862	-1.3265936	0.13668558	-1.5180283	0.47937512	0.8386954	0.28784788	0.71337974	0.2894936	0.43158817	0.16540626	-2.4329298	
0	0	2018	5166.780158484695	2.7661378	-1.4929174	0.14587271	-1.5932338	0.5797197	0.8462719	0.1779891	0.78633857	0.28133044	-0.31925192	0.80977535	1.9201517	
0	0	2019	5169.340505441327	2.9249406	-1.6753794	0.1588182	-1.5922326	0.65281445	0.9521447	0.07594133	-2.9144492	0.37331367	-0.6749238	1.0029228	2.8252318	
0	0	2020	5171.90085239796	3.555741	-1.8077147	0.16639759	-1.5220673	0.6555196	1.0663053	3.056965	2.9910767	0.48908547	-0.8067619	1.0687586	3.0511827	
0	0	2021	5174.461199354593	4.949262	-1.7472775	0.16121261	-1.4243188	0.61020535	1.098109	0.9344855	1.0248787	0.6350031	-0.81852615	1.4591362	-3.060719	
0	0	2022	5177.0215463112245	5.7019854	-1.2960241	0.14337915	-1.3598212	0.57536185	1.0201254	0.6417203	1.0547832	0.88152057	-0.6969526	4.925912	-2.630055	
0	0	2023	5179.581893267858	3.9284024	-1.0245305	0.12127702	-1.3921875	0.59486675	0.8772113	0.55415964	1.1482664	1.652208	-0.047638588	1.9218192	0.34412035	
0	0	2024	5182.142240224491	2.7868123	-1.1353964	0.10741777	-1.5546633	0.69099087	0.76214844	0.5183904	1.2841145	0.52542824	2.1392002	0.87787104	0.7358932	
0	0	2025	5184.702587181123	2.3214695	-1.388342	0.11159753	-1.7576857	0.8573634	0.7671532	0.4877428	1.472193	0.21805185	-2.102229	0.71852213	0.98530906	
0	0	2026	5187.262934137756	2.2050836	-1.6863339	0.12977965	-1.844773	1.0014373	0.93593127	0.42456314	1.6310917	0.36073193	-1.4975525	0.72860175	1.1226903	
0	0	2027	5189.823281094389	2.3380914	-1.9985555	0.14733261	-1.7997768	0.9437588	1.1578902	0.38813418	1.6531612	0.46908578	-1.2911519	0.800488	1.1993176	
0	0	2028	5192.383628051021	2.794504	-2.3078578	0.15290207	-1.6953069	0.75271845	1.2113969	0.4008899	1.6757995	0.5817309	-1.1440412	0.88872707	1.2568486	
0	0	2029	5194.9439750076535	3.9519482	-2.5557132	0.14506277	-1.601683	0.626745	1.0433307	0.4334839	1.7469954	0.7921295	-0.94425774	0.93010795	1.3164549	
0	0	2030	5197.504321964287	6.5959287	-2.5053847	0.12973182	-1.5656881	0.6337889	0.78801566	0.47496346	1.8589976	1.2633908	-0.0135832615	0.8265467	1.3833228	
0	0	2031	5200.064668920919	7.240169	-2.0575607	0.11484677	-1.6124694	0.75601286	0.62927634	0.5207092	2.018957	0.30933523	0.70469433	0.5250671	1.5170883	
0	0	2032	5202.625015877552	5.5968533	-2.0074518	0.1072569	-1.728583	0.9338115	0.6349507	0.561015	2.2629945	0.17891824	0.015485474	0.23253682	2.38064	
0	0	2033	5205.185362834185	5.0647645	-2.192696	0.10898673	-1.8471062	1.060993	0.77786016	0.55888236	2.700138	0.18372071	-0.22932994	0.4055136	-2.9357247	
0	0	2034	5207.745709790817	5.43691	-2.4167843	0.11582432	-1.9137154	1.0327933	0.950266	0.38720983	-2.5733957	0.17225136	-0.23353322	0.5977842	-2.8609211	
0	0	2035	5210.3060567474495	7.07155	-2.5854955	0.12284765	-1.9323606	0.9085001	1.0287803	0.3206642	-0.17233792	0.13146009	-0.095206454	0.69595754	-2.928619	
0	0	2036	5212.866403704082	11.665164	-2.4138556	0.12803786	-1.9227272	0.81282514	1.00093	0.54334396	0.85512143	0.10843678	0.9607662	0.7354058	-3.0456278	
0	0	2037	5215.426750660715	10.230697	-1.6506531	0.13044894	-1.8947885	0.78337145	0.9413757	0.6460785	1.2402071	0.28280556	0.82967883	0.74236125	3.068856	
0	0	2038	5217.987097617348	5.830685	-1.5874443	0.1284697	-1.8590902	0.79530686	0.91685426	0.6793782	1.4231074	0.26068908	0.6224594	0.7228386	2.8115838	
0	0	2039	5220.54744457398	4.3903484	-1.7765224	0.12134495	-1.8439392	0.8100966	0.9447416	0.6774037	1.4770892	0.23397985	0.6786433	0.64216846	2.3812444	
0	0	2040	5223.107791530613	3.91975	-1.9656135	0.1127306	-1.8901187	0.79648215	1.0068269	0.68605095	1.3911473	0.2219655	0.80012953	0.36955804	1.6565306	
0	0	2041	5225.668138487245	3.8055456	-2.1104772	0.11057151	-1.9993843	0.7436469	1.060574	0.8436407	1.2196639	0.22232722	0.9258013	0.08992426	-2.0134592	
0	0	2042	5228.228485443878	3.8462465	-2.2130048	0.11936417	-2.09253	0.67983276	1.0577873	1.2466288	1.3406594	0.23412499	1.0213338	0.4918233	-2.7256424	
0	0	2043	5230.788832400511	3.9770281	-2.2860613	0.13437295	-2.0947468	0.6493636	1.0067755	1.3364236	1.7074472	0.2595444	1.0528557	0.95150495	-2.9923363	
0	0	2044	5233.349179357144	4.2187915	-2.3386228	0.14532156	-2.007265	0.6569718	0.96461993	1.1388227	1.9252393	0.31194013	0.90178984	1.5923524	-2.9396381	
0	0	2045	5235.909526313776	4.6404095	-2.360377	0.1431323	-1.88103	0.6831623	0.956136	0.9223836	2.0415778	0.128461	0.18702815	2.1021204	-2.629464	
0	0	2046	5238.469873270409	5.251821	-2.3226068	0.1266644	-1.7927325	0.7158507	0.97959316	0.6873124	2.1332216	0.16763747	1.2472006	2.1261504	-2.329693	
0	0	2047	5241.030220227042	5.8805394	-2.205025	0.10548635	-1.8302022	0.7468842	1.0341707	0.39165488	2.1845279	0.20565158	1.1966995	2.0023482	-2.1488218	
